InvoiceNumber,CreatedTime,StoreID,PosID,CustomerType,CustomerCardNo,PaymentMethod,DeliveryType,City,State,PinCode,ItemCode,ItemDescription,ItemPrice,ItemQty,TotalValue
51402977,1595688900348,STR7188,POS956,PRIME,4629185211,CARD,TAKEAWAY,,,,458,Wine glass,1644.0,2,3288.0
51402977,1595688900348,STR7188,POS956,PRIME,4629185211,CARD,TAKEAWAY,,,,283,Portable Lamps,2236.0,1,2236.0
51402977,1595688900348,STR7188,POS956,PRIME,4629185211,CARD,TAKEAWAY,,,,498,Carving knifes,1424.0,2,2848.0
51402977,1595688900348,STR7188,POS956,PRIME,4629185211,CARD,TAKEAWAY,,,,523,Oil-lamp clock,1371.0,2,2742.0
91372973,1595688901219,STR8513,POS163,PRIME,2762345282,CARD,HOME-DELIVERY,Shivapuri,Madhya Pradesh,,413,Slipcover,1896.0,1,1896.0
91372973,1595688901219,STR8513,POS163,PRIME,2762345282,CARD,HOME-DELIVERY,Shivapuri,Madhya Pradesh,,483,Teacups and saucers,1781.0,1,1781.0
91372973,1595688901219,STR8513,POS163,PRIME,2762345282,CARD,HOME-DELIVERY,Shivapuri,Madhya Pradesh,,583,Tab Top Curtains,1329.0,1,1329.0
91372973,1595688901219,STR8513,POS163,PRIME,2762345282,CARD,HOME-DELIVERY,Shivapuri,Madhya Pradesh,,558,Balloon clock,1633.0,2,3266.0
93647513,1595688902254,STR8513,POS881,NONPRIME,2599848717,CARD,TAKEAWAY,,,,258,Closet,1687.0,2,3374.0
8320594,1595688902254,STR7188,POS825,PRIME,7051101351,CASH,HOME-DELIVERY,Dehri,Bihar,,288,Hutch,1812.0,2,3624.0
8320594,1595688902254,STR7188,POS825,PRIME,7051101351,CASH,HOME-DELIVERY,Dehri,Bihar,,558,Balloon clock,1633.0,1,1633.0
8320594,1595688902254,STR7188,POS825,PRIME,7051101351,CASH,HOME-DELIVERY,Dehri,Bihar,,658,Chinois,567.0,1,567.0
4888607,1595688903258,STR2629,POS172,NONPRIME,7829975914,CASH,HOME-DELIVERY,Ratlam,Madhya Pradesh,,208,Canopy bed,508.0,1,508.0
4888607,1595688903258,STR2629,POS172,NONPRIME,7829975914,CASH,HOME-DELIVERY,Ratlam,Madhya Pradesh,,408,Confidante,1242.0,1,1242.0
99794761,1595688903258,STR6347,POS333,NONPRIME,9740604930,CARD,HOME-DELIVERY,Champdani,West Bengal,,353,Recliner,1585.0,2,3170.0
99794761,1595688903258,STR6347,POS333,NONPRIME,9740604930,CARD,HOME-DELIVERY,Champdani,West Bengal,,488,Bread knife,1077.0,2,2154.0
99794761,1595688903258,STR6347,POS333,NONPRIME,9740604930,CARD,HOME-DELIVERY,Champdani,West Bengal,,408,Confidante,1242.0,1,1242.0
89101510,1595688904763,STR6347,POS994,PRIME,6296964163,CASH,TAKEAWAY,,,,493,Boning knife,513.0,1,513.0
89101510,1595688904763,STR6347,POS994,PRIME,6296964163,CASH,TAKEAWAY,,,,468,Lunch box,1467.0,1,1467.0
89101510,1595688904763,STR6347,POS994,PRIME,6296964163,CASH,TAKEAWAY,,,,348,Navy chair,1998.0,1,1998.0
89101510,1595688904763,STR6347,POS994,PRIME,6296964163,CASH,TAKEAWAY,,,,238,Dining table,1582.0,1,1582.0
26723058,1595689028262,STR7188,POS664,PRIME,9316477281,CARD,HOME-DELIVERY,Chennai,Tamil Nadu,,653,Browning tray,375.0,1,375.0
26723058,1595689028262,STR7188,POS664,PRIME,9316477281,CARD,HOME-DELIVERY,Chennai,Tamil Nadu,,568,Pinch Pleated Curtains,1718.0,2,3436.0
26723058,1595689028262,STR7188,POS664,PRIME,9316477281,CARD,HOME-DELIVERY,Chennai,Tamil Nadu,,498,Carving knifes,1424.0,1,1424.0
96837834,1595689029002,STR6162,POS835,NONPRIME,5611417583,CARD,TAKEAWAY,,,,213,Infant bed,1755.0,1,1755.0
96837834,1595689029002,STR6162,POS835,NONPRIME,5611417583,CARD,TAKEAWAY,,,,528,Projection clock,2365.0,2,4730.0
96837834,1595689029002,STR6162,POS835,NONPRIME,5611417583,CARD,TAKEAWAY,,,,288,Hutch,1812.0,2,3624.0
96837834,1595689029002,STR6162,POS835,NONPRIME,5611417583,CARD,TAKEAWAY,,,,203,Bunk bed,1686.0,2,3372.0
78302645,1595689029506,STR8513,POS155,NONPRIME,2389018842,CASH,HOME-DELIVERY,South Dum Dum,West Bengal,,533,Rolling ball clock,1651.0,2,3302.0
78302645,1595689029506,STR8513,POS155,NONPRIME,2389018842,CASH,HOME-DELIVERY,South Dum Dum,West Bengal,,538,Grandmother clock,1301.0,1,1301.0
78302645,1595689029506,STR8513,POS155,NONPRIME,2389018842,CASH,HOME-DELIVERY,South Dum Dum,West Bengal,,278,Dining set,1940.0,1,1940.0
25760951,1595689029506,STR6347,POS994,PRIME,6296964163,CASH,TAKEAWAY,,,,418,Wing chair,1431.0,2,2862.0
25760951,1595689029506,STR6347,POS994,PRIME,6296964163,CASH,TAKEAWAY,,,,438,Lead glass,2069.0,2,4138.0
25760951,1595689029506,STR6347,POS994,PRIME,6296964163,CASH,TAKEAWAY,,,,613,Goblet Pleat Drapes,1583.0,2,3166.0
25760951,1595689029506,STR6347,POS994,PRIME,6296964163,CASH,TAKEAWAY,,,,623,Box Pleat Drapes,1683.0,1,1683.0
27080561,1595689030008,STR6347,POS622,PRIME,5697125813,CARD,HOME-DELIVERY,Shahjahanpur,Uttar Pradesh,,593,Hanging curtains,1896.0,2,3792.0
27080561,1595689030008,STR6347,POS622,PRIME,5697125813,CARD,HOME-DELIVERY,Shahjahanpur,Uttar Pradesh,,423,Quilt,1485.0,1,1485.0
27080561,1595689030008,STR6347,POS622,PRIME,5697125813,CARD,HOME-DELIVERY,Shahjahanpur,Uttar Pradesh,,318,Bofinger chair,1119.0,1,1119.0
27080561,1595689030008,STR6347,POS622,PRIME,5697125813,CARD,HOME-DELIVERY,Shahjahanpur,Uttar Pradesh,,548,Cartel clock,1500.0,2,3000.0
73534322,1595689030510,STR8513,POS311,NONPRIME,8111613552,CASH,TAKEAWAY,,,,603,Sheer Curtains,1282.0,1,1282.0
73534322,1595689030510,STR8513,POS311,NONPRIME,8111613552,CASH,TAKEAWAY,,,,238,Dining table,1582.0,1,1582.0
35248462,1595689030510,STR2629,POS285,NONPRIME,6419885098,CASH,TAKEAWAY,,,,493,Boning knife,513.0,2,1026.0
46236052,1595689032038,STR6347,POS333,NONPRIME,9740604930,CARD,HOME-DELIVERY,Tambaram,Tamil Nadu,,673,Dough scraper,980.0,1,980.0
46236052,1595689032038,STR6347,POS333,NONPRIME,9740604930,CARD,HOME-DELIVERY,Tambaram,Tamil Nadu,,563,Chiming clock,2168.0,2,4336.0
80817333,1595689032518,STR2629,POS253,NONPRIME,2461788838,CARD,HOME-DELIVERY,Nellore,Andhra Pradesh,,413,Slipcover,1896.0,2,3792.0
80817333,1595689032518,STR2629,POS253,NONPRIME,2461788838,CARD,HOME-DELIVERY,Nellore,Andhra Pradesh,,638,Baster,1214.0,2,2428.0
80817333,1595689032518,STR2629,POS253,NONPRIME,2461788838,CARD,HOME-DELIVERY,Nellore,Andhra Pradesh,,653,Browning tray,375.0,1,375.0
5724470,1595689033043,STR1955,POS837,NONPRIME,7136581152,CASH,HOME-DELIVERY,Bellary,Karnataka,,328,Dining chair,1223.0,2,2446.0
5724470,1595689033043,STR1955,POS837,NONPRIME,7136581152,CASH,HOME-DELIVERY,Bellary,Karnataka,,288,Hutch,1812.0,1,1812.0
60235848,1595689033043,STR2629,POS253,NONPRIME,2461788838,CARD,HOME-DELIVERY,Sitapur,Uttar Pradesh,,218,Sofa bed,895.0,1,895.0
60235848,1595689033043,STR2629,POS253,NONPRIME,2461788838,CARD,HOME-DELIVERY,Sitapur,Uttar Pradesh,,688,Ladle,570.0,1,570.0
60235848,1595689033043,STR2629,POS253,NONPRIME,2461788838,CARD,HOME-DELIVERY,Sitapur,Uttar Pradesh,,673,Dough scraper,980.0,1,980.0
69410935,1595689033544,STR1955,POS992,NONPRIME,1482417862,CASH,TAKEAWAY,,,,483,Teacups and saucers,1781.0,1,1781.0
69410935,1595689033544,STR1955,POS992,NONPRIME,1482417862,CASH,TAKEAWAY,,,,543,Lighthouse clock,636.0,1,636.0
69410935,1595689033544,STR1955,POS992,NONPRIME,1482417862,CASH,TAKEAWAY,,,,543,Lighthouse clock,636.0,1,636.0
93118271,1595689034047,STR2629,POS285,NONPRIME,6419885098,CASH,TAKEAWAY,,,,568,Pinch Pleated Curtains,1718.0,2,3436.0
93118271,1595689034047,STR2629,POS285,NONPRIME,6419885098,CASH,TAKEAWAY,,,,588,Sheer Curtains,801.0,2,1602.0
93118271,1595689034047,STR2629,POS285,NONPRIME,6419885098,CASH,TAKEAWAY,,,,353,Recliner,1585.0,2,3170.0
38040633,1595689034548,STR6162,POS835,NONPRIME,5611417583,CARD,TAKEAWAY,,,,348,Navy chair,1998.0,1,1998.0
38040633,1595689034548,STR6162,POS835,NONPRIME,5611417583,CARD,TAKEAWAY,,,,688,Ladle,570.0,2,1140.0
38040633,1595689034548,STR6162,POS835,NONPRIME,5611417583,CARD,TAKEAWAY,,,,673,Dough scraper,980.0,1,980.0
38040633,1595689034548,STR6162,POS835,NONPRIME,5611417583,CARD,TAKEAWAY,,,,243,Folding table,738.0,1,738.0
14327130,1595689035049,STR5494,POS353,NONPRIME,8189067868,CASH,TAKEAWAY,,,,348,Navy chair,1998.0,1,1998.0
14327130,1595689035049,STR5494,POS353,NONPRIME,8189067868,CASH,TAKEAWAY,,,,273,Bedroom set,842.0,2,1684.0
14327130,1595689035049,STR5494,POS353,NONPRIME,8189067868,CASH,TAKEAWAY,,,,403,Adjustable Air Mattress,1417.0,1,1417.0
4188358,1595689035049,STR5494,POS384,NONPRIME,6048272250,CARD,HOME-DELIVERY,Chapra,Bihar,,263,Kitchen cabinet,1050.0,2,2100.0
4188358,1595689035049,STR5494,POS384,NONPRIME,6048272250,CARD,HOME-DELIVERY,Chapra,Bihar,,423,Quilt,1485.0,2,2970.0
4188358,1595689035049,STR5494,POS384,NONPRIME,6048272250,CARD,HOME-DELIVERY,Chapra,Bihar,,588,Sheer Curtains,801.0,2,1602.0
2584449,1595689036052,STR5494,POS121,PRIME,9509332022,CARD,TAKEAWAY,,,,333,Gaming chair,1902.0,2,3804.0
80637990,1595689036554,STR1955,POS324,NONPRIME,3916555911,CASH,HOME-DELIVERY,Tiruvottiyur,Tamil Nadu,,278,Dining set,1940.0,2,3880.0
13695521,1595689037056,STR5494,POS759,NONPRIME,4937932830,CARD,HOME-DELIVERY,Imphal,Manipur,,338,Kneeling chairs,442.0,1,442.0
13695521,1595689037056,STR5494,POS759,NONPRIME,4937932830,CARD,HOME-DELIVERY,Imphal,Manipur,,408,Confidante,1242.0,1,1242.0
13695521,1595689037056,STR5494,POS759,NONPRIME,4937932830,CARD,HOME-DELIVERY,Imphal,Manipur,,248,TV tray table,1947.0,1,1947.0
27930226,1595689037056,STR6347,POS994,PRIME,6296964163,CASH,TAKEAWAY,,,,623,Box Pleat Drapes,1683.0,1,1683.0
27930226,1595689037056,STR6347,POS994,PRIME,6296964163,CASH,TAKEAWAY,,,,613,Goblet Pleat Drapes,1583.0,1,1583.0
61074150,1595689038061,STR6162,POS431,NONPRIME,8651346374,CARD,HOME-DELIVERY,Dehri,Bihar,,443,Margarita glass,2475.0,2,4950.0
61074150,1595689038061,STR6162,POS431,NONPRIME,8651346374,CARD,HOME-DELIVERY,Dehri,Bihar,,443,Margarita glass,2475.0,2,4950.0
7261298,1595689038061,STR3781,POS129,PRIME,4692642935,CASH,HOME-DELIVERY,Allappuzha,Kerala,,488,Bread knife,1077.0,2,2154.0
7261298,1595689038061,STR3781,POS129,PRIME,4692642935,CASH,HOME-DELIVERY,Allappuzha,Kerala,,678,Fillet knife,350.0,1,350.0
7261298,1595689038061,STR3781,POS129,PRIME,4692642935,CASH,HOME-DELIVERY,Allappuzha,Kerala,,463,Cookie jars,793.0,2,1586.0
7261298,1595689038061,STR3781,POS129,PRIME,4692642935,CASH,HOME-DELIVERY,Allappuzha,Kerala,,293,Bar stool,1148.0,1,1148.0
76000582,1595689038562,STR1955,POS769,PRIME,8154556937,CARD,HOME-DELIVERY,Ratlam,Madhya Pradesh,,688,Ladle,570.0,1,570.0
76000582,1595689038562,STR1955,POS769,PRIME,8154556937,CARD,HOME-DELIVERY,Ratlam,Madhya Pradesh,,238,Dining table,1582.0,2,3164.0
76000582,1595689038562,STR1955,POS769,PRIME,8154556937,CARD,HOME-DELIVERY,Ratlam,Madhya Pradesh,,258,Closet,1687.0,1,1687.0
64929474,1595689039064,STR6347,POS333,NONPRIME,9740604930,CARD,HOME-DELIVERY,Arrah,Bihar,,603,Sheer Curtains,1282.0,2,2564.0
64929474,1595689039064,STR6347,POS333,NONPRIME,9740604930,CARD,HOME-DELIVERY,Arrah,Bihar,,698,Meat grinder,1250.0,1,1250.0
58575720,1595689040068,STR1955,POS324,NONPRIME,3916555911,CASH,HOME-DELIVERY,Serampore,West Bengal,,298,Bardic chair,1649.0,2,3298.0
58575720,1595689040068,STR1955,POS324,NONPRIME,3916555911,CASH,HOME-DELIVERY,Serampore,West Bengal,,493,Boning knife,513.0,2,1026.0
58575720,1595689040068,STR1955,POS324,NONPRIME,3916555911,CASH,HOME-DELIVERY,Serampore,West Bengal,,628,Window Scarf,1774.0,2,3548.0
58575720,1595689040068,STR1955,POS324,NONPRIME,3916555911,CASH,HOME-DELIVERY,Serampore,West Bengal,,403,Adjustable Air Mattress,1417.0,1,1417.0
98504520,1595689040570,STR6347,POS994,PRIME,6296964163,CASH,TAKEAWAY,,,,523,Oil-lamp clock,1371.0,1,1371.0
61230529,1595689041072,STR1955,POS992,NONPRIME,1482417862,CASH,TAKEAWAY,,,,343,Massage chair,1354.0,2,2708.0
45730190,1595689041573,STR6347,POS994,PRIME,6296964163,CASH,TAKEAWAY,,,,463,Cookie jars,793.0,2,1586.0
45730190,1595689041573,STR6347,POS994,PRIME,6296964163,CASH,TAKEAWAY,,,,338,Kneeling chairs,442.0,1,442.0
45730190,1595689041573,STR6347,POS994,PRIME,6296964163,CASH,TAKEAWAY,,,,553,Banjo clock,1651.0,2,3302.0
45730190,1595689041573,STR6347,POS994,PRIME,6296964163,CASH,TAKEAWAY,,,,518,Hourglass,1598.0,2,3196.0
20225725,1595689042577,STR6347,POS927,NONPRIME,3996109634,CARD,HOME-DELIVERY,Ongole,Andhra Pradesh,,598,Grommet Curtains,914.0,1,914.0
20225725,1595689042577,STR6347,POS927,NONPRIME,3996109634,CARD,HOME-DELIVERY,Ongole,Andhra Pradesh,,658,Chinois,567.0,1,567.0
20225725,1595689042577,STR6347,POS927,NONPRIME,3996109634,CARD,HOME-DELIVERY,Ongole,Andhra Pradesh,,243,Folding table,738.0,1,738.0
20225725,1595689042577,STR6347,POS927,NONPRIME,3996109634,CARD,HOME-DELIVERY,Ongole,Andhra Pradesh,,413,Slipcover,1896.0,1,1896.0
65297944,1595689045086,STR3781,POS843,NONPRIME,1191112820,CARD,HOME-DELIVERY,Secunderabad,Andhra Pradesh,,343,Massage chair,1354.0,1,1354.0
65297944,1595689045086,STR3781,POS843,NONPRIME,1191112820,CARD,HOME-DELIVERY,Secunderabad,Andhra Pradesh,,658,Chinois,567.0,1,567.0
65297944,1595689045086,STR3781,POS843,NONPRIME,1191112820,CARD,HOME-DELIVERY,Secunderabad,Andhra Pradesh,,553,Banjo clock,1651.0,2,3302.0
65297944,1595689045086,STR3781,POS843,NONPRIME,1191112820,CARD,HOME-DELIVERY,Secunderabad,Andhra Pradesh,,313,Brewster Chair,2195.0,1,2195.0
60146332,1595689045588,STR3781,POS978,NONPRIME,6244229107,CARD,TAKEAWAY,,,,428,Cocktail glass,1422.0,2,2844.0
59911852,1595689045588,STR5494,POS353,NONPRIME,8189067868,CASH,TAKEAWAY,,,,283,Portable Lamps,2236.0,2,4472.0
24130688,1595689046089,STR2629,POS768,NONPRIME,1360645962,CARD,HOME-DELIVERY,Sambalpur,Odisha,,478,Teapot,885.0,1,885.0
24130688,1595689046089,STR2629,POS768,NONPRIME,1360645962,CARD,HOME-DELIVERY,Sambalpur,Odisha,,228,Divan,1083.0,2,2166.0
24130688,1595689046089,STR2629,POS768,NONPRIME,1360645962,CARD,HOME-DELIVERY,Sambalpur,Odisha,,308,Butterfly chair,857.0,2,1714.0
97742402,1595689047091,STR2629,POS172,NONPRIME,7829975914,CASH,HOME-DELIVERY,Mandasor,Madhya Pradesh,,253,Bathroom cabinet,1513.0,2,3026.0
97742402,1595689047091,STR2629,POS172,NONPRIME,7829975914,CASH,HOME-DELIVERY,Mandasor,Madhya Pradesh,,543,Lighthouse clock,636.0,2,1272.0
97742402,1595689047091,STR2629,POS172,NONPRIME,7829975914,CASH,HOME-DELIVERY,Mandasor,Madhya Pradesh,,363,Rocking chair,2021.0,1,2021.0
97742402,1595689047091,STR2629,POS172,NONPRIME,7829975914,CASH,HOME-DELIVERY,Mandasor,Madhya Pradesh,,483,Teacups and saucers,1781.0,2,3562.0
67840235,1595689047592,STR7188,POS956,PRIME,4629185211,CARD,TAKEAWAY,,,,208,Canopy bed,508.0,2,1016.0
22269788,1595689047592,STR7188,POS825,PRIME,7051101351,CASH,HOME-DELIVERY,Adoni,Andhra Pradesh,,448,Martini glass,2263.0,2,4526.0
22269788,1595689047592,STR7188,POS825,PRIME,7051101351,CASH,HOME-DELIVERY,Adoni,Andhra Pradesh,,378,Air Bed,2263.0,1,2263.0
22269788,1595689047592,STR7188,POS825,PRIME,7051101351,CASH,HOME-DELIVERY,Adoni,Andhra Pradesh,,428,Cocktail glass,1422.0,2,2844.0
22269788,1595689047592,STR7188,POS825,PRIME,7051101351,CASH,HOME-DELIVERY,Adoni,Andhra Pradesh,,318,Bofinger chair,1119.0,2,2238.0
73816876,1595689048093,STR6162,POS987,NONPRIME,8071065242,CASH,TAKEAWAY,,,,448,Martini glass,2263.0,2,4526.0
73816876,1595689048093,STR6162,POS987,NONPRIME,8071065242,CASH,TAKEAWAY,,,,663,Corkscrew,983.0,1,983.0
73816876,1595689048093,STR6162,POS987,NONPRIME,8071065242,CASH,TAKEAWAY,,,,473,Mason jars,1358.0,1,1358.0
84593321,1595689048093,STR1955,POS493,PRIME,4405006483,CARD,TAKEAWAY,,,,383,Innerspring Mattress,655.0,1,655.0
84593321,1595689048093,STR1955,POS493,PRIME,4405006483,CARD,TAKEAWAY,,,,463,Cookie jars,793.0,2,1586.0
84593321,1595689048093,STR1955,POS493,PRIME,4405006483,CARD,TAKEAWAY,,,,313,Brewster Chair,2195.0,1,2195.0
7552945,1595689049097,STR3781,POS444,NONPRIME,9223558893,CASH,TAKEAWAY,,,,473,Mason jars,1358.0,2,2716.0
64445740,1595689049097,STR7188,POS956,PRIME,4629185211,CARD,TAKEAWAY,,,,318,Bofinger chair,1119.0,2,2238.0
64445740,1595689049097,STR7188,POS956,PRIME,4629185211,CARD,TAKEAWAY,,,,393,Hybrid Mattress,2217.0,2,4434.0
64445740,1595689049097,STR7188,POS956,PRIME,4629185211,CARD,TAKEAWAY,,,,433,Depression glass,1950.0,1,1950.0
64445740,1595689049097,STR7188,POS956,PRIME,4629185211,CARD,TAKEAWAY,,,,688,Ladle,570.0,1,570.0
37078934,1595689049599,STR3781,POS129,PRIME,4692642935,CASH,HOME-DELIVERY,Palakkad,Kerala,,343,Massage chair,1354.0,2,2708.0
37078934,1595689049599,STR3781,POS129,PRIME,4692642935,CASH,HOME-DELIVERY,Palakkad,Kerala,,588,Sheer Curtains,801.0,1,801.0
20274631,1595689050602,STR8513,POS311,NONPRIME,8111613552,CASH,TAKEAWAY,,,,223,Hammock,1210.0,1,1210.0
20274631,1595689050602,STR8513,POS311,NONPRIME,8111613552,CASH,TAKEAWAY,,,,353,Recliner,1585.0,1,1585.0
20274631,1595689050602,STR8513,POS311,NONPRIME,8111613552,CASH,TAKEAWAY,,,,648,Bottle opener,321.0,1,321.0
20274631,1595689050602,STR8513,POS311,NONPRIME,8111613552,CASH,TAKEAWAY,,,,313,Brewster Chair,2195.0,2,4390.0
20007964,1595689050602,STR3781,POS978,NONPRIME,6244229107,CARD,TAKEAWAY,,,,628,Window Scarf,1774.0,2,3548.0
20007964,1595689050602,STR3781,POS978,NONPRIME,6244229107,CARD,TAKEAWAY,,,,273,Bedroom set,842.0,1,842.0
70425985,1595689051104,STR8513,POS311,NONPRIME,8111613552,CASH,TAKEAWAY,,,,353,Recliner,1585.0,2,3170.0
81575818,1595689052109,STR5494,POS759,NONPRIME,4937932830,CARD,HOME-DELIVERY,Palakkad,Kerala,,553,Banjo clock,1651.0,2,3302.0
81575818,1595689052109,STR5494,POS759,NONPRIME,4937932830,CARD,HOME-DELIVERY,Palakkad,Kerala,,288,Hutch,1812.0,1,1812.0
81575818,1595689052109,STR5494,POS759,NONPRIME,4937932830,CARD,HOME-DELIVERY,Palakkad,Kerala,,648,Bottle opener,321.0,2,642.0
81575818,1595689052109,STR5494,POS759,NONPRIME,4937932830,CARD,HOME-DELIVERY,Palakkad,Kerala,,563,Chiming clock,2168.0,1,2168.0
6874951,1595689052611,STR5494,POS353,NONPRIME,8189067868,CASH,TAKEAWAY,,,,698,Meat grinder,1250.0,2,2500.0
6874951,1595689052611,STR5494,POS353,NONPRIME,8189067868,CASH,TAKEAWAY,,,,268,Floating shelf,1894.0,1,1894.0
6874951,1595689052611,STR5494,POS353,NONPRIME,8189067868,CASH,TAKEAWAY,,,,328,Dining chair,1223.0,1,1223.0
6874951,1595689052611,STR5494,POS353,NONPRIME,8189067868,CASH,TAKEAWAY,,,,603,Sheer Curtains,1282.0,1,1282.0
38995977,1595689053113,STR6347,POS856,NONPRIME,5724653917,CASH,TAKEAWAY,,,,508,Kitchen knife,2483.0,2,4966.0
38995977,1595689053113,STR6347,POS856,NONPRIME,5724653917,CASH,TAKEAWAY,,,,453,Shot glass,674.0,1,674.0
38995977,1595689053113,STR6347,POS856,NONPRIME,5724653917,CASH,TAKEAWAY,,,,218,Sofa bed,895.0,1,895.0
38995977,1595689053113,STR6347,POS856,NONPRIME,5724653917,CASH,TAKEAWAY,,,,293,Bar stool,1148.0,1,1148.0
32456756,1595689053615,STR1955,POS324,NONPRIME,3916555911,CASH,HOME-DELIVERY,Shivapuri,Madhya Pradesh,,368,Stool,888.0,1,888.0
32456756,1595689053615,STR1955,POS324,NONPRIME,3916555911,CASH,HOME-DELIVERY,Shivapuri,Madhya Pradesh,,318,Bofinger chair,1119.0,2,2238.0
33330887,1595689053615,STR1955,POS992,NONPRIME,1482417862,CASH,TAKEAWAY,,,,698,Meat grinder,1250.0,1,1250.0
33330887,1595689053615,STR1955,POS992,NONPRIME,1482417862,CASH,TAKEAWAY,,,,303,Bench,2251.0,1,2251.0
30262802,1595689054118,STR3781,POS494,PRIME,7892154732,CARD,HOME-DELIVERY,Tiruvottiyur,Tamil Nadu,,223,Hammock,1210.0,1,1210.0
30262802,1595689054118,STR3781,POS494,PRIME,7892154732,CARD,HOME-DELIVERY,Tiruvottiyur,Tamil Nadu,,313,Brewster Chair,2195.0,2,4390.0
30262802,1595689054118,STR3781,POS494,PRIME,7892154732,CARD,HOME-DELIVERY,Tiruvottiyur,Tamil Nadu,,613,Goblet Pleat Drapes,1583.0,2,3166.0
85099783,1595689054118,STR6347,POS333,NONPRIME,9740604930,CARD,HOME-DELIVERY,Eluru,Andhra Pradesh,,553,Banjo clock,1651.0,2,3302.0
85099783,1595689054118,STR6347,POS333,NONPRIME,9740604930,CARD,HOME-DELIVERY,Eluru,Andhra Pradesh,,563,Chiming clock,2168.0,2,4336.0
85099783,1595689054118,STR6347,POS333,NONPRIME,9740604930,CARD,HOME-DELIVERY,Eluru,Andhra Pradesh,,288,Hutch,1812.0,2,3624.0
56162123,1595689054620,STR6162,POS868,NONPRIME,9282685191,CARD,HOME-DELIVERY,Ahmadnagar,Maharastra,,418,Wing chair,1431.0,1,1431.0
56162123,1595689054620,STR6162,POS868,NONPRIME,9282685191,CARD,HOME-DELIVERY,Ahmadnagar,Maharastra,,698,Meat grinder,1250.0,2,2500.0
56162123,1595689054620,STR6162,POS868,NONPRIME,9282685191,CARD,HOME-DELIVERY,Ahmadnagar,Maharastra,,223,Hammock,1210.0,1,1210.0
56162123,1595689054620,STR6162,POS868,NONPRIME,9282685191,CARD,HOME-DELIVERY,Ahmadnagar,Maharastra,,683,Grater,370.0,1,370.0
97240808,1595689055122,STR6347,POS994,PRIME,6296964163,CASH,TAKEAWAY,,,,648,Bottle opener,321.0,1,321.0
97240808,1595689055122,STR6347,POS994,PRIME,6296964163,CASH,TAKEAWAY,,,,233,Coffee table,1055.0,1,1055.0
62464984,1595689055630,STR3781,POS494,PRIME,7892154732,CARD,HOME-DELIVERY,Jodhpur,Rajasthan,,418,Wing chair,1431.0,2,2862.0
62464984,1595689055630,STR3781,POS494,PRIME,7892154732,CARD,HOME-DELIVERY,Jodhpur,Rajasthan,,293,Bar stool,1148.0,2,2296.0
62464984,1595689055630,STR3781,POS494,PRIME,7892154732,CARD,HOME-DELIVERY,Jodhpur,Rajasthan,,483,Teacups and saucers,1781.0,2,3562.0
42064158,1595689056132,STR6347,POS622,PRIME,5697125813,CARD,HOME-DELIVERY,Tiruvottiyur,Tamil Nadu,,358,Restraint chair,1943.0,1,1943.0
42064158,1595689056132,STR6347,POS622,PRIME,5697125813,CARD,HOME-DELIVERY,Tiruvottiyur,Tamil Nadu,,463,Cookie jars,793.0,1,793.0
42064158,1595689056132,STR6347,POS622,PRIME,5697125813,CARD,HOME-DELIVERY,Tiruvottiyur,Tamil Nadu,,238,Dining table,1582.0,2,3164.0
46200977,1595689058140,STR1955,POS992,NONPRIME,1482417862,CASH,TAKEAWAY,,,,553,Banjo clock,1651.0,2,3302.0
17610171,1595689058641,STR3781,POS843,NONPRIME,1191112820,CARD,HOME-DELIVERY,Murwara,Madhya Pradesh,,348,Navy chair,1998.0,2,3996.0
17610171,1595689058641,STR3781,POS843,NONPRIME,1191112820,CARD,HOME-DELIVERY,Murwara,Madhya Pradesh,,518,Hourglass,1598.0,2,3196.0
84816016,1595689059144,STR1955,POS324,NONPRIME,3916555911,CASH,HOME-DELIVERY,Surendranagar,Gujarat,,353,Recliner,1585.0,2,3170.0
44519691,1595689059144,STR6347,POS622,PRIME,5697125813,CARD,HOME-DELIVERY,Mangalore,Karnataka,,233,Coffee table,1055.0,1,1055.0
76213502,1595689059645,STR6347,POS927,NONPRIME,3996109634,CARD,HOME-DELIVERY,Mango,Jharkhand,,628,Window Scarf,1774.0,2,3548.0
60373482,1595689059645,STR5494,POS759,NONPRIME,4937932830,CARD,HOME-DELIVERY,Serampore,West Bengal,,353,Recliner,1585.0,1,1585.0
60373482,1595689059645,STR5494,POS759,NONPRIME,4937932830,CARD,HOME-DELIVERY,Serampore,West Bengal,,598,Grommet Curtains,914.0,2,1828.0
60373482,1595689059645,STR5494,POS759,NONPRIME,4937932830,CARD,HOME-DELIVERY,Serampore,West Bengal,,443,Margarita glass,2475.0,1,2475.0
60373482,1595689059645,STR5494,POS759,NONPRIME,4937932830,CARD,HOME-DELIVERY,Serampore,West Bengal,,248,TV tray table,1947.0,2,3894.0
34298456,1595689060147,STR5494,POS121,PRIME,9509332022,CARD,TAKEAWAY,,,,468,Lunch box,1467.0,1,1467.0
27510993,1595689060649,STR8513,POS155,NONPRIME,2389018842,CASH,HOME-DELIVERY,Sitapur,Uttar Pradesh,,578,Goblet Pleat Curtains,1765.0,2,3530.0
27510993,1595689060649,STR8513,POS155,NONPRIME,2389018842,CASH,HOME-DELIVERY,Sitapur,Uttar Pradesh,,523,Oil-lamp clock,1371.0,1,1371.0
27510993,1595689060649,STR8513,POS155,NONPRIME,2389018842,CASH,HOME-DELIVERY,Sitapur,Uttar Pradesh,,473,Mason jars,1358.0,2,2716.0
27510993,1595689060649,STR8513,POS155,NONPRIME,2389018842,CASH,HOME-DELIVERY,Sitapur,Uttar Pradesh,,508,Kitchen knife,2483.0,2,4966.0
64321190,1595689061155,STR7188,POS198,PRIME,5733357005,CARD,HOME-DELIVERY,Vijayawada,Andhra Pradesh,,343,Massage chair,1354.0,2,2708.0
64321190,1595689061155,STR7188,POS198,PRIME,5733357005,CARD,HOME-DELIVERY,Vijayawada,Andhra Pradesh,,623,Box Pleat Drapes,1683.0,1,1683.0
64321190,1595689061155,STR7188,POS198,PRIME,5733357005,CARD,HOME-DELIVERY,Vijayawada,Andhra Pradesh,,518,Hourglass,1598.0,1,1598.0
64321190,1595689061155,STR7188,POS198,PRIME,5733357005,CARD,HOME-DELIVERY,Vijayawada,Andhra Pradesh,,363,Rocking chair,2021.0,1,2021.0
87384674,1595689061669,STR6347,POS333,NONPRIME,9740604930,CARD,HOME-DELIVERY,Hassan,Karnataka,,248,TV tray table,1947.0,1,1947.0
87384674,1595689061669,STR6347,POS333,NONPRIME,9740604930,CARD,HOME-DELIVERY,Hassan,Karnataka,,518,Hourglass,1598.0,1,1598.0
87384674,1595689061669,STR6347,POS333,NONPRIME,9740604930,CARD,HOME-DELIVERY,Hassan,Karnataka,,528,Projection clock,2365.0,1,2365.0
80928933,1595689062170,STR1955,POS324,NONPRIME,3916555911,CASH,HOME-DELIVERY,Gudivada,Andhra Pradesh,,243,Folding table,738.0,1,738.0
9584075,1595689062671,STR3781,POS494,PRIME,7892154732,CARD,HOME-DELIVERY,Gonda,Uttar Pradesh,,203,Bunk bed,1686.0,1,1686.0
9584075,1595689062671,STR3781,POS494,PRIME,7892154732,CARD,HOME-DELIVERY,Gonda,Uttar Pradesh,,588,Sheer Curtains,801.0,2,1602.0
9584075,1595689062671,STR3781,POS494,PRIME,7892154732,CARD,HOME-DELIVERY,Gonda,Uttar Pradesh,,363,Rocking chair,2021.0,2,4042.0
9584075,1595689062671,STR3781,POS494,PRIME,7892154732,CARD,HOME-DELIVERY,Gonda,Uttar Pradesh,,233,Coffee table,1055.0,1,1055.0
15192022,1595689063172,STR7188,POS682,NONPRIME,1489226224,CASH,TAKEAWAY,,,,208,Canopy bed,508.0,2,1016.0
15192022,1595689063172,STR7188,POS682,NONPRIME,1489226224,CASH,TAKEAWAY,,,,508,Kitchen knife,2483.0,1,2483.0
97653721,1595689063675,STR6162,POS279,PRIME,2262471989,CASH,HOME-DELIVERY,Hyderabad,Andhra Pradesh,,463,Cookie jars,793.0,2,1586.0
97653721,1595689063675,STR6162,POS279,PRIME,2262471989,CASH,HOME-DELIVERY,Hyderabad,Andhra Pradesh,,273,Bedroom set,842.0,1,842.0
97653721,1595689063675,STR6162,POS279,PRIME,2262471989,CASH,HOME-DELIVERY,Hyderabad,Andhra Pradesh,,428,Cocktail glass,1422.0,1,1422.0
8665803,1595689064176,STR2629,POS253,NONPRIME,2461788838,CARD,HOME-DELIVERY,Gonda,Uttar Pradesh,,518,Hourglass,1598.0,1,1598.0
44914190,1595689064678,STR1955,POS992,NONPRIME,1482417862,CASH,TAKEAWAY,,,,243,Folding table,738.0,1,738.0
44914190,1595689064678,STR1955,POS992,NONPRIME,1482417862,CASH,TAKEAWAY,,,,278,Dining set,1940.0,2,3880.0
44914190,1595689064678,STR1955,POS992,NONPRIME,1482417862,CASH,TAKEAWAY,,,,648,Bottle opener,321.0,2,642.0
44914190,1595689064678,STR1955,POS992,NONPRIME,1482417862,CASH,TAKEAWAY,,,,393,Hybrid Mattress,2217.0,1,2217.0
3275243,1595689065180,STR3781,POS444,NONPRIME,9223558893,CASH,TAKEAWAY,,,,328,Dining chair,1223.0,2,2446.0
3275243,1595689065180,STR3781,POS444,NONPRIME,9223558893,CASH,TAKEAWAY,,,,203,Bunk bed,1686.0,1,1686.0
20049320,1595689065682,STR1955,POS992,NONPRIME,1482417862,CASH,TAKEAWAY,,,,648,Bottle opener,321.0,2,642.0
20049320,1595689065682,STR1955,POS992,NONPRIME,1482417862,CASH,TAKEAWAY,,,,548,Cartel clock,1500.0,2,3000.0
20049320,1595689065682,STR1955,POS992,NONPRIME,1482417862,CASH,TAKEAWAY,,,,408,Confidante,1242.0,1,1242.0
31084762,1595689066184,STR3781,POS444,NONPRIME,9223558893,CASH,TAKEAWAY,,,,218,Sofa bed,895.0,2,1790.0
31084762,1595689066184,STR3781,POS444,NONPRIME,9223558893,CASH,TAKEAWAY,,,,588,Sheer Curtains,801.0,1,801.0
31084762,1595689066184,STR3781,POS444,NONPRIME,9223558893,CASH,TAKEAWAY,,,,208,Canopy bed,508.0,2,1016.0
38894076,1595689067189,STR3781,POS843,NONPRIME,1191112820,CARD,HOME-DELIVERY,Karnal,Haryana,,513,Flip clock,1259.0,2,2518.0
15033431,1595689067189,STR2629,POS253,NONPRIME,2461788838,CARD,HOME-DELIVERY,Nagaon,Assam,,453,Shot glass,674.0,1,674.0
15033431,1595689067189,STR2629,POS253,NONPRIME,2461788838,CARD,HOME-DELIVERY,Nagaon,Assam,,473,Mason jars,1358.0,2,2716.0
15033431,1595689067189,STR2629,POS253,NONPRIME,2461788838,CARD,HOME-DELIVERY,Nagaon,Assam,,363,Rocking chair,2021.0,2,4042.0
15033431,1595689067189,STR2629,POS253,NONPRIME,2461788838,CARD,HOME-DELIVERY,Nagaon,Assam,,208,Canopy bed,508.0,1,508.0
75279463,1595689067691,STR7188,POS198,PRIME,5733357005,CARD,HOME-DELIVERY,Murwara,Madhya Pradesh,,358,Restraint chair,1943.0,2,3886.0
75279463,1595689067691,STR7188,POS198,PRIME,5733357005,CARD,HOME-DELIVERY,Murwara,Madhya Pradesh,,368,Stool,888.0,2,1776.0
54861321,1595689068694,STR7188,POS198,PRIME,5733357005,CARD,HOME-DELIVERY,Varanasi,Uttar Pradesh,,358,Restraint chair,1943.0,1,1943.0
54861321,1595689068694,STR7188,POS198,PRIME,5733357005,CARD,HOME-DELIVERY,Varanasi,Uttar Pradesh,,498,Carving knifes,1424.0,1,1424.0
10059434,1595689070700,STR8513,POS311,NONPRIME,8111613552,CASH,TAKEAWAY,,,,243,Folding table,738.0,1,738.0
10059434,1595689070700,STR8513,POS311,NONPRIME,8111613552,CASH,TAKEAWAY,,,,608,Pleated Drapes,1684.0,2,3368.0
10059434,1595689070700,STR8513,POS311,NONPRIME,8111613552,CASH,TAKEAWAY,,,,643,Blow torch,1955.0,2,3910.0
10059434,1595689070700,STR8513,POS311,NONPRIME,8111613552,CASH,TAKEAWAY,,,,683,Grater,370.0,2,740.0
16229856,1595689071202,STR3781,POS494,PRIME,7892154732,CARD,HOME-DELIVERY,South Dum Dum,West Bengal,,408,Confidante,1242.0,1,1242.0
16229856,1595689071202,STR3781,POS494,PRIME,7892154732,CARD,HOME-DELIVERY,South Dum Dum,West Bengal,,583,Tab Top Curtains,1329.0,1,1329.0
16229856,1595689071202,STR3781,POS494,PRIME,7892154732,CARD,HOME-DELIVERY,South Dum Dum,West Bengal,,448,Martini glass,2263.0,2,4526.0
16229856,1595689071202,STR3781,POS494,PRIME,7892154732,CARD,HOME-DELIVERY,South Dum Dum,West Bengal,,243,Folding table,738.0,1,738.0
84869577,1595689071704,STR7188,POS664,PRIME,9316477281,CARD,HOME-DELIVERY,Satna,Madhya Pradesh,,598,Grommet Curtains,914.0,1,914.0
84869577,1595689071704,STR7188,POS664,PRIME,9316477281,CARD,HOME-DELIVERY,Satna,Madhya Pradesh,,273,Bedroom set,842.0,2,1684.0
80557213,1595689072206,STR3781,POS978,NONPRIME,6244229107,CARD,TAKEAWAY,,,,498,Carving knifes,1424.0,1,1424.0
80557213,1595689072206,STR3781,POS978,NONPRIME,6244229107,CARD,TAKEAWAY,,,,403,Adjustable Air Mattress,1417.0,2,2834.0
38882816,1595689072707,STR6162,POS868,NONPRIME,9282685191,CARD,HOME-DELIVERY,Bellary,Karnataka,,598,Grommet Curtains,914.0,1,914.0
38882816,1595689072707,STR6162,POS868,NONPRIME,9282685191,CARD,HOME-DELIVERY,Bellary,Karnataka,,298,Bardic chair,1649.0,2,3298.0
38882816,1595689072707,STR6162,POS868,NONPRIME,9282685191,CARD,HOME-DELIVERY,Bellary,Karnataka,,373,Latex Mattress,1313.0,2,2626.0
58758390,1595689073209,STR6162,POS987,NONPRIME,8071065242,CASH,TAKEAWAY,,,,513,Flip clock,1259.0,1,1259.0
15095854,1595689074213,STR5494,POS759,NONPRIME,4937932830,CARD,HOME-DELIVERY,Secunderabad,Andhra Pradesh,,468,Lunch box,1467.0,1,1467.0
43736845,1595689075218,STR5494,POS353,NONPRIME,8189067868,CASH,TAKEAWAY,,,,273,Bedroom set,842.0,1,842.0
43736845,1595689075218,STR5494,POS353,NONPRIME,8189067868,CASH,TAKEAWAY,,,,553,Banjo clock,1651.0,1,1651.0
20496677,1595689075720,STR1955,POS769,PRIME,8154556937,CARD,HOME-DELIVERY,Bellary,Karnataka,,483,Teacups and saucers,1781.0,2,3562.0
20496677,1595689075720,STR1955,POS769,PRIME,8154556937,CARD,HOME-DELIVERY,Bellary,Karnataka,,543,Lighthouse clock,636.0,2,1272.0
20496677,1595689075720,STR1955,POS769,PRIME,8154556937,CARD,HOME-DELIVERY,Bellary,Karnataka,,363,Rocking chair,2021.0,2,4042.0
20496677,1595689075720,STR1955,POS769,PRIME,8154556937,CARD,HOME-DELIVERY,Bellary,Karnataka,,618,Pencil Pleat Drapes,1140.0,1,1140.0
79317541,1595689075720,STR2629,POS253,NONPRIME,2461788838,CARD,HOME-DELIVERY,Guna,Madhya Pradesh,,468,Lunch box,1467.0,1,1467.0
79317541,1595689075720,STR2629,POS253,NONPRIME,2461788838,CARD,HOME-DELIVERY,Guna,Madhya Pradesh,,223,Hammock,1210.0,1,1210.0
79317541,1595689075720,STR2629,POS253,NONPRIME,2461788838,CARD,HOME-DELIVERY,Guna,Madhya Pradesh,,383,Innerspring Mattress,655.0,2,1310.0
32959656,1595689076222,STR6347,POS333,NONPRIME,9740604930,CARD,HOME-DELIVERY,Hathras,Uttar Pradesh,,488,Bread knife,1077.0,2,2154.0
32959656,1595689076222,STR6347,POS333,NONPRIME,9740604930,CARD,HOME-DELIVERY,Hathras,Uttar Pradesh,,588,Sheer Curtains,801.0,2,1602.0
32959656,1595689076222,STR6347,POS333,NONPRIME,9740604930,CARD,HOME-DELIVERY,Hathras,Uttar Pradesh,,258,Closet,1687.0,1,1687.0
32959656,1595689076222,STR6347,POS333,NONPRIME,9740604930,CARD,HOME-DELIVERY,Hathras,Uttar Pradesh,,343,Massage chair,1354.0,1,1354.0
46231917,1595689076724,STR6347,POS994,PRIME,6296964163,CASH,TAKEAWAY,,,,498,Carving knifes,1424.0,2,2848.0
36651849,1595689078230,STR2629,POS768,NONPRIME,1360645962,CARD,HOME-DELIVERY,Mandasor,Madhya Pradesh,,243,Folding table,738.0,1,738.0
43915189,1595689079736,STR2629,POS768,NONPRIME,1360645962,CARD,HOME-DELIVERY,Bellary,Karnataka,,278,Dining set,1940.0,1,1940.0
43915189,1595689079736,STR2629,POS768,NONPRIME,1360645962,CARD,HOME-DELIVERY,Bellary,Karnataka,,478,Teapot,885.0,2,1770.0
43915189,1595689079736,STR2629,POS768,NONPRIME,1360645962,CARD,HOME-DELIVERY,Bellary,Karnataka,,333,Gaming chair,1902.0,1,1902.0
43915189,1595689079736,STR2629,POS768,NONPRIME,1360645962,CARD,HOME-DELIVERY,Bellary,Karnataka,,413,Slipcover,1896.0,1,1896.0
83961800,1595689080238,STR1955,POS837,NONPRIME,7136581152,CASH,HOME-DELIVERY,Dehri,Bihar,,648,Bottle opener,321.0,2,642.0
83961800,1595689080238,STR1955,POS837,NONPRIME,7136581152,CASH,HOME-DELIVERY,Dehri,Bihar,,448,Martini glass,2263.0,1,2263.0
83961800,1595689080238,STR1955,POS837,NONPRIME,7136581152,CASH,HOME-DELIVERY,Dehri,Bihar,,643,Blow torch,1955.0,1,1955.0
64858442,1595689080740,STR7188,POS956,PRIME,4629185211,CARD,TAKEAWAY,,,,573,Eyelet Curtains,642.0,2,1284.0
64858442,1595689080740,STR7188,POS956,PRIME,4629185211,CARD,TAKEAWAY,,,,273,Bedroom set,842.0,1,842.0
64858442,1595689080740,STR7188,POS956,PRIME,4629185211,CARD,TAKEAWAY,,,,558,Balloon clock,1633.0,1,1633.0
64858442,1595689080740,STR7188,POS956,PRIME,4629185211,CARD,TAKEAWAY,,,,678,Fillet knife,350.0,2,700.0
70630270,1595689081744,STR6162,POS279,PRIME,2262471989,CASH,HOME-DELIVERY,Jammu,Jammu and Kashmir,,463,Cookie jars,793.0,2,1586.0
70630270,1595689081744,STR6162,POS279,PRIME,2262471989,CASH,HOME-DELIVERY,Jammu,Jammu and Kashmir,,303,Bench,2251.0,1,2251.0
70630270,1595689081744,STR6162,POS279,PRIME,2262471989,CASH,HOME-DELIVERY,Jammu,Jammu and Kashmir,,633,Cafe Curtains,796.0,1,796.0
70630270,1595689081744,STR6162,POS279,PRIME,2262471989,CASH,HOME-DELIVERY,Jammu,Jammu and Kashmir,,253,Bathroom cabinet,1513.0,2,3026.0
63012704,1595689083250,STR2629,POS172,NONPRIME,7829975914,CASH,HOME-DELIVERY,Gudivada,Andhra Pradesh,,433,Depression glass,1950.0,2,3900.0
15306150,1595689084254,STR1955,POS493,PRIME,4405006483,CARD,TAKEAWAY,,,,538,Grandmother clock,1301.0,2,2602.0
15306150,1595689084254,STR1955,POS493,PRIME,4405006483,CARD,TAKEAWAY,,,,428,Cocktail glass,1422.0,1,1422.0
43328405,1595689085258,STR7188,POS956,PRIME,4629185211,CARD,TAKEAWAY,,,,448,Martini glass,2263.0,2,4526.0
43328405,1595689085258,STR7188,POS956,PRIME,4629185211,CARD,TAKEAWAY,,,,663,Corkscrew,983.0,2,1966.0
43328405,1595689085258,STR7188,POS956,PRIME,4629185211,CARD,TAKEAWAY,,,,228,Divan,1083.0,2,2166.0
43328405,1595689085258,STR7188,POS956,PRIME,4629185211,CARD,TAKEAWAY,,,,488,Bread knife,1077.0,1,1077.0
68531133,1595689086261,STR1955,POS493,PRIME,4405006483,CARD,TAKEAWAY,,,,243,Folding table,738.0,1,738.0
68531133,1595689086261,STR1955,POS493,PRIME,4405006483,CARD,TAKEAWAY,,,,638,Baster,1214.0,1,1214.0
68531133,1595689086261,STR1955,POS493,PRIME,4405006483,CARD,TAKEAWAY,,,,263,Kitchen cabinet,1050.0,1,1050.0
25778855,1595689087265,STR6162,POS868,NONPRIME,9282685191,CARD,HOME-DELIVERY,Sikar,Rajasthan,,218,Sofa bed,895.0,2,1790.0
25778855,1595689087265,STR6162,POS868,NONPRIME,9282685191,CARD,HOME-DELIVERY,Sikar,Rajasthan,,688,Ladle,570.0,2,1140.0
25778855,1595689087265,STR6162,POS868,NONPRIME,9282685191,CARD,HOME-DELIVERY,Sikar,Rajasthan,,423,Quilt,1485.0,2,2970.0
15366092,1595689087767,STR6347,POS333,NONPRIME,9740604930,CARD,HOME-DELIVERY,Jammu,Jammu and Kashmir,,448,Martini glass,2263.0,2,4526.0
15366092,1595689087767,STR6347,POS333,NONPRIME,9740604930,CARD,HOME-DELIVERY,Jammu,Jammu and Kashmir,,288,Hutch,1812.0,1,1812.0
74385106,1595689088769,STR7188,POS825,PRIME,7051101351,CASH,HOME-DELIVERY,Adoni,Andhra Pradesh,,373,Latex Mattress,1313.0,1,1313.0
80079221,1595689088769,STR6347,POS622,PRIME,5697125813,CARD,HOME-DELIVERY,Chennai,Tamil Nadu,,488,Bread knife,1077.0,2,2154.0
80079221,1595689088769,STR6347,POS622,PRIME,5697125813,CARD,HOME-DELIVERY,Chennai,Tamil Nadu,,288,Hutch,1812.0,2,3624.0
32584519,1595689089271,STR3781,POS843,NONPRIME,1191112820,CARD,HOME-DELIVERY,Puri,Odisha,,678,Fillet knife,350.0,2,700.0
32584519,1595689089271,STR3781,POS843,NONPRIME,1191112820,CARD,HOME-DELIVERY,Puri,Odisha,,368,Stool,888.0,2,1776.0
17869003,1595689090274,STR8513,POS582,PRIME,6705218300,CASH,TAKEAWAY,,,,353,Recliner,1585.0,1,1585.0
17869003,1595689090274,STR8513,POS582,PRIME,6705218300,CASH,TAKEAWAY,,,,278,Dining set,1940.0,2,3880.0
17869003,1595689090274,STR8513,POS582,PRIME,6705218300,CASH,TAKEAWAY,,,,558,Balloon clock,1633.0,2,3266.0
17869003,1595689090274,STR8513,POS582,PRIME,6705218300,CASH,TAKEAWAY,,,,218,Sofa bed,895.0,1,895.0
18700809,1595689090274,STR5494,POS384,NONPRIME,6048272250,CARD,HOME-DELIVERY,Chhindwara,Madhya Pradesh,,303,Bench,2251.0,1,2251.0
18700809,1595689090274,STR5494,POS384,NONPRIME,6048272250,CARD,HOME-DELIVERY,Chhindwara,Madhya Pradesh,,313,Brewster Chair,2195.0,2,4390.0
34207958,1595689091277,STR2629,POS285,NONPRIME,6419885098,CASH,TAKEAWAY,,,,478,Teapot,885.0,1,885.0
34207958,1595689091277,STR2629,POS285,NONPRIME,6419885098,CASH,TAKEAWAY,,,,263,Kitchen cabinet,1050.0,2,2100.0
38050741,1595689091778,STR5494,POS722,PRIME,9724245321,CASH,HOME-DELIVERY,Chhindwara,Madhya Pradesh,,628,Window Scarf,1774.0,2,3548.0
38050741,1595689091778,STR5494,POS722,PRIME,9724245321,CASH,HOME-DELIVERY,Chhindwara,Madhya Pradesh,,328,Dining chair,1223.0,2,2446.0
12361996,1595689187238,STR6162,POS279,PRIME,2262471989,CASH,HOME-DELIVERY,Kolkata,West Bengal,,528,Projection clock,2365.0,1,2365.0
12361996,1595689187238,STR6162,POS279,PRIME,2262471989,CASH,HOME-DELIVERY,Kolkata,West Bengal,,263,Kitchen cabinet,1050.0,2,2100.0
12361996,1595689187238,STR6162,POS279,PRIME,2262471989,CASH,HOME-DELIVERY,Kolkata,West Bengal,,358,Restraint chair,1943.0,2,3886.0
12361996,1595689187238,STR6162,POS279,PRIME,2262471989,CASH,HOME-DELIVERY,Kolkata,West Bengal,,468,Lunch box,1467.0,2,2934.0
18411092,1595689187662,STR2629,POS285,NONPRIME,6419885098,CASH,TAKEAWAY,,,,408,Confidante,1242.0,1,1242.0
18411092,1595689187662,STR2629,POS285,NONPRIME,6419885098,CASH,TAKEAWAY,,,,638,Baster,1214.0,1,1214.0
18411092,1595689187662,STR2629,POS285,NONPRIME,6419885098,CASH,TAKEAWAY,,,,468,Lunch box,1467.0,1,1467.0
99494678,1595689187762,STR6347,POS856,NONPRIME,5724653917,CASH,TAKEAWAY,,,,288,Hutch,1812.0,1,1812.0
99494678,1595689187762,STR6347,POS856,NONPRIME,5724653917,CASH,TAKEAWAY,,,,538,Grandmother clock,1301.0,1,1301.0
30667519,1595689187877,STR1955,POS992,NONPRIME,1482417862,CASH,TAKEAWAY,,,,623,Box Pleat Drapes,1683.0,1,1683.0
30667519,1595689187877,STR1955,POS992,NONPRIME,1482417862,CASH,TAKEAWAY,,,,693,Mandoline,250.0,1,250.0
30667519,1595689187877,STR1955,POS992,NONPRIME,1482417862,CASH,TAKEAWAY,,,,308,Butterfly chair,857.0,2,1714.0
77280732,1595689187877,STR6347,POS927,NONPRIME,3996109634,CARD,HOME-DELIVERY,Delhi,Delhi,,203,Bunk bed,1686.0,2,3372.0
77280732,1595689187877,STR6347,POS927,NONPRIME,3996109634,CARD,HOME-DELIVERY,Delhi,Delhi,,213,Infant bed,1755.0,1,1755.0
97537351,1595689188298,STR7188,POS825,PRIME,7051101351,CASH,HOME-DELIVERY,Mangalore,Karnataka,,693,Mandoline,250.0,2,500.0
97537351,1595689188298,STR7188,POS825,PRIME,7051101351,CASH,HOME-DELIVERY,Mangalore,Karnataka,,683,Grater,370.0,2,740.0
97537351,1595689188298,STR7188,POS825,PRIME,7051101351,CASH,HOME-DELIVERY,Mangalore,Karnataka,,483,Teacups and saucers,1781.0,2,3562.0
11415464,1595689188398,STR5494,POS759,NONPRIME,4937932830,CARD,HOME-DELIVERY,Chapra,Bihar,,488,Bread knife,1077.0,1,1077.0
11415464,1595689188398,STR5494,POS759,NONPRIME,4937932830,CARD,HOME-DELIVERY,Chapra,Bihar,,413,Slipcover,1896.0,1,1896.0
92544249,1595689188420,STR7188,POS825,PRIME,7051101351,CASH,HOME-DELIVERY,Nagaon,Assam,,278,Dining set,1940.0,2,3880.0
92544249,1595689188420,STR7188,POS825,PRIME,7051101351,CASH,HOME-DELIVERY,Nagaon,Assam,,243,Folding table,738.0,2,1476.0
80293412,1595689188521,STR1955,POS992,NONPRIME,1482417862,CASH,TAKEAWAY,,,,273,Bedroom set,842.0,1,842.0
80293412,1595689188521,STR1955,POS992,NONPRIME,1482417862,CASH,TAKEAWAY,,,,278,Dining set,1940.0,1,1940.0
74770379,1595689188636,STR6162,POS431,NONPRIME,8651346374,CARD,HOME-DELIVERY,Faridabad,Haryana,,593,Hanging curtains,1896.0,2,3792.0
74770379,1595689188636,STR6162,POS431,NONPRIME,8651346374,CARD,HOME-DELIVERY,Faridabad,Haryana,,578,Goblet Pleat Curtains,1765.0,1,1765.0
74770379,1595689188636,STR6162,POS431,NONPRIME,8651346374,CARD,HOME-DELIVERY,Faridabad,Haryana,,473,Mason jars,1358.0,2,2716.0
76323965,1595689188738,STR1955,POS769,PRIME,8154556937,CARD,HOME-DELIVERY,Unnao,Uttar Pradesh,,633,Cafe Curtains,796.0,2,1592.0
82264945,1595689188738,STR7188,POS825,PRIME,7051101351,CASH,HOME-DELIVERY,Ahmadnagar,Maharastra,,428,Cocktail glass,1422.0,2,2844.0
91053178,1595689188819,STR2629,POS172,NONPRIME,7829975914,CASH,HOME-DELIVERY,Mandasor,Madhya Pradesh,,218,Sofa bed,895.0,1,895.0
91053178,1595689188819,STR2629,POS172,NONPRIME,7829975914,CASH,HOME-DELIVERY,Mandasor,Madhya Pradesh,,453,Shot glass,674.0,2,1348.0
42400967,1595689188839,STR3781,POS444,NONPRIME,9223558893,CASH,TAKEAWAY,,,,563,Chiming clock,2168.0,1,2168.0
42400967,1595689188839,STR3781,POS444,NONPRIME,9223558893,CASH,TAKEAWAY,,,,628,Window Scarf,1774.0,2,3548.0
42400967,1595689188839,STR3781,POS444,NONPRIME,9223558893,CASH,TAKEAWAY,,,,638,Baster,1214.0,1,1214.0
42400967,1595689188839,STR3781,POS444,NONPRIME,9223558893,CASH,TAKEAWAY,,,,203,Bunk bed,1686.0,2,3372.0
42507008,1595689189037,STR6347,POS994,PRIME,6296964163,CASH,TAKEAWAY,,,,658,Chinois,567.0,2,1134.0
56201096,1595689189052,STR8513,POS582,PRIME,6705218300,CASH,TAKEAWAY,,,,673,Dough scraper,980.0,1,980.0
56201096,1595689189052,STR8513,POS582,PRIME,6705218300,CASH,TAKEAWAY,,,,543,Lighthouse clock,636.0,1,636.0
56201096,1595689189052,STR8513,POS582,PRIME,6705218300,CASH,TAKEAWAY,,,,668,Crab cracker,785.0,1,785.0
56201096,1595689189052,STR8513,POS582,PRIME,6705218300,CASH,TAKEAWAY,,,,398,Latex Mattress,773.0,2,1546.0
50027628,1595689189153,STR6162,POS431,NONPRIME,8651346374,CARD,HOME-DELIVERY,Varanasi,Uttar Pradesh,,398,Latex Mattress,773.0,2,1546.0
50027628,1595689189153,STR6162,POS431,NONPRIME,8651346374,CARD,HOME-DELIVERY,Varanasi,Uttar Pradesh,,538,Grandmother clock,1301.0,2,2602.0
50027628,1595689189153,STR6162,POS431,NONPRIME,8651346374,CARD,HOME-DELIVERY,Varanasi,Uttar Pradesh,,368,Stool,888.0,2,1776.0
50027628,1595689189153,STR6162,POS431,NONPRIME,8651346374,CARD,HOME-DELIVERY,Varanasi,Uttar Pradesh,,268,Floating shelf,1894.0,2,3788.0
88915494,1595689189237,STR8513,POS155,NONPRIME,2389018842,CASH,HOME-DELIVERY,South Dum Dum,West Bengal,,423,Quilt,1485.0,1,1485.0
40773010,1595689189253,STR7188,POS682,NONPRIME,1489226224,CASH,TAKEAWAY,,,,503,Chef's knife,1973.0,2,3946.0
64527578,1595689189369,STR8513,POS311,NONPRIME,8111613552,CASH,TAKEAWAY,,,,693,Mandoline,250.0,2,500.0
64527578,1595689189369,STR8513,POS311,NONPRIME,8111613552,CASH,TAKEAWAY,,,,603,Sheer Curtains,1282.0,2,2564.0
84541862,1595689189469,STR7188,POS198,PRIME,5733357005,CARD,HOME-DELIVERY,Unnao,Uttar Pradesh,,398,Latex Mattress,773.0,2,1546.0
84541862,1595689189469,STR7188,POS198,PRIME,5733357005,CARD,HOME-DELIVERY,Unnao,Uttar Pradesh,,383,Innerspring Mattress,655.0,2,1310.0
45654409,1595689189569,STR6162,POS835,NONPRIME,5611417583,CARD,TAKEAWAY,,,,653,Browning tray,375.0,2,750.0
45654409,1595689189569,STR6162,POS835,NONPRIME,5611417583,CARD,TAKEAWAY,,,,358,Restraint chair,1943.0,1,1943.0
45654409,1595689189569,STR6162,POS835,NONPRIME,5611417583,CARD,TAKEAWAY,,,,328,Dining chair,1223.0,2,2446.0
30477542,1595689189785,STR5494,POS121,PRIME,9509332022,CARD,TAKEAWAY,,,,308,Butterfly chair,857.0,2,1714.0
30477542,1595689189785,STR5494,POS121,PRIME,9509332022,CARD,TAKEAWAY,,,,213,Infant bed,1755.0,2,3510.0
30477542,1595689189785,STR5494,POS121,PRIME,9509332022,CARD,TAKEAWAY,,,,323,Chiavari chair,653.0,2,1306.0
29503732,1595689189870,STR3781,POS494,PRIME,7892154732,CARD,HOME-DELIVERY,Jammu,Jammu and Kashmir,,293,Bar stool,1148.0,1,1148.0
29503732,1595689189870,STR3781,POS494,PRIME,7892154732,CARD,HOME-DELIVERY,Jammu,Jammu and Kashmir,,593,Hanging curtains,1896.0,1,1896.0
29503732,1595689189870,STR3781,POS494,PRIME,7892154732,CARD,HOME-DELIVERY,Jammu,Jammu and Kashmir,,673,Dough scraper,980.0,1,980.0
98939606,1595689189886,STR6162,POS279,PRIME,2262471989,CASH,HOME-DELIVERY,Sikar,Rajasthan,,378,Air Bed,2263.0,1,2263.0
98939606,1595689189886,STR6162,POS279,PRIME,2262471989,CASH,HOME-DELIVERY,Sikar,Rajasthan,,273,Bedroom set,842.0,2,1684.0
98939606,1595689189886,STR6162,POS279,PRIME,2262471989,CASH,HOME-DELIVERY,Sikar,Rajasthan,,218,Sofa bed,895.0,2,1790.0
70569236,1595689189970,STR2629,POS253,NONPRIME,2461788838,CARD,HOME-DELIVERY,Hathras,Uttar Pradesh,,388,Memory Foam,1884.0,2,3768.0
70569236,1595689189970,STR2629,POS253,NONPRIME,2461788838,CARD,HOME-DELIVERY,Hathras,Uttar Pradesh,,613,Goblet Pleat Drapes,1583.0,1,1583.0
70569236,1595689189970,STR2629,POS253,NONPRIME,2461788838,CARD,HOME-DELIVERY,Hathras,Uttar Pradesh,,323,Chiavari chair,653.0,1,653.0
70569236,1595689189970,STR2629,POS253,NONPRIME,2461788838,CARD,HOME-DELIVERY,Hathras,Uttar Pradesh,,538,Grandmother clock,1301.0,2,2602.0
67416965,1595689189986,STR7188,POS825,PRIME,7051101351,CASH,HOME-DELIVERY,Delhi,Delhi,,333,Gaming chair,1902.0,1,1902.0
82007613,1595689190099,STR6347,POS622,PRIME,5697125813,CARD,HOME-DELIVERY,Allappuzha,Kerala,,258,Closet,1687.0,2,3374.0
82007613,1595689190099,STR6347,POS622,PRIME,5697125813,CARD,HOME-DELIVERY,Allappuzha,Kerala,,453,Shot glass,674.0,2,1348.0
82007613,1595689190099,STR6347,POS622,PRIME,5697125813,CARD,HOME-DELIVERY,Allappuzha,Kerala,,573,Eyelet Curtains,642.0,1,642.0
82007613,1595689190099,STR6347,POS622,PRIME,5697125813,CARD,HOME-DELIVERY,Allappuzha,Kerala,,613,Goblet Pleat Drapes,1583.0,2,3166.0
53521600,1595689190302,STR6162,POS868,NONPRIME,9282685191,CARD,HOME-DELIVERY,Varanasi,Uttar Pradesh,,363,Rocking chair,2021.0,2,4042.0
6038601,1595689190403,STR8513,POS163,PRIME,2762345282,CARD,HOME-DELIVERY,Raigarh,Chhattisgarh,,633,Cafe Curtains,796.0,2,1592.0
85635323,1595689190619,STR8513,POS582,PRIME,6705218300,CASH,TAKEAWAY,,,,543,Lighthouse clock,636.0,2,1272.0
87692597,1595689190719,STR1955,POS324,NONPRIME,3916555911,CASH,HOME-DELIVERY,Gudivada,Andhra Pradesh,,563,Chiming clock,2168.0,1,2168.0
87692597,1595689190719,STR1955,POS324,NONPRIME,3916555911,CASH,HOME-DELIVERY,Gudivada,Andhra Pradesh,,658,Chinois,567.0,2,1134.0
92076601,1595689190788,STR8513,POS881,NONPRIME,2599848717,CARD,TAKEAWAY,,,,518,Hourglass,1598.0,2,3196.0
92076601,1595689190788,STR8513,POS881,NONPRIME,2599848717,CARD,TAKEAWAY,,,,328,Dining chair,1223.0,2,2446.0
92076601,1595689190788,STR8513,POS881,NONPRIME,2599848717,CARD,TAKEAWAY,,,,643,Blow torch,1955.0,1,1955.0
92076601,1595689190788,STR8513,POS881,NONPRIME,2599848717,CARD,TAKEAWAY,,,,648,Bottle opener,321.0,1,321.0
47776611,1595689190819,STR6347,POS622,PRIME,5697125813,CARD,HOME-DELIVERY,Delhi,Delhi,,488,Bread knife,1077.0,2,2154.0
47776611,1595689190819,STR6347,POS622,PRIME,5697125813,CARD,HOME-DELIVERY,Delhi,Delhi,,478,Teapot,885.0,1,885.0
93868613,1595689190888,STR3781,POS444,NONPRIME,9223558893,CASH,TAKEAWAY,,,,648,Bottle opener,321.0,2,642.0
93868613,1595689190888,STR3781,POS444,NONPRIME,9223558893,CASH,TAKEAWAY,,,,393,Hybrid Mattress,2217.0,2,4434.0
36823924,1595689190920,STR6162,POS835,NONPRIME,5611417583,CARD,TAKEAWAY,,,,323,Chiavari chair,653.0,1,653.0
36823924,1595689190920,STR6162,POS835,NONPRIME,5611417583,CARD,TAKEAWAY,,,,453,Shot glass,674.0,1,674.0
36823924,1595689190920,STR6162,POS835,NONPRIME,5611417583,CARD,TAKEAWAY,,,,453,Shot glass,674.0,1,674.0
36823924,1595689190920,STR6162,POS835,NONPRIME,5611417583,CARD,TAKEAWAY,,,,453,Shot glass,674.0,1,674.0
49662452,1595689190920,STR2629,POS768,NONPRIME,1360645962,CARD,HOME-DELIVERY,Chennai,Tamil Nadu,,318,Bofinger chair,1119.0,1,1119.0
49662452,1595689190920,STR2629,POS768,NONPRIME,1360645962,CARD,HOME-DELIVERY,Chennai,Tamil Nadu,,218,Sofa bed,895.0,1,895.0
25586311,1595689190989,STR8513,POS582,PRIME,6705218300,CASH,TAKEAWAY,,,,458,Wine glass,1644.0,2,3288.0
30820576,1595689191020,STR7188,POS664,PRIME,9316477281,CARD,HOME-DELIVERY,Ratlam,Madhya Pradesh,,363,Rocking chair,2021.0,2,4042.0
86359226,1595689191120,STR3781,POS444,NONPRIME,9223558893,CASH,TAKEAWAY,,,,558,Balloon clock,1633.0,2,3266.0
81810823,1595689191220,STR2629,POS285,NONPRIME,6419885098,CASH,TAKEAWAY,,,,393,Hybrid Mattress,2217.0,2,4434.0
81810823,1595689191220,STR2629,POS285,NONPRIME,6419885098,CASH,TAKEAWAY,,,,588,Sheer Curtains,801.0,2,1602.0
81810823,1595689191220,STR2629,POS285,NONPRIME,6419885098,CASH,TAKEAWAY,,,,278,Dining set,1940.0,1,1940.0
95800712,1595689191220,STR2629,POS253,NONPRIME,2461788838,CARD,HOME-DELIVERY,Unnao,Uttar Pradesh,,603,Sheer Curtains,1282.0,2,2564.0
95800712,1595689191220,STR2629,POS253,NONPRIME,2461788838,CARD,HOME-DELIVERY,Unnao,Uttar Pradesh,,403,Adjustable Air Mattress,1417.0,1,1417.0
95800712,1595689191220,STR2629,POS253,NONPRIME,2461788838,CARD,HOME-DELIVERY,Unnao,Uttar Pradesh,,203,Bunk bed,1686.0,1,1686.0
95800712,1595689191220,STR2629,POS253,NONPRIME,2461788838,CARD,HOME-DELIVERY,Unnao,Uttar Pradesh,,233,Coffee table,1055.0,2,2110.0
95037031,1595689191321,STR6347,POS333,NONPRIME,9740604930,CARD,HOME-DELIVERY,Karnal,Haryana,,583,Tab Top Curtains,1329.0,2,2658.0
95037031,1595689191321,STR6347,POS333,NONPRIME,9740604930,CARD,HOME-DELIVERY,Karnal,Haryana,,453,Shot glass,674.0,1,674.0
95037031,1595689191321,STR6347,POS333,NONPRIME,9740604930,CARD,HOME-DELIVERY,Karnal,Haryana,,408,Confidante,1242.0,2,2484.0
46065808,1595689191421,STR5494,POS759,NONPRIME,4937932830,CARD,HOME-DELIVERY,Bellary,Karnataka,,343,Massage chair,1354.0,2,2708.0
79926894,1595689191421,STR8513,POS163,PRIME,2762345282,CARD,HOME-DELIVERY,Sitapur,Uttar Pradesh,,378,Air Bed,2263.0,1,2263.0
79926894,1595689191421,STR8513,POS163,PRIME,2762345282,CARD,HOME-DELIVERY,Sitapur,Uttar Pradesh,,668,Crab cracker,785.0,2,1570.0
79926894,1595689191421,STR8513,POS163,PRIME,2762345282,CARD,HOME-DELIVERY,Sitapur,Uttar Pradesh,,453,Shot glass,674.0,1,674.0
73650447,1595689191490,STR7188,POS664,PRIME,9316477281,CARD,HOME-DELIVERY,Tambaram,Tamil Nadu,,403,Adjustable Air Mattress,1417.0,1,1417.0
73650447,1595689191490,STR7188,POS664,PRIME,9316477281,CARD,HOME-DELIVERY,Tambaram,Tamil Nadu,,548,Cartel clock,1500.0,2,3000.0
73650447,1595689191490,STR7188,POS664,PRIME,9316477281,CARD,HOME-DELIVERY,Tambaram,Tamil Nadu,,603,Sheer Curtains,1282.0,1,1282.0
6581100,1595689191691,STR3781,POS978,NONPRIME,6244229107,CARD,TAKEAWAY,,,,418,Wing chair,1431.0,2,2862.0
6581100,1595689191691,STR3781,POS978,NONPRIME,6244229107,CARD,TAKEAWAY,,,,218,Sofa bed,895.0,1,895.0
6581100,1595689191691,STR3781,POS978,NONPRIME,6244229107,CARD,TAKEAWAY,,,,423,Quilt,1485.0,1,1485.0
59738295,1595689191722,STR2629,POS253,NONPRIME,2461788838,CARD,HOME-DELIVERY,Sitapur,Uttar Pradesh,,543,Lighthouse clock,636.0,1,636.0
59738295,1595689191722,STR2629,POS253,NONPRIME,2461788838,CARD,HOME-DELIVERY,Sitapur,Uttar Pradesh,,303,Bench,2251.0,1,2251.0
3927712,1595689191791,STR1955,POS769,PRIME,8154556937,CARD,HOME-DELIVERY,Dabgram,West Bengal,,403,Adjustable Air Mattress,1417.0,1,1417.0
75082272,1595689191822,STR5494,POS384,NONPRIME,6048272250,CARD,HOME-DELIVERY,Arrah,Bihar,,288,Hutch,1812.0,1,1812.0
75082272,1595689191822,STR5494,POS384,NONPRIME,6048272250,CARD,HOME-DELIVERY,Arrah,Bihar,,293,Bar stool,1148.0,1,1148.0
86956399,1595689191822,STR1955,POS493,PRIME,4405006483,CARD,TAKEAWAY,,,,623,Box Pleat Drapes,1683.0,2,3366.0
86956399,1595689191822,STR1955,POS493,PRIME,4405006483,CARD,TAKEAWAY,,,,648,Bottle opener,321.0,1,321.0
99954527,1595689191922,STR2629,POS768,NONPRIME,1360645962,CARD,HOME-DELIVERY,Gudivada,Andhra Pradesh,,433,Depression glass,1950.0,2,3900.0
38044517,1595689192023,STR3781,POS444,NONPRIME,9223558893,CASH,TAKEAWAY,,,,543,Lighthouse clock,636.0,1,636.0
38044517,1595689192023,STR3781,POS444,NONPRIME,9223558893,CASH,TAKEAWAY,,,,268,Floating shelf,1894.0,1,1894.0
38044517,1595689192023,STR3781,POS444,NONPRIME,9223558893,CASH,TAKEAWAY,,,,683,Grater,370.0,2,740.0
38044517,1595689192023,STR3781,POS444,NONPRIME,9223558893,CASH,TAKEAWAY,,,,338,Kneeling chairs,442.0,2,884.0
4941279,1595689192092,STR6347,POS622,PRIME,5697125813,CARD,HOME-DELIVERY,Madurai,Tamil Nadu,,643,Blow torch,1955.0,2,3910.0
4941279,1595689192092,STR6347,POS622,PRIME,5697125813,CARD,HOME-DELIVERY,Madurai,Tamil Nadu,,368,Stool,888.0,2,1776.0
4941279,1595689192092,STR6347,POS622,PRIME,5697125813,CARD,HOME-DELIVERY,Madurai,Tamil Nadu,,398,Latex Mattress,773.0,2,1546.0
11651083,1595689192123,STR1955,POS992,NONPRIME,1482417862,CASH,TAKEAWAY,,,,393,Hybrid Mattress,2217.0,1,2217.0
87962169,1595689192223,STR1955,POS992,NONPRIME,1482417862,CASH,TAKEAWAY,,,,483,Teacups and saucers,1781.0,2,3562.0
87962169,1595689192223,STR1955,POS992,NONPRIME,1482417862,CASH,TAKEAWAY,,,,313,Brewster Chair,2195.0,1,2195.0
45783234,1595689192223,STR1955,POS769,PRIME,8154556937,CARD,HOME-DELIVERY,Serampore,West Bengal,,298,Bardic chair,1649.0,1,1649.0
45783234,1595689192223,STR1955,POS769,PRIME,8154556937,CARD,HOME-DELIVERY,Serampore,West Bengal,,508,Kitchen knife,2483.0,1,2483.0
45783234,1595689192223,STR1955,POS769,PRIME,8154556937,CARD,HOME-DELIVERY,Serampore,West Bengal,,628,Window Scarf,1774.0,2,3548.0
45783234,1595689192223,STR1955,POS769,PRIME,8154556937,CARD,HOME-DELIVERY,Serampore,West Bengal,,223,Hammock,1210.0,1,1210.0
14558735,1595689192292,STR8513,POS881,NONPRIME,2599848717,CARD,TAKEAWAY,,,,618,Pencil Pleat Drapes,1140.0,1,1140.0
14558735,1595689192292,STR8513,POS881,NONPRIME,2599848717,CARD,TAKEAWAY,,,,548,Cartel clock,1500.0,1,1500.0
14558735,1595689192292,STR8513,POS881,NONPRIME,2599848717,CARD,TAKEAWAY,,,,678,Fillet knife,350.0,2,700.0
94259255,1595689192324,STR8513,POS155,NONPRIME,2389018842,CASH,HOME-DELIVERY,Raigarh,Chhattisgarh,,303,Bench,2251.0,2,4502.0
59458464,1595689192324,STR6347,POS856,NONPRIME,5724653917,CASH,TAKEAWAY,,,,623,Box Pleat Drapes,1683.0,2,3366.0
59458464,1595689192324,STR6347,POS856,NONPRIME,5724653917,CASH,TAKEAWAY,,,,323,Chiavari chair,653.0,1,653.0
59458464,1595689192324,STR6347,POS856,NONPRIME,5724653917,CASH,TAKEAWAY,,,,358,Restraint chair,1943.0,1,1943.0
59458464,1595689192324,STR6347,POS856,NONPRIME,5724653917,CASH,TAKEAWAY,,,,363,Rocking chair,2021.0,1,2021.0
94342802,1595689192443,STR5494,POS722,PRIME,9724245321,CASH,HOME-DELIVERY,Patna,Bihar,,553,Banjo clock,1651.0,1,1651.0
94342802,1595689192443,STR5494,POS722,PRIME,9724245321,CASH,HOME-DELIVERY,Patna,Bihar,,273,Bedroom set,842.0,2,1684.0
85957537,1595689192504,STR1955,POS769,PRIME,8154556937,CARD,HOME-DELIVERY,Shivapuri,Madhya Pradesh,,233,Coffee table,1055.0,1,1055.0
85957537,1595689192504,STR1955,POS769,PRIME,8154556937,CARD,HOME-DELIVERY,Shivapuri,Madhya Pradesh,,583,Tab Top Curtains,1329.0,1,1329.0
85957537,1595689192504,STR1955,POS769,PRIME,8154556937,CARD,HOME-DELIVERY,Shivapuri,Madhya Pradesh,,428,Cocktail glass,1422.0,2,2844.0
85957537,1595689192504,STR1955,POS769,PRIME,8154556937,CARD,HOME-DELIVERY,Shivapuri,Madhya Pradesh,,503,Chef's knife,1973.0,1,1973.0
67417203,1595689192544,STR1955,POS324,NONPRIME,3916555911,CASH,HOME-DELIVERY,Arrah,Bihar,,693,Mandoline,250.0,2,500.0
68916092,1595689192748,STR3781,POS494,PRIME,7892154732,CARD,HOME-DELIVERY,South Dum Dum,West Bengal,,418,Wing chair,1431.0,2,2862.0
68916092,1595689192748,STR3781,POS494,PRIME,7892154732,CARD,HOME-DELIVERY,South Dum Dum,West Bengal,,303,Bench,2251.0,1,2251.0
68916092,1595689192748,STR3781,POS494,PRIME,7892154732,CARD,HOME-DELIVERY,South Dum Dum,West Bengal,,278,Dining set,1940.0,1,1940.0
68916092,1595689192748,STR3781,POS494,PRIME,7892154732,CARD,HOME-DELIVERY,South Dum Dum,West Bengal,,283,Portable Lamps,2236.0,1,2236.0
92282538,1595689192962,STR2629,POS172,NONPRIME,7829975914,CASH,HOME-DELIVERY,Pali,Rajasthan,,588,Sheer Curtains,801.0,2,1602.0
92282538,1595689192962,STR2629,POS172,NONPRIME,7829975914,CASH,HOME-DELIVERY,Pali,Rajasthan,,623,Box Pleat Drapes,1683.0,2,3366.0
82888701,1595689192962,STR7188,POS664,PRIME,9316477281,CARD,HOME-DELIVERY,Ongole,Andhra Pradesh,,243,Folding table,738.0,2,1476.0
82888701,1595689192962,STR7188,POS664,PRIME,9316477281,CARD,HOME-DELIVERY,Ongole,Andhra Pradesh,,438,Lead glass,2069.0,1,2069.0
82888701,1595689192962,STR7188,POS664,PRIME,9316477281,CARD,HOME-DELIVERY,Ongole,Andhra Pradesh,,428,Cocktail glass,1422.0,1,1422.0
43611660,1595689193131,STR1955,POS992,NONPRIME,1482417862,CASH,TAKEAWAY,,,,553,Banjo clock,1651.0,1,1651.0
43611660,1595689193131,STR1955,POS992,NONPRIME,1482417862,CASH,TAKEAWAY,,,,558,Balloon clock,1633.0,2,3266.0
45119957,1595689193178,STR8513,POS311,NONPRIME,8111613552,CASH,TAKEAWAY,,,,253,Bathroom cabinet,1513.0,1,1513.0
45119957,1595689193178,STR8513,POS311,NONPRIME,8111613552,CASH,TAKEAWAY,,,,368,Stool,888.0,1,888.0
45119957,1595689193178,STR8513,POS311,NONPRIME,8111613552,CASH,TAKEAWAY,,,,433,Depression glass,1950.0,1,1950.0
45119957,1595689193178,STR8513,POS311,NONPRIME,8111613552,CASH,TAKEAWAY,,,,303,Bench,2251.0,1,2251.0
94786443,1595689193231,STR5494,POS121,PRIME,9509332022,CARD,TAKEAWAY,,,,203,Bunk bed,1686.0,2,3372.0
55437217,1595689193332,STR7188,POS956,PRIME,4629185211,CARD,TAKEAWAY,,,,693,Mandoline,250.0,2,500.0
55437217,1595689193332,STR7188,POS956,PRIME,4629185211,CARD,TAKEAWAY,,,,338,Kneeling chairs,442.0,2,884.0
55437217,1595689193332,STR7188,POS956,PRIME,4629185211,CARD,TAKEAWAY,,,,528,Projection clock,2365.0,1,2365.0
55437217,1595689193332,STR7188,POS956,PRIME,4629185211,CARD,TAKEAWAY,,,,563,Chiming clock,2168.0,2,4336.0
71420411,1595689193432,STR5494,POS759,NONPRIME,4937932830,CARD,HOME-DELIVERY,Tambaram,Tamil Nadu,,208,Canopy bed,508.0,2,1016.0
71420411,1595689193432,STR5494,POS759,NONPRIME,4937932830,CARD,HOME-DELIVERY,Tambaram,Tamil Nadu,,248,TV tray table,1947.0,1,1947.0
61622261,1595689193479,STR8513,POS311,NONPRIME,8111613552,CASH,TAKEAWAY,,,,268,Floating shelf,1894.0,1,1894.0
87517593,1595689193479,STR6347,POS856,NONPRIME,5724653917,CASH,TAKEAWAY,,,,448,Martini glass,2263.0,2,4526.0
87517593,1595689193479,STR6347,POS856,NONPRIME,5724653917,CASH,TAKEAWAY,,,,633,Cafe Curtains,796.0,2,1592.0
87517593,1595689193479,STR6347,POS856,NONPRIME,5724653917,CASH,TAKEAWAY,,,,478,Teapot,885.0,2,1770.0
87517593,1595689193479,STR6347,POS856,NONPRIME,5724653917,CASH,TAKEAWAY,,,,583,Tab Top Curtains,1329.0,2,2658.0
11110307,1595689193533,STR6162,POS835,NONPRIME,5611417583,CARD,TAKEAWAY,,,,318,Bofinger chair,1119.0,1,1119.0
11110307,1595689193533,STR6162,POS835,NONPRIME,5611417583,CARD,TAKEAWAY,,,,428,Cocktail glass,1422.0,2,2844.0
50704303,1595689193633,STR7188,POS956,PRIME,4629185211,CARD,TAKEAWAY,,,,698,Meat grinder,1250.0,2,2500.0
50704303,1595689193633,STR7188,POS956,PRIME,4629185211,CARD,TAKEAWAY,,,,273,Bedroom set,842.0,2,1684.0
50704303,1595689193633,STR7188,POS956,PRIME,4629185211,CARD,TAKEAWAY,,,,468,Lunch box,1467.0,2,2934.0
50704303,1595689193633,STR7188,POS956,PRIME,4629185211,CARD,TAKEAWAY,,,,478,Teapot,885.0,2,1770.0
60319211,1595689193680,STR7188,POS682,NONPRIME,1489226224,CASH,TAKEAWAY,,,,268,Floating shelf,1894.0,2,3788.0
60319211,1595689193680,STR7188,POS682,NONPRIME,1489226224,CASH,TAKEAWAY,,,,353,Recliner,1585.0,2,3170.0
60319211,1595689193680,STR7188,POS682,NONPRIME,1489226224,CASH,TAKEAWAY,,,,318,Bofinger chair,1119.0,1,1119.0
92725339,1595689193680,STR2629,POS253,NONPRIME,2461788838,CARD,HOME-DELIVERY,Delhi,Delhi,,663,Corkscrew,983.0,1,983.0
64597019,1595689193733,STR3781,POS444,NONPRIME,9223558893,CASH,TAKEAWAY,,,,578,Goblet Pleat Curtains,1765.0,1,1765.0
64597019,1595689193733,STR3781,POS444,NONPRIME,9223558893,CASH,TAKEAWAY,,,,318,Bofinger chair,1119.0,2,2238.0
64597019,1595689193733,STR3781,POS444,NONPRIME,9223558893,CASH,TAKEAWAY,,,,298,Bardic chair,1649.0,2,3298.0
24222577,1595689193780,STR6347,POS622,PRIME,5697125813,CARD,HOME-DELIVERY,Faridabad,Haryana,,513,Flip clock,1259.0,2,2518.0
24222577,1595689193780,STR6347,POS622,PRIME,5697125813,CARD,HOME-DELIVERY,Faridabad,Haryana,,388,Memory Foam,1884.0,1,1884.0
24222577,1595689193780,STR6347,POS622,PRIME,5697125813,CARD,HOME-DELIVERY,Faridabad,Haryana,,263,Kitchen cabinet,1050.0,2,2100.0
30231439,1595689193881,STR6162,POS279,PRIME,2262471989,CASH,HOME-DELIVERY,Nellore,Andhra Pradesh,,688,Ladle,570.0,1,570.0
23157479,1595689193981,STR3781,POS978,NONPRIME,6244229107,CARD,TAKEAWAY,,,,443,Margarita glass,2475.0,1,2475.0
23157479,1595689193981,STR3781,POS978,NONPRIME,6244229107,CARD,TAKEAWAY,,,,568,Pinch Pleated Curtains,1718.0,1,1718.0
83895361,1595689193981,STR5494,POS121,PRIME,9509332022,CARD,TAKEAWAY,,,,358,Restraint chair,1943.0,1,1943.0
83895361,1595689193981,STR5494,POS121,PRIME,9509332022,CARD,TAKEAWAY,,,,303,Bench,2251.0,2,4502.0
83895361,1595689193981,STR5494,POS121,PRIME,9509332022,CARD,TAKEAWAY,,,,613,Goblet Pleat Drapes,1583.0,1,1583.0
57772238,1595689194081,STR7188,POS682,NONPRIME,1489226224,CASH,TAKEAWAY,,,,693,Mandoline,250.0,1,250.0
57772238,1595689194081,STR7188,POS682,NONPRIME,1489226224,CASH,TAKEAWAY,,,,203,Bunk bed,1686.0,1,1686.0
40663489,1595689194366,STR3781,POS444,NONPRIME,9223558893,CASH,TAKEAWAY,,,,213,Infant bed,1755.0,2,3510.0
40663489,1595689194366,STR3781,POS444,NONPRIME,9223558893,CASH,TAKEAWAY,,,,468,Lunch box,1467.0,1,1467.0
40663489,1595689194366,STR3781,POS444,NONPRIME,9223558893,CASH,TAKEAWAY,,,,383,Innerspring Mattress,655.0,1,655.0
96055254,1595689194520,STR6162,POS279,PRIME,2262471989,CASH,HOME-DELIVERY,Patna,Bihar,,638,Baster,1214.0,2,2428.0
14953393,1595689194520,STR6162,POS868,NONPRIME,9282685191,CARD,HOME-DELIVERY,Kolkata,West Bengal,,403,Adjustable Air Mattress,1417.0,2,2834.0
14953393,1595689194520,STR6162,POS868,NONPRIME,9282685191,CARD,HOME-DELIVERY,Kolkata,West Bengal,,368,Stool,888.0,1,888.0
75270190,1595689194667,STR6162,POS987,NONPRIME,8071065242,CASH,TAKEAWAY,,,,658,Chinois,567.0,1,567.0
75270190,1595689194667,STR6162,POS987,NONPRIME,8071065242,CASH,TAKEAWAY,,,,473,Mason jars,1358.0,2,2716.0
75270190,1595689194667,STR6162,POS987,NONPRIME,8071065242,CASH,TAKEAWAY,,,,303,Bench,2251.0,2,4502.0
75270190,1595689194667,STR6162,POS987,NONPRIME,8071065242,CASH,TAKEAWAY,,,,678,Fillet knife,350.0,1,350.0
67028641,1595689194767,STR7188,POS956,PRIME,4629185211,CARD,TAKEAWAY,,,,493,Boning knife,513.0,2,1026.0
67028641,1595689194767,STR7188,POS956,PRIME,4629185211,CARD,TAKEAWAY,,,,268,Floating shelf,1894.0,2,3788.0
67028641,1595689194767,STR7188,POS956,PRIME,4629185211,CARD,TAKEAWAY,,,,413,Slipcover,1896.0,2,3792.0
62402688,1595689194821,STR5494,POS384,NONPRIME,6048272250,CARD,HOME-DELIVERY,Vijayawada,Andhra Pradesh,,518,Hourglass,1598.0,1,1598.0
72012027,1595689194867,STR3781,POS494,PRIME,7892154732,CARD,HOME-DELIVERY,Alandur,Tamil Nadu,,213,Infant bed,1755.0,2,3510.0
72012027,1595689194867,STR3781,POS494,PRIME,7892154732,CARD,HOME-DELIVERY,Alandur,Tamil Nadu,,628,Window Scarf,1774.0,1,1774.0
72012027,1595689194867,STR3781,POS494,PRIME,7892154732,CARD,HOME-DELIVERY,Alandur,Tamil Nadu,,283,Portable Lamps,2236.0,1,2236.0
72012027,1595689194867,STR3781,POS494,PRIME,7892154732,CARD,HOME-DELIVERY,Alandur,Tamil Nadu,,448,Martini glass,2263.0,2,4526.0
58249932,1595689194921,STR6162,POS987,NONPRIME,8071065242,CASH,TAKEAWAY,,,,438,Lead glass,2069.0,2,4138.0
58249932,1595689194921,STR6162,POS987,NONPRIME,8071065242,CASH,TAKEAWAY,,,,363,Rocking chair,2021.0,1,2021.0
59166445,1595689194968,STR1955,POS837,NONPRIME,7136581152,CASH,HOME-DELIVERY,Ahmadnagar,Maharastra,,368,Stool,888.0,1,888.0
59166445,1595689194968,STR1955,POS837,NONPRIME,7136581152,CASH,HOME-DELIVERY,Ahmadnagar,Maharastra,,513,Flip clock,1259.0,1,1259.0
42873786,1595689195169,STR1955,POS992,NONPRIME,1482417862,CASH,TAKEAWAY,,,,643,Blow torch,1955.0,2,3910.0
42873786,1595689195169,STR1955,POS992,NONPRIME,1482417862,CASH,TAKEAWAY,,,,483,Teacups and saucers,1781.0,2,3562.0
42873786,1595689195169,STR1955,POS992,NONPRIME,1482417862,CASH,TAKEAWAY,,,,323,Chiavari chair,653.0,1,653.0
42873786,1595689195169,STR1955,POS992,NONPRIME,1482417862,CASH,TAKEAWAY,,,,583,Tab Top Curtains,1329.0,1,1329.0
14691233,1595689195323,STR7188,POS682,NONPRIME,1489226224,CASH,TAKEAWAY,,,,568,Pinch Pleated Curtains,1718.0,2,3436.0
59947034,1595689195423,STR3781,POS978,NONPRIME,6244229107,CARD,TAKEAWAY,,,,383,Innerspring Mattress,655.0,1,655.0
59947034,1595689195423,STR3781,POS978,NONPRIME,6244229107,CARD,TAKEAWAY,,,,493,Boning knife,513.0,1,513.0
59947034,1595689195423,STR3781,POS978,NONPRIME,6244229107,CARD,TAKEAWAY,,,,628,Window Scarf,1774.0,1,1774.0
57868711,1595689195423,STR6162,POS835,NONPRIME,5611417583,CARD,TAKEAWAY,,,,338,Kneeling chairs,442.0,1,442.0
57868711,1595689195423,STR6162,POS835,NONPRIME,5611417583,CARD,TAKEAWAY,,,,203,Bunk bed,1686.0,1,1686.0
57868711,1595689195423,STR6162,POS835,NONPRIME,5611417583,CARD,TAKEAWAY,,,,503,Chef's knife,1973.0,2,3946.0
61405501,1595689195523,STR1955,POS324,NONPRIME,3916555911,CASH,HOME-DELIVERY,Raigarh,Chhattisgarh,,508,Kitchen knife,2483.0,1,2483.0
61405501,1595689195523,STR1955,POS324,NONPRIME,3916555911,CASH,HOME-DELIVERY,Raigarh,Chhattisgarh,,588,Sheer Curtains,801.0,2,1602.0
61405501,1595689195523,STR1955,POS324,NONPRIME,3916555911,CASH,HOME-DELIVERY,Raigarh,Chhattisgarh,,398,Latex Mattress,773.0,1,773.0
10025390,1595689195570,STR6162,POS279,PRIME,2262471989,CASH,HOME-DELIVERY,Ongole,Andhra Pradesh,,523,Oil-lamp clock,1371.0,2,2742.0
39717250,1595689195624,STR3781,POS494,PRIME,7892154732,CARD,HOME-DELIVERY,Bellary,Karnataka,,438,Lead glass,2069.0,1,2069.0
39717250,1595689195624,STR3781,POS494,PRIME,7892154732,CARD,HOME-DELIVERY,Bellary,Karnataka,,223,Hammock,1210.0,2,2420.0
57947599,1595689195739,STR5494,POS384,NONPRIME,6048272250,CARD,HOME-DELIVERY,Katihar,Bihar,,578,Goblet Pleat Curtains,1765.0,1,1765.0
54620345,1595689195786,STR5494,POS384,NONPRIME,6048272250,CARD,HOME-DELIVERY,Chapra,Bihar,,433,Depression glass,1950.0,2,3900.0
4978707,1595689195840,STR1955,POS992,NONPRIME,1482417862,CASH,TAKEAWAY,,,,603,Sheer Curtains,1282.0,2,2564.0
4978707,1595689195840,STR1955,POS992,NONPRIME,1482417862,CASH,TAKEAWAY,,,,443,Margarita glass,2475.0,1,2475.0
4978707,1595689195840,STR1955,POS992,NONPRIME,1482417862,CASH,TAKEAWAY,,,,338,Kneeling chairs,442.0,2,884.0
4978707,1595689195840,STR1955,POS992,NONPRIME,1482417862,CASH,TAKEAWAY,,,,258,Closet,1687.0,1,1687.0
51879051,1595689195840,STR7188,POS198,PRIME,5733357005,CARD,HOME-DELIVERY,Bokaro Steel City,Jharkhand,,348,Navy chair,1998.0,2,3996.0
51879051,1595689195840,STR7188,POS198,PRIME,5733357005,CARD,HOME-DELIVERY,Bokaro Steel City,Jharkhand,,678,Fillet knife,350.0,1,350.0
51879051,1595689195840,STR7188,POS198,PRIME,5733357005,CARD,HOME-DELIVERY,Bokaro Steel City,Jharkhand,,513,Flip clock,1259.0,1,1259.0
51879051,1595689195840,STR7188,POS198,PRIME,5733357005,CARD,HOME-DELIVERY,Bokaro Steel City,Jharkhand,,353,Recliner,1585.0,1,1585.0
94813673,1595689195940,STR1955,POS837,NONPRIME,7136581152,CASH,HOME-DELIVERY,Dehradun,Uttarakhand,,333,Gaming chair,1902.0,2,3804.0
94813673,1595689195940,STR1955,POS837,NONPRIME,7136581152,CASH,HOME-DELIVERY,Dehradun,Uttarakhand,,543,Lighthouse clock,636.0,1,636.0
40495900,1595689195940,STR7188,POS825,PRIME,7051101351,CASH,HOME-DELIVERY,Adoni,Andhra Pradesh,,663,Corkscrew,983.0,1,983.0
40495900,1595689195940,STR7188,POS825,PRIME,7051101351,CASH,HOME-DELIVERY,Adoni,Andhra Pradesh,,228,Divan,1083.0,1,1083.0
40495900,1595689195940,STR7188,POS825,PRIME,7051101351,CASH,HOME-DELIVERY,Adoni,Andhra Pradesh,,563,Chiming clock,2168.0,2,4336.0
53079862,1595689195987,STR5494,POS121,PRIME,9509332022,CARD,TAKEAWAY,,,,408,Confidante,1242.0,2,2484.0
90543132,1595689196040,STR1955,POS992,NONPRIME,1482417862,CASH,TAKEAWAY,,,,698,Meat grinder,1250.0,1,1250.0
90543132,1595689196040,STR1955,POS992,NONPRIME,1482417862,CASH,TAKEAWAY,,,,538,Grandmother clock,1301.0,1,1301.0
90543132,1595689196040,STR1955,POS992,NONPRIME,1482417862,CASH,TAKEAWAY,,,,653,Browning tray,375.0,1,375.0
90543132,1595689196040,STR1955,POS992,NONPRIME,1482417862,CASH,TAKEAWAY,,,,358,Restraint chair,1943.0,1,1943.0
87805865,1595689196040,STR2629,POS647,PRIME,1053863739,CASH,TAKEAWAY,,,,238,Dining table,1582.0,2,3164.0
87805865,1595689196040,STR2629,POS647,PRIME,1053863739,CASH,TAKEAWAY,,,,488,Bread knife,1077.0,1,1077.0
87805865,1595689196040,STR2629,POS647,PRIME,1053863739,CASH,TAKEAWAY,,,,218,Sofa bed,895.0,2,1790.0
60236862,1595689196141,STR1955,POS992,NONPRIME,1482417862,CASH,TAKEAWAY,,,,688,Ladle,570.0,2,1140.0
1221878,1595689196187,STR3781,POS843,NONPRIME,1191112820,CARD,HOME-DELIVERY,Ganganagar,Rajasthan,,398,Latex Mattress,773.0,2,1546.0
1221878,1595689196187,STR3781,POS843,NONPRIME,1191112820,CARD,HOME-DELIVERY,Ganganagar,Rajasthan,,258,Closet,1687.0,1,1687.0
1221878,1595689196187,STR3781,POS843,NONPRIME,1191112820,CARD,HOME-DELIVERY,Ganganagar,Rajasthan,,443,Margarita glass,2475.0,2,4950.0
81296832,1595689196241,STR2629,POS253,NONPRIME,2461788838,CARD,HOME-DELIVERY,Sikar,Rajasthan,,608,Pleated Drapes,1684.0,2,3368.0
81296832,1595689196241,STR2629,POS253,NONPRIME,2461788838,CARD,HOME-DELIVERY,Sikar,Rajasthan,,678,Fillet knife,350.0,2,700.0
81296832,1595689196241,STR2629,POS253,NONPRIME,2461788838,CARD,HOME-DELIVERY,Sikar,Rajasthan,,398,Latex Mattress,773.0,1,773.0
81296832,1595689196241,STR2629,POS253,NONPRIME,2461788838,CARD,HOME-DELIVERY,Sikar,Rajasthan,,618,Pencil Pleat Drapes,1140.0,1,1140.0
1327576,1595689196341,STR6347,POS333,NONPRIME,9740604930,CARD,HOME-DELIVERY,Farrukhabad-cum-Fatehgarh,Uttar Pradesh,,543,Lighthouse clock,636.0,1,636.0
1327576,1595689196341,STR6347,POS333,NONPRIME,9740604930,CARD,HOME-DELIVERY,Farrukhabad-cum-Fatehgarh,Uttar Pradesh,,433,Depression glass,1950.0,2,3900.0
1327576,1595689196341,STR6347,POS333,NONPRIME,9740604930,CARD,HOME-DELIVERY,Farrukhabad-cum-Fatehgarh,Uttar Pradesh,,488,Bread knife,1077.0,1,1077.0
17806379,1595689196442,STR7188,POS198,PRIME,5733357005,CARD,HOME-DELIVERY,Ratlam,Madhya Pradesh,,568,Pinch Pleated Curtains,1718.0,2,3436.0
17806379,1595689196442,STR7188,POS198,PRIME,5733357005,CARD,HOME-DELIVERY,Ratlam,Madhya Pradesh,,288,Hutch,1812.0,1,1812.0
20786167,1595689196489,STR6347,POS333,NONPRIME,9740604930,CARD,HOME-DELIVERY,Vijayawada,Andhra Pradesh,,673,Dough scraper,980.0,2,1960.0
15228510,1595689196542,STR2629,POS768,NONPRIME,1360645962,CARD,HOME-DELIVERY,Hassan,Karnataka,,268,Floating shelf,1894.0,1,1894.0
15228510,1595689196542,STR2629,POS768,NONPRIME,1360645962,CARD,HOME-DELIVERY,Hassan,Karnataka,,383,Innerspring Mattress,655.0,2,1310.0
27120967,1595689196589,STR8513,POS582,PRIME,6705218300,CASH,TAKEAWAY,,,,523,Oil-lamp clock,1371.0,2,2742.0
27120967,1595689196589,STR8513,POS582,PRIME,6705218300,CASH,TAKEAWAY,,,,273,Bedroom set,842.0,2,1684.0
27120967,1595689196589,STR8513,POS582,PRIME,6705218300,CASH,TAKEAWAY,,,,408,Confidante,1242.0,2,2484.0
5549233,1595689196689,STR3781,POS494,PRIME,7892154732,CARD,HOME-DELIVERY,Ganganagar,Rajasthan,,463,Cookie jars,793.0,2,1586.0
5549233,1595689196689,STR3781,POS494,PRIME,7892154732,CARD,HOME-DELIVERY,Ganganagar,Rajasthan,,648,Bottle opener,321.0,2,642.0
5549233,1595689196689,STR3781,POS494,PRIME,7892154732,CARD,HOME-DELIVERY,Ganganagar,Rajasthan,,458,Wine glass,1644.0,1,1644.0
88103950,1595689196743,STR7188,POS682,NONPRIME,1489226224,CASH,TAKEAWAY,,,,698,Meat grinder,1250.0,1,1250.0
88103950,1595689196743,STR7188,POS682,NONPRIME,1489226224,CASH,TAKEAWAY,,,,603,Sheer Curtains,1282.0,2,2564.0
21256365,1595689196858,STR7188,POS825,PRIME,7051101351,CASH,HOME-DELIVERY,Nagpur,Maharastra,,633,Cafe Curtains,796.0,2,1592.0
26244645,1595689196858,STR7188,POS682,NONPRIME,1489226224,CASH,TAKEAWAY,,,,508,Kitchen knife,2483.0,1,2483.0
26244645,1595689196858,STR7188,POS682,NONPRIME,1489226224,CASH,TAKEAWAY,,,,628,Window Scarf,1774.0,2,3548.0
57293779,1595689196905,STR7188,POS682,NONPRIME,1489226224,CASH,TAKEAWAY,,,,613,Goblet Pleat Drapes,1583.0,2,3166.0
62634073,1595689196959,STR3781,POS129,PRIME,4692642935,CASH,HOME-DELIVERY,Mathura,Uttar Pradesh,,578,Goblet Pleat Curtains,1765.0,2,3530.0
34398123,1595689196959,STR7188,POS664,PRIME,9316477281,CARD,HOME-DELIVERY,Guna,Madhya Pradesh,,588,Sheer Curtains,801.0,2,1602.0
34398123,1595689196959,STR7188,POS664,PRIME,9316477281,CARD,HOME-DELIVERY,Guna,Madhya Pradesh,,688,Ladle,570.0,1,570.0
34398123,1595689196959,STR7188,POS664,PRIME,9316477281,CARD,HOME-DELIVERY,Guna,Madhya Pradesh,,483,Teacups and saucers,1781.0,2,3562.0
4458237,1595689197005,STR6347,POS927,NONPRIME,3996109634,CARD,HOME-DELIVERY,Hathras,Uttar Pradesh,,218,Sofa bed,895.0,1,895.0
4458237,1595689197005,STR6347,POS927,NONPRIME,3996109634,CARD,HOME-DELIVERY,Hathras,Uttar Pradesh,,418,Wing chair,1431.0,1,1431.0
75461871,1595689197074,STR6162,POS987,NONPRIME,8071065242,CASH,TAKEAWAY,,,,698,Meat grinder,1250.0,2,2500.0
75461871,1595689197074,STR6162,POS987,NONPRIME,8071065242,CASH,TAKEAWAY,,,,368,Stool,888.0,1,888.0
75461871,1595689197074,STR6162,POS987,NONPRIME,8071065242,CASH,TAKEAWAY,,,,518,Hourglass,1598.0,2,3196.0
28294382,1595689197275,STR2629,POS253,NONPRIME,2461788838,CARD,HOME-DELIVERY,Jodhpur,Rajasthan,,583,Tab Top Curtains,1329.0,2,2658.0
28294382,1595689197275,STR2629,POS253,NONPRIME,2461788838,CARD,HOME-DELIVERY,Jodhpur,Rajasthan,,488,Bread knife,1077.0,2,2154.0
28294382,1595689197275,STR2629,POS253,NONPRIME,2461788838,CARD,HOME-DELIVERY,Jodhpur,Rajasthan,,343,Massage chair,1354.0,1,1354.0
79452347,1595689197375,STR6347,POS333,NONPRIME,9740604930,CARD,HOME-DELIVERY,Dehri,Bihar,,423,Quilt,1485.0,2,2970.0
47495165,1595689197375,STR6162,POS279,PRIME,2262471989,CASH,HOME-DELIVERY,Ambala Sadar,Haryana,,693,Mandoline,250.0,2,500.0
8183869,1595689197544,STR5494,POS759,NONPRIME,4937932830,CARD,HOME-DELIVERY,Dehri,Bihar,,458,Wine glass,1644.0,1,1644.0
8183869,1595689197544,STR5494,POS759,NONPRIME,4937932830,CARD,HOME-DELIVERY,Dehri,Bihar,,648,Bottle opener,321.0,2,642.0
8183869,1595689197544,STR5494,POS759,NONPRIME,4937932830,CARD,HOME-DELIVERY,Dehri,Bihar,,383,Innerspring Mattress,655.0,2,1310.0
8183869,1595689197544,STR5494,POS759,NONPRIME,4937932830,CARD,HOME-DELIVERY,Dehri,Bihar,,618,Pencil Pleat Drapes,1140.0,1,1140.0
7820088,1595689197591,STR7188,POS956,PRIME,4629185211,CARD,TAKEAWAY,,,,213,Infant bed,1755.0,2,3510.0
7820088,1595689197591,STR7188,POS956,PRIME,4629185211,CARD,TAKEAWAY,,,,613,Goblet Pleat Drapes,1583.0,2,3166.0
46475218,1595689197691,STR7188,POS664,PRIME,9316477281,CARD,HOME-DELIVERY,Secunderabad,Andhra Pradesh,,688,Ladle,570.0,2,1140.0
46475218,1595689197691,STR7188,POS664,PRIME,9316477281,CARD,HOME-DELIVERY,Secunderabad,Andhra Pradesh,,663,Corkscrew,983.0,2,1966.0
46475218,1595689197691,STR7188,POS664,PRIME,9316477281,CARD,HOME-DELIVERY,Secunderabad,Andhra Pradesh,,573,Eyelet Curtains,642.0,2,1284.0
82436283,1595689197745,STR2629,POS172,NONPRIME,7829975914,CASH,HOME-DELIVERY,Ambala Sadar,Haryana,,683,Grater,370.0,1,370.0
82436283,1595689197745,STR2629,POS172,NONPRIME,7829975914,CASH,HOME-DELIVERY,Ambala Sadar,Haryana,,363,Rocking chair,2021.0,1,2021.0
82436283,1595689197745,STR2629,POS172,NONPRIME,7829975914,CASH,HOME-DELIVERY,Ambala Sadar,Haryana,,608,Pleated Drapes,1684.0,1,1684.0
82436283,1595689197745,STR2629,POS172,NONPRIME,7829975914,CASH,HOME-DELIVERY,Ambala Sadar,Haryana,,478,Teapot,885.0,2,1770.0
51230687,1595689197945,STR6162,POS835,NONPRIME,5611417583,CARD,TAKEAWAY,,,,313,Brewster Chair,2195.0,2,4390.0
51230687,1595689197945,STR6162,POS835,NONPRIME,5611417583,CARD,TAKEAWAY,,,,618,Pencil Pleat Drapes,1140.0,2,2280.0
62419442,1595689198093,STR1955,POS324,NONPRIME,3916555911,CASH,HOME-DELIVERY,Champdani,West Bengal,,663,Corkscrew,983.0,1,983.0
62419442,1595689198093,STR1955,POS324,NONPRIME,3916555911,CASH,HOME-DELIVERY,Champdani,West Bengal,,588,Sheer Curtains,801.0,1,801.0
87626299,1595689198093,STR2629,POS768,NONPRIME,1360645962,CARD,HOME-DELIVERY,Shivapuri,Madhya Pradesh,,688,Ladle,570.0,1,570.0
87626299,1595689198093,STR2629,POS768,NONPRIME,1360645962,CARD,HOME-DELIVERY,Shivapuri,Madhya Pradesh,,663,Corkscrew,983.0,1,983.0
8130870,1595689198146,STR2629,POS285,NONPRIME,6419885098,CASH,TAKEAWAY,,,,258,Closet,1687.0,2,3374.0
8130870,1595689198146,STR2629,POS285,NONPRIME,6419885098,CASH,TAKEAWAY,,,,593,Hanging curtains,1896.0,2,3792.0
8130870,1595689198146,STR2629,POS285,NONPRIME,6419885098,CASH,TAKEAWAY,,,,278,Dining set,1940.0,2,3880.0
74649165,1595689198193,STR6162,POS987,NONPRIME,8071065242,CASH,TAKEAWAY,,,,518,Hourglass,1598.0,1,1598.0
41121706,1595689198193,STR8513,POS881,NONPRIME,2599848717,CARD,TAKEAWAY,,,,563,Chiming clock,2168.0,1,2168.0
41121706,1595689198193,STR8513,POS881,NONPRIME,2599848717,CARD,TAKEAWAY,,,,563,Chiming clock,2168.0,1,2168.0
41121706,1595689198193,STR8513,POS881,NONPRIME,2599848717,CARD,TAKEAWAY,,,,623,Box Pleat Drapes,1683.0,1,1683.0
51839320,1595689198347,STR6347,POS994,PRIME,6296964163,CASH,TAKEAWAY,,,,408,Confidante,1242.0,1,1242.0
9638765,1595689198394,STR1955,POS769,PRIME,8154556937,CARD,HOME-DELIVERY,Chhindwara,Madhya Pradesh,,623,Box Pleat Drapes,1683.0,2,3366.0
59260566,1595689198447,STR1955,POS324,NONPRIME,3916555911,CASH,HOME-DELIVERY,Madurai,Tamil Nadu,,218,Sofa bed,895.0,1,895.0
94160004,1595689198494,STR5494,POS759,NONPRIME,4937932830,CARD,HOME-DELIVERY,Karnal,Haryana,,288,Hutch,1812.0,1,1812.0
94160004,1595689198494,STR5494,POS759,NONPRIME,4937932830,CARD,HOME-DELIVERY,Karnal,Haryana,,393,Hybrid Mattress,2217.0,1,2217.0
94160004,1595689198494,STR5494,POS759,NONPRIME,4937932830,CARD,HOME-DELIVERY,Karnal,Haryana,,378,Air Bed,2263.0,2,4526.0
89291751,1595689198494,STR1955,POS769,PRIME,8154556937,CARD,HOME-DELIVERY,Sambalpur,Odisha,,563,Chiming clock,2168.0,1,2168.0
17367988,1595689198547,STR1955,POS493,PRIME,4405006483,CARD,TAKEAWAY,,,,438,Lead glass,2069.0,2,4138.0
80807912,1595689198594,STR5494,POS759,NONPRIME,4937932830,CARD,HOME-DELIVERY,Hyderabad,Andhra Pradesh,,613,Goblet Pleat Drapes,1583.0,1,1583.0
56661336,1595689198648,STR5494,POS384,NONPRIME,6048272250,CARD,HOME-DELIVERY,Murwara,Madhya Pradesh,,553,Banjo clock,1651.0,2,3302.0
56661336,1595689198648,STR5494,POS384,NONPRIME,6048272250,CARD,HOME-DELIVERY,Murwara,Madhya Pradesh,,433,Depression glass,1950.0,2,3900.0
56661336,1595689198648,STR5494,POS384,NONPRIME,6048272250,CARD,HOME-DELIVERY,Murwara,Madhya Pradesh,,663,Corkscrew,983.0,2,1966.0
45039122,1595689198695,STR1955,POS324,NONPRIME,3916555911,CASH,HOME-DELIVERY,Nagaon,Assam,,523,Oil-lamp clock,1371.0,2,2742.0
45039122,1595689198695,STR1955,POS324,NONPRIME,3916555911,CASH,HOME-DELIVERY,Nagaon,Assam,,418,Wing chair,1431.0,2,2862.0
45039122,1595689198695,STR1955,POS324,NONPRIME,3916555911,CASH,HOME-DELIVERY,Nagaon,Assam,,433,Depression glass,1950.0,2,3900.0
45039122,1595689198695,STR1955,POS324,NONPRIME,3916555911,CASH,HOME-DELIVERY,Nagaon,Assam,,383,Innerspring Mattress,655.0,2,1310.0
82400056,1595689198795,STR3781,POS494,PRIME,7892154732,CARD,HOME-DELIVERY,Agra,Uttar Pradesh,,328,Dining chair,1223.0,2,2446.0
56122852,1595689198795,STR1955,POS324,NONPRIME,3916555911,CASH,HOME-DELIVERY,Surendranagar,Gujarat,,633,Cafe Curtains,796.0,1,796.0
56122852,1595689198795,STR1955,POS324,NONPRIME,3916555911,CASH,HOME-DELIVERY,Surendranagar,Gujarat,,618,Pencil Pleat Drapes,1140.0,1,1140.0
56122852,1595689198795,STR1955,POS324,NONPRIME,3916555911,CASH,HOME-DELIVERY,Surendranagar,Gujarat,,633,Cafe Curtains,796.0,1,796.0
56122852,1595689198795,STR1955,POS324,NONPRIME,3916555911,CASH,HOME-DELIVERY,Surendranagar,Gujarat,,563,Chiming clock,2168.0,2,4336.0
21997673,1595689198848,STR6162,POS835,NONPRIME,5611417583,CARD,TAKEAWAY,,,,363,Rocking chair,2021.0,2,4042.0
21997673,1595689198848,STR6162,POS835,NONPRIME,5611417583,CARD,TAKEAWAY,,,,263,Kitchen cabinet,1050.0,1,1050.0
54005579,1595689198895,STR1955,POS493,PRIME,4405006483,CARD,TAKEAWAY,,,,588,Sheer Curtains,801.0,1,801.0
54005579,1595689198895,STR1955,POS493,PRIME,4405006483,CARD,TAKEAWAY,,,,553,Banjo clock,1651.0,1,1651.0
98045870,1595689198949,STR3781,POS129,PRIME,4692642935,CASH,HOME-DELIVERY,Dehri,Bihar,,348,Navy chair,1998.0,1,1998.0
98045870,1595689198949,STR3781,POS129,PRIME,4692642935,CASH,HOME-DELIVERY,Dehri,Bihar,,338,Kneeling chairs,442.0,1,442.0
20242092,1595689198996,STR8513,POS311,NONPRIME,8111613552,CASH,TAKEAWAY,,,,298,Bardic chair,1649.0,2,3298.0
20242092,1595689198996,STR8513,POS311,NONPRIME,8111613552,CASH,TAKEAWAY,,,,348,Navy chair,1998.0,2,3996.0
84883515,1595689199049,STR7188,POS825,PRIME,7051101351,CASH,HOME-DELIVERY,Vijayawada,Andhra Pradesh,,263,Kitchen cabinet,1050.0,2,2100.0
84883515,1595689199049,STR7188,POS825,PRIME,7051101351,CASH,HOME-DELIVERY,Vijayawada,Andhra Pradesh,,478,Teapot,885.0,1,885.0
84883515,1595689199049,STR7188,POS825,PRIME,7051101351,CASH,HOME-DELIVERY,Vijayawada,Andhra Pradesh,,623,Box Pleat Drapes,1683.0,1,1683.0
73091221,1595689199096,STR5494,POS759,NONPRIME,4937932830,CARD,HOME-DELIVERY,Shahjahanpur,Uttar Pradesh,,458,Wine glass,1644.0,1,1644.0
73091221,1595689199096,STR5494,POS759,NONPRIME,4937932830,CARD,HOME-DELIVERY,Shahjahanpur,Uttar Pradesh,,623,Box Pleat Drapes,1683.0,1,1683.0
40206070,1595689199096,STR8513,POS155,NONPRIME,2389018842,CASH,HOME-DELIVERY,Gudivada,Andhra Pradesh,,393,Hybrid Mattress,2217.0,2,4434.0
40206070,1595689199096,STR8513,POS155,NONPRIME,2389018842,CASH,HOME-DELIVERY,Gudivada,Andhra Pradesh,,268,Floating shelf,1894.0,1,1894.0
40206070,1595689199096,STR8513,POS155,NONPRIME,2389018842,CASH,HOME-DELIVERY,Gudivada,Andhra Pradesh,,213,Infant bed,1755.0,2,3510.0
40206070,1595689199096,STR8513,POS155,NONPRIME,2389018842,CASH,HOME-DELIVERY,Gudivada,Andhra Pradesh,,283,Portable Lamps,2236.0,2,4472.0
85289743,1595689199250,STR2629,POS253,NONPRIME,2461788838,CARD,HOME-DELIVERY,Darbhanga,Bihar,,468,Lunch box,1467.0,2,2934.0
84412474,1595689199397,STR8513,POS155,NONPRIME,2389018842,CASH,HOME-DELIVERY,Darbhanga,Bihar,,593,Hanging curtains,1896.0,1,1896.0
84412474,1595689199397,STR8513,POS155,NONPRIME,2389018842,CASH,HOME-DELIVERY,Darbhanga,Bihar,,283,Portable Lamps,2236.0,1,2236.0
84412474,1595689199397,STR8513,POS155,NONPRIME,2389018842,CASH,HOME-DELIVERY,Darbhanga,Bihar,,458,Wine glass,1644.0,1,1644.0
43124253,1595689199497,STR7188,POS664,PRIME,9316477281,CARD,HOME-DELIVERY,Banda,Uttar Pradesh,,248,TV tray table,1947.0,1,1947.0
18523158,1595689199651,STR7188,POS956,PRIME,4629185211,CARD,TAKEAWAY,,,,563,Chiming clock,2168.0,1,2168.0
53443529,1595689199698,STR6347,POS927,NONPRIME,3996109634,CARD,HOME-DELIVERY,Arrah,Bihar,,203,Bunk bed,1686.0,1,1686.0
53443529,1595689199698,STR6347,POS927,NONPRIME,3996109634,CARD,HOME-DELIVERY,Arrah,Bihar,,683,Grater,370.0,1,370.0
99595888,1595689199698,STR7188,POS198,PRIME,5733357005,CARD,HOME-DELIVERY,Chapra,Bihar,,423,Quilt,1485.0,2,2970.0
99595888,1595689199698,STR7188,POS198,PRIME,5733357005,CARD,HOME-DELIVERY,Chapra,Bihar,,303,Bench,2251.0,2,4502.0
99595888,1595689199698,STR7188,POS198,PRIME,5733357005,CARD,HOME-DELIVERY,Chapra,Bihar,,273,Bedroom set,842.0,2,1684.0
12125182,1595689199798,STR6347,POS994,PRIME,6296964163,CASH,TAKEAWAY,,,,313,Brewster Chair,2195.0,2,4390.0
12125182,1595689199798,STR6347,POS994,PRIME,6296964163,CASH,TAKEAWAY,,,,273,Bedroom set,842.0,1,842.0
12125182,1595689199798,STR6347,POS994,PRIME,6296964163,CASH,TAKEAWAY,,,,598,Grommet Curtains,914.0,2,1828.0
12125182,1595689199798,STR6347,POS994,PRIME,6296964163,CASH,TAKEAWAY,,,,683,Grater,370.0,2,740.0
41362022,1595689199999,STR7188,POS825,PRIME,7051101351,CASH,HOME-DELIVERY,Guna,Madhya Pradesh,,263,Kitchen cabinet,1050.0,2,2100.0
41362022,1595689199999,STR7188,POS825,PRIME,7051101351,CASH,HOME-DELIVERY,Guna,Madhya Pradesh,,213,Infant bed,1755.0,1,1755.0
41362022,1595689199999,STR7188,POS825,PRIME,7051101351,CASH,HOME-DELIVERY,Guna,Madhya Pradesh,,353,Recliner,1585.0,2,3170.0
41362022,1595689199999,STR7188,POS825,PRIME,7051101351,CASH,HOME-DELIVERY,Guna,Madhya Pradesh,,378,Air Bed,2263.0,2,4526.0
98412920,1595689200099,STR1955,POS769,PRIME,8154556937,CARD,HOME-DELIVERY,Hyderabad,Andhra Pradesh,,523,Oil-lamp clock,1371.0,2,2742.0
98412920,1595689200099,STR1955,POS769,PRIME,8154556937,CARD,HOME-DELIVERY,Hyderabad,Andhra Pradesh,,553,Banjo clock,1651.0,1,1651.0
98412920,1595689200099,STR1955,POS769,PRIME,8154556937,CARD,HOME-DELIVERY,Hyderabad,Andhra Pradesh,,633,Cafe Curtains,796.0,2,1592.0
98412920,1595689200099,STR1955,POS769,PRIME,8154556937,CARD,HOME-DELIVERY,Hyderabad,Andhra Pradesh,,268,Floating shelf,1894.0,1,1894.0
2016031,1595689200400,STR6347,POS333,NONPRIME,9740604930,CARD,HOME-DELIVERY,Surendranagar,Gujarat,,668,Crab cracker,785.0,2,1570.0
65444211,1595689200400,STR2629,POS172,NONPRIME,7829975914,CASH,HOME-DELIVERY,Shivapuri,Madhya Pradesh,,428,Cocktail glass,1422.0,2,2844.0
65444211,1595689200400,STR2629,POS172,NONPRIME,7829975914,CASH,HOME-DELIVERY,Shivapuri,Madhya Pradesh,,613,Goblet Pleat Drapes,1583.0,1,1583.0
65444211,1595689200400,STR2629,POS172,NONPRIME,7829975914,CASH,HOME-DELIVERY,Shivapuri,Madhya Pradesh,,378,Air Bed,2263.0,2,4526.0
65444211,1595689200400,STR2629,POS172,NONPRIME,7829975914,CASH,HOME-DELIVERY,Shivapuri,Madhya Pradesh,,513,Flip clock,1259.0,1,1259.0
17804883,1595689200501,STR3781,POS843,NONPRIME,1191112820,CARD,HOME-DELIVERY,Jaipur,Rajasthan,,693,Mandoline,250.0,1,250.0
17804883,1595689200501,STR3781,POS843,NONPRIME,1191112820,CARD,HOME-DELIVERY,Jaipur,Rajasthan,,238,Dining table,1582.0,1,1582.0
17804883,1595689200501,STR3781,POS843,NONPRIME,1191112820,CARD,HOME-DELIVERY,Jaipur,Rajasthan,,568,Pinch Pleated Curtains,1718.0,2,3436.0
39755937,1595689200554,STR6347,POS622,PRIME,5697125813,CARD,HOME-DELIVERY,Chennai,Tamil Nadu,,518,Hourglass,1598.0,2,3196.0
88592036,1595689200655,STR1955,POS837,NONPRIME,7136581152,CASH,HOME-DELIVERY,Puri,Odisha,,533,Rolling ball clock,1651.0,2,3302.0
88592036,1595689200655,STR1955,POS837,NONPRIME,7136581152,CASH,HOME-DELIVERY,Puri,Odisha,,463,Cookie jars,793.0,1,793.0
88592036,1595689200655,STR1955,POS837,NONPRIME,7136581152,CASH,HOME-DELIVERY,Puri,Odisha,,398,Latex Mattress,773.0,2,1546.0
45241888,1595689200701,STR7188,POS682,NONPRIME,1489226224,CASH,TAKEAWAY,,,,368,Stool,888.0,1,888.0
45241888,1595689200701,STR7188,POS682,NONPRIME,1489226224,CASH,TAKEAWAY,,,,543,Lighthouse clock,636.0,2,1272.0
16653550,1595689200701,STR1955,POS324,NONPRIME,3916555911,CASH,HOME-DELIVERY,Tambaram,Tamil Nadu,,373,Latex Mattress,1313.0,2,2626.0
16653550,1595689200701,STR1955,POS324,NONPRIME,3916555911,CASH,HOME-DELIVERY,Tambaram,Tamil Nadu,,663,Corkscrew,983.0,1,983.0
16653550,1595689200701,STR1955,POS324,NONPRIME,3916555911,CASH,HOME-DELIVERY,Tambaram,Tamil Nadu,,283,Portable Lamps,2236.0,2,4472.0
12650290,1595689200755,STR6347,POS856,NONPRIME,5724653917,CASH,TAKEAWAY,,,,318,Bofinger chair,1119.0,2,2238.0
12650290,1595689200755,STR6347,POS856,NONPRIME,5724653917,CASH,TAKEAWAY,,,,598,Grommet Curtains,914.0,2,1828.0
12650290,1595689200755,STR6347,POS856,NONPRIME,5724653917,CASH,TAKEAWAY,,,,648,Bottle opener,321.0,1,321.0
70448244,1595689200802,STR5494,POS759,NONPRIME,4937932830,CARD,HOME-DELIVERY,Ahmadnagar,Maharastra,,318,Bofinger chair,1119.0,2,2238.0
70448244,1595689200802,STR5494,POS759,NONPRIME,4937932830,CARD,HOME-DELIVERY,Ahmadnagar,Maharastra,,433,Depression glass,1950.0,2,3900.0
70448244,1595689200802,STR5494,POS759,NONPRIME,4937932830,CARD,HOME-DELIVERY,Ahmadnagar,Maharastra,,678,Fillet knife,350.0,1,350.0
34351906,1595689200902,STR6162,POS835,NONPRIME,5611417583,CARD,TAKEAWAY,,,,503,Chef's knife,1973.0,2,3946.0
34351906,1595689200902,STR6162,POS835,NONPRIME,5611417583,CARD,TAKEAWAY,,,,348,Navy chair,1998.0,2,3996.0
60150372,1595689201002,STR5494,POS121,PRIME,9509332022,CARD,TAKEAWAY,,,,498,Carving knifes,1424.0,1,1424.0
10311608,1595689201056,STR1955,POS493,PRIME,4405006483,CARD,TAKEAWAY,,,,448,Martini glass,2263.0,2,4526.0
10311608,1595689201056,STR1955,POS493,PRIME,4405006483,CARD,TAKEAWAY,,,,333,Gaming chair,1902.0,1,1902.0
10311608,1595689201056,STR1955,POS493,PRIME,4405006483,CARD,TAKEAWAY,,,,428,Cocktail glass,1422.0,2,2844.0
57160284,1595689201304,STR6162,POS279,PRIME,2262471989,CASH,HOME-DELIVERY,Mathura,Uttar Pradesh,,683,Grater,370.0,1,370.0
57160284,1595689201304,STR6162,POS279,PRIME,2262471989,CASH,HOME-DELIVERY,Mathura,Uttar Pradesh,,568,Pinch Pleated Curtains,1718.0,1,1718.0
86503632,1595689201357,STR8513,POS881,NONPRIME,2599848717,CARD,TAKEAWAY,,,,538,Grandmother clock,1301.0,2,2602.0
86503632,1595689201357,STR8513,POS881,NONPRIME,2599848717,CARD,TAKEAWAY,,,,568,Pinch Pleated Curtains,1718.0,1,1718.0
7789881,1595689201404,STR1955,POS769,PRIME,8154556937,CARD,HOME-DELIVERY,Raigarh,Chhattisgarh,,673,Dough scraper,980.0,2,1960.0
7789881,1595689201404,STR1955,POS769,PRIME,8154556937,CARD,HOME-DELIVERY,Raigarh,Chhattisgarh,,378,Air Bed,2263.0,2,4526.0
7789881,1595689201404,STR1955,POS769,PRIME,8154556937,CARD,HOME-DELIVERY,Raigarh,Chhattisgarh,,498,Carving knifes,1424.0,2,2848.0
7789881,1595689201404,STR1955,POS769,PRIME,8154556937,CARD,HOME-DELIVERY,Raigarh,Chhattisgarh,,338,Kneeling chairs,442.0,1,442.0
79367771,1595689201504,STR7188,POS825,PRIME,7051101351,CASH,HOME-DELIVERY,Bokaro Steel City,Jharkhand,,328,Dining chair,1223.0,2,2446.0
79367771,1595689201504,STR7188,POS825,PRIME,7051101351,CASH,HOME-DELIVERY,Bokaro Steel City,Jharkhand,,458,Wine glass,1644.0,2,3288.0
79367771,1595689201504,STR7188,POS825,PRIME,7051101351,CASH,HOME-DELIVERY,Bokaro Steel City,Jharkhand,,593,Hanging curtains,1896.0,1,1896.0
45328674,1595689201558,STR5494,POS384,NONPRIME,6048272250,CARD,HOME-DELIVERY,Alandur,Tamil Nadu,,223,Hammock,1210.0,1,1210.0
45328674,1595689201558,STR5494,POS384,NONPRIME,6048272250,CARD,HOME-DELIVERY,Alandur,Tamil Nadu,,228,Divan,1083.0,1,1083.0
58589619,1595689201705,STR7188,POS664,PRIME,9316477281,CARD,HOME-DELIVERY,Imphal,Manipur,,543,Lighthouse clock,636.0,2,1272.0
58589619,1595689201705,STR7188,POS664,PRIME,9316477281,CARD,HOME-DELIVERY,Imphal,Manipur,,508,Kitchen knife,2483.0,2,4966.0
58589619,1595689201705,STR7188,POS664,PRIME,9316477281,CARD,HOME-DELIVERY,Imphal,Manipur,,658,Chinois,567.0,1,567.0
58589619,1595689201705,STR7188,POS664,PRIME,9316477281,CARD,HOME-DELIVERY,Imphal,Manipur,,633,Cafe Curtains,796.0,2,1592.0
61965236,1595689201758,STR5494,POS353,NONPRIME,8189067868,CASH,TAKEAWAY,,,,618,Pencil Pleat Drapes,1140.0,2,2280.0
61965236,1595689201758,STR5494,POS353,NONPRIME,8189067868,CASH,TAKEAWAY,,,,543,Lighthouse clock,636.0,2,1272.0
21195357,1595689201805,STR1955,POS837,NONPRIME,7136581152,CASH,HOME-DELIVERY,Nellore,Andhra Pradesh,,223,Hammock,1210.0,1,1210.0
21195357,1595689201805,STR1955,POS837,NONPRIME,7136581152,CASH,HOME-DELIVERY,Nellore,Andhra Pradesh,,443,Margarita glass,2475.0,2,4950.0
68839870,1595689202059,STR6347,POS927,NONPRIME,3996109634,CARD,HOME-DELIVERY,Faridabad,Haryana,,618,Pencil Pleat Drapes,1140.0,1,1140.0
64975785,1595689260495,STR2629,POS768,NONPRIME,1360645962,CARD,HOME-DELIVERY,Multan,Punjab,,363,Rocking chair,2021.0,1,2021.0
64975785,1595689260495,STR2629,POS768,NONPRIME,1360645962,CARD,HOME-DELIVERY,Multan,Punjab,,353,Recliner,1585.0,2,3170.0
64975785,1595689260495,STR2629,POS768,NONPRIME,1360645962,CARD,HOME-DELIVERY,Multan,Punjab,,473,Mason jars,1358.0,1,1358.0
64975785,1595689260495,STR2629,POS768,NONPRIME,1360645962,CARD,HOME-DELIVERY,Multan,Punjab,,523,Oil-lamp clock,1371.0,2,2742.0
73000850,1595689260495,STR7188,POS956,PRIME,4629185211,CARD,TAKEAWAY,,,,423,Quilt,1485.0,2,2970.0
54825707,1595689260796,STR2629,POS253,NONPRIME,2461788838,CARD,HOME-DELIVERY,Jaipur,Rajasthan,,643,Blow torch,1955.0,2,3910.0
54825707,1595689260796,STR2629,POS253,NONPRIME,2461788838,CARD,HOME-DELIVERY,Jaipur,Rajasthan,,258,Closet,1687.0,2,3374.0
35986666,1595689260996,STR1955,POS769,PRIME,8154556937,CARD,HOME-DELIVERY,Raigarh,Chhattisgarh,,323,Chiavari chair,653.0,1,653.0
35986666,1595689260996,STR1955,POS769,PRIME,8154556937,CARD,HOME-DELIVERY,Raigarh,Chhattisgarh,,473,Mason jars,1358.0,1,1358.0
35986666,1595689260996,STR1955,POS769,PRIME,8154556937,CARD,HOME-DELIVERY,Raigarh,Chhattisgarh,,423,Quilt,1485.0,1,1485.0
24101502,1595689261097,STR2629,POS768,NONPRIME,1360645962,CARD,HOME-DELIVERY,Muzaffarpur,Bihar,,538,Grandmother clock,1301.0,2,2602.0
24101502,1595689261097,STR2629,POS768,NONPRIME,1360645962,CARD,HOME-DELIVERY,Muzaffarpur,Bihar,,293,Bar stool,1148.0,2,2296.0
24101502,1595689261097,STR2629,POS768,NONPRIME,1360645962,CARD,HOME-DELIVERY,Muzaffarpur,Bihar,,298,Bardic chair,1649.0,2,3298.0
48660944,1595689261097,STR6347,POS333,NONPRIME,9740604930,CARD,HOME-DELIVERY,Vijayawada,Andhra Pradesh,,213,Infant bed,1755.0,2,3510.0
49007600,1595689261206,STR7188,POS956,PRIME,4629185211,CARD,TAKEAWAY,,,,323,Chiavari chair,653.0,2,1306.0
49007600,1595689261206,STR7188,POS956,PRIME,4629185211,CARD,TAKEAWAY,,,,303,Bench,2251.0,1,2251.0
56926319,1595689261308,STR5494,POS384,NONPRIME,6048272250,CARD,HOME-DELIVERY,Junagadh,Gujarat,,518,Hourglass,1598.0,2,3196.0
56926319,1595689261308,STR5494,POS384,NONPRIME,6048272250,CARD,HOME-DELIVERY,Junagadh,Gujarat,,233,Coffee table,1055.0,1,1055.0
56926319,1595689261308,STR5494,POS384,NONPRIME,6048272250,CARD,HOME-DELIVERY,Junagadh,Gujarat,,698,Meat grinder,1250.0,2,2500.0
82908342,1595689261516,STR7188,POS664,PRIME,9316477281,CARD,HOME-DELIVERY,Hyderabad,Andhra Pradesh,,538,Grandmother clock,1301.0,1,1301.0
82908342,1595689261516,STR7188,POS664,PRIME,9316477281,CARD,HOME-DELIVERY,Hyderabad,Andhra Pradesh,,453,Shot glass,674.0,2,1348.0
43438954,1595689261632,STR2629,POS647,PRIME,1053863739,CASH,TAKEAWAY,,,,303,Bench,2251.0,1,2251.0
43438954,1595689261632,STR2629,POS647,PRIME,1053863739,CASH,TAKEAWAY,,,,528,Projection clock,2365.0,2,4730.0
43438954,1595689261632,STR2629,POS647,PRIME,1053863739,CASH,TAKEAWAY,,,,523,Oil-lamp clock,1371.0,1,1371.0
43438954,1595689261632,STR2629,POS647,PRIME,1053863739,CASH,TAKEAWAY,,,,693,Mandoline,250.0,2,500.0
30489320,1595689261732,STR6347,POS994,PRIME,6296964163,CASH,TAKEAWAY,,,,303,Bench,2251.0,1,2251.0
30489320,1595689261732,STR6347,POS994,PRIME,6296964163,CASH,TAKEAWAY,,,,588,Sheer Curtains,801.0,1,801.0
30489320,1595689261732,STR6347,POS994,PRIME,6296964163,CASH,TAKEAWAY,,,,208,Canopy bed,508.0,1,508.0
30489320,1595689261732,STR6347,POS994,PRIME,6296964163,CASH,TAKEAWAY,,,,348,Navy chair,1998.0,1,1998.0
44804970,1595689262471,STR7188,POS664,PRIME,9316477281,CARD,HOME-DELIVERY,Bokaro Steel City,Jharkhand,,283,Portable Lamps,2236.0,1,2236.0
11544889,1595689262571,STR7188,POS825,PRIME,7051101351,CASH,HOME-DELIVERY,Madurai,Tamil Nadu,,343,Massage chair,1354.0,2,2708.0
11544889,1595689262571,STR7188,POS825,PRIME,7051101351,CASH,HOME-DELIVERY,Madurai,Tamil Nadu,,513,Flip clock,1259.0,1,1259.0
3489194,1595689262671,STR3781,POS494,PRIME,7892154732,CARD,HOME-DELIVERY,Chennai,Tamil Nadu,,573,Eyelet Curtains,642.0,1,642.0
3489194,1595689262671,STR3781,POS494,PRIME,7892154732,CARD,HOME-DELIVERY,Chennai,Tamil Nadu,,658,Chinois,567.0,1,567.0
3489194,1595689262671,STR3781,POS494,PRIME,7892154732,CARD,HOME-DELIVERY,Chennai,Tamil Nadu,,333,Gaming chair,1902.0,1,1902.0
3489194,1595689262671,STR3781,POS494,PRIME,7892154732,CARD,HOME-DELIVERY,Chennai,Tamil Nadu,,333,Gaming chair,1902.0,1,1902.0
88279337,1595689262772,STR3781,POS494,PRIME,7892154732,CARD,HOME-DELIVERY,Gonda,Uttar Pradesh,,258,Closet,1687.0,1,1687.0
88279337,1595689262772,STR3781,POS494,PRIME,7892154732,CARD,HOME-DELIVERY,Gonda,Uttar Pradesh,,513,Flip clock,1259.0,1,1259.0
89392680,1595689262772,STR6162,POS868,NONPRIME,9282685191,CARD,HOME-DELIVERY,Alandur,Tamil Nadu,,333,Gaming chair,1902.0,1,1902.0
89392680,1595689262772,STR6162,POS868,NONPRIME,9282685191,CARD,HOME-DELIVERY,Alandur,Tamil Nadu,,698,Meat grinder,1250.0,1,1250.0
89392680,1595689262772,STR6162,POS868,NONPRIME,9282685191,CARD,HOME-DELIVERY,Alandur,Tamil Nadu,,303,Bench,2251.0,1,2251.0
89392680,1595689262772,STR6162,POS868,NONPRIME,9282685191,CARD,HOME-DELIVERY,Alandur,Tamil Nadu,,698,Meat grinder,1250.0,1,1250.0
34649167,1595689262872,STR5494,POS121,PRIME,9509332022,CARD,TAKEAWAY,,,,533,Rolling ball clock,1651.0,2,3302.0
34649167,1595689262872,STR5494,POS121,PRIME,9509332022,CARD,TAKEAWAY,,,,258,Closet,1687.0,1,1687.0
34649167,1595689262872,STR5494,POS121,PRIME,9509332022,CARD,TAKEAWAY,,,,668,Crab cracker,785.0,2,1570.0
34649167,1595689262872,STR5494,POS121,PRIME,9509332022,CARD,TAKEAWAY,,,,413,Slipcover,1896.0,1,1896.0
66954838,1595689262872,STR7188,POS956,PRIME,4629185211,CARD,TAKEAWAY,,,,313,Brewster Chair,2195.0,1,2195.0
66954838,1595689262872,STR7188,POS956,PRIME,4629185211,CARD,TAKEAWAY,,,,268,Floating shelf,1894.0,1,1894.0
66954838,1595689262872,STR7188,POS956,PRIME,4629185211,CARD,TAKEAWAY,,,,358,Restraint chair,1943.0,2,3886.0
66954838,1595689262872,STR7188,POS956,PRIME,4629185211,CARD,TAKEAWAY,,,,458,Wine glass,1644.0,1,1644.0
13128522,1595689262872,STR5494,POS759,NONPRIME,4937932830,CARD,HOME-DELIVERY,Cuddalore,Tamil Nadu,,668,Crab cracker,785.0,2,1570.0
13128522,1595689262872,STR5494,POS759,NONPRIME,4937932830,CARD,HOME-DELIVERY,Cuddalore,Tamil Nadu,,248,TV tray table,1947.0,2,3894.0
13128522,1595689262872,STR5494,POS759,NONPRIME,4937932830,CARD,HOME-DELIVERY,Cuddalore,Tamil Nadu,,263,Kitchen cabinet,1050.0,2,2100.0
13128522,1595689262872,STR5494,POS759,NONPRIME,4937932830,CARD,HOME-DELIVERY,Cuddalore,Tamil Nadu,,378,Air Bed,2263.0,2,4526.0
27009237,1595689262972,STR8513,POS881,NONPRIME,2599848717,CARD,TAKEAWAY,,,,293,Bar stool,1148.0,1,1148.0
27009237,1595689262972,STR8513,POS881,NONPRIME,2599848717,CARD,TAKEAWAY,,,,538,Grandmother clock,1301.0,1,1301.0
27009237,1595689262972,STR8513,POS881,NONPRIME,2599848717,CARD,TAKEAWAY,,,,473,Mason jars,1358.0,2,2716.0
27009237,1595689262972,STR8513,POS881,NONPRIME,2599848717,CARD,TAKEAWAY,,,,253,Bathroom cabinet,1513.0,2,3026.0
15673178,1595689263072,STR6162,POS835,NONPRIME,5611417583,CARD,TAKEAWAY,,,,573,Eyelet Curtains,642.0,1,642.0
15673178,1595689263072,STR6162,POS835,NONPRIME,5611417583,CARD,TAKEAWAY,,,,613,Goblet Pleat Drapes,1583.0,1,1583.0
41589434,1595689263072,STR6347,POS994,PRIME,6296964163,CASH,TAKEAWAY,,,,583,Tab Top Curtains,1329.0,1,1329.0
83991902,1595689263072,STR6347,POS927,NONPRIME,3996109634,CARD,HOME-DELIVERY,Secunderabad,Andhra Pradesh,,428,Cocktail glass,1422.0,2,2844.0
83991902,1595689263072,STR6347,POS927,NONPRIME,3996109634,CARD,HOME-DELIVERY,Secunderabad,Andhra Pradesh,,393,Hybrid Mattress,2217.0,2,4434.0
83991902,1595689263072,STR6347,POS927,NONPRIME,3996109634,CARD,HOME-DELIVERY,Secunderabad,Andhra Pradesh,,318,Bofinger chair,1119.0,1,1119.0
25553442,1595689263273,STR2629,POS647,PRIME,1053863739,CASH,TAKEAWAY,,,,233,Coffee table,1055.0,1,1055.0
25553442,1595689263273,STR2629,POS647,PRIME,1053863739,CASH,TAKEAWAY,,,,508,Kitchen knife,2483.0,2,4966.0
25553442,1595689263273,STR2629,POS647,PRIME,1053863739,CASH,TAKEAWAY,,,,538,Grandmother clock,1301.0,2,2602.0
25553442,1595689263273,STR2629,POS647,PRIME,1053863739,CASH,TAKEAWAY,,,,363,Rocking chair,2021.0,1,2021.0
75586765,1595689263474,STR8513,POS582,PRIME,6705218300,CASH,TAKEAWAY,,,,383,Innerspring Mattress,655.0,1,655.0
19151082,1595689263474,STR5494,POS121,PRIME,9509332022,CARD,TAKEAWAY,,,,603,Sheer Curtains,1282.0,2,2564.0
29086165,1595689263574,STR6162,POS987,NONPRIME,8071065242,CASH,TAKEAWAY,,,,533,Rolling ball clock,1651.0,1,1651.0
29086165,1595689263574,STR6162,POS987,NONPRIME,8071065242,CASH,TAKEAWAY,,,,528,Projection clock,2365.0,2,4730.0
29086165,1595689263574,STR6162,POS987,NONPRIME,8071065242,CASH,TAKEAWAY,,,,523,Oil-lamp clock,1371.0,1,1371.0
98424210,1595689263774,STR2629,POS253,NONPRIME,2461788838,CARD,HOME-DELIVERY,Dehri,Bihar,,518,Hourglass,1598.0,2,3196.0
98424210,1595689263774,STR2629,POS253,NONPRIME,2461788838,CARD,HOME-DELIVERY,Dehri,Bihar,,528,Projection clock,2365.0,2,4730.0
98424210,1595689263774,STR2629,POS253,NONPRIME,2461788838,CARD,HOME-DELIVERY,Dehri,Bihar,,393,Hybrid Mattress,2217.0,1,2217.0
98424210,1595689263774,STR2629,POS253,NONPRIME,2461788838,CARD,HOME-DELIVERY,Dehri,Bihar,,568,Pinch Pleated Curtains,1718.0,2,3436.0
41619656,1595688901219,STR5646,POS543,NONPRIME,5947487902,CARD,HOME-DELIVERY,Vijayawada,Andhra Pradesh,,593,Hanging curtains,1896.0,2,3792.0
41619656,1595688901219,STR5646,POS543,NONPRIME,5947487902,CARD,HOME-DELIVERY,Vijayawada,Andhra Pradesh,,293,Bar stool,1148.0,1,1148.0
41619656,1595688901219,STR5646,POS543,NONPRIME,5947487902,CARD,HOME-DELIVERY,Vijayawada,Andhra Pradesh,,273,Bedroom set,842.0,2,1684.0
41619656,1595688901219,STR5646,POS543,NONPRIME,5947487902,CARD,HOME-DELIVERY,Vijayawada,Andhra Pradesh,,408,Confidante,1242.0,2,2484.0
92104573,1595688901736,STR4899,POS584,NONPRIME,2502121621,CASH,HOME-DELIVERY,Ichalkaranji,Maharastra,,458,Wine glass,1644.0,1,1644.0
92104573,1595688901736,STR4899,POS584,NONPRIME,2502121621,CASH,HOME-DELIVERY,Ichalkaranji,Maharastra,,473,Mason jars,1358.0,1,1358.0
92104573,1595688901736,STR4899,POS584,NONPRIME,2502121621,CASH,HOME-DELIVERY,Ichalkaranji,Maharastra,,223,Hammock,1210.0,1,1210.0
16312915,1595688902755,STR5646,POS543,NONPRIME,5947487902,CARD,HOME-DELIVERY,Nagpur,Maharastra,,278,Dining set,1940.0,2,3880.0
16312915,1595688902755,STR5646,POS543,NONPRIME,5947487902,CARD,HOME-DELIVERY,Nagpur,Maharastra,,523,Oil-lamp clock,1371.0,2,2742.0
16312915,1595688902755,STR5646,POS543,NONPRIME,5947487902,CARD,HOME-DELIVERY,Nagpur,Maharastra,,263,Kitchen cabinet,1050.0,1,1050.0
38017331,1595688902755,STR4899,POS954,NONPRIME,3716602332,CASH,HOME-DELIVERY,Jodhpur,Rajasthan,,578,Goblet Pleat Curtains,1765.0,1,1765.0
38017331,1595688902755,STR4899,POS954,NONPRIME,3716602332,CASH,HOME-DELIVERY,Jodhpur,Rajasthan,,618,Pencil Pleat Drapes,1140.0,2,2280.0
71370595,1595688904262,STR2699,POS832,NONPRIME,4552039054,CASH,HOME-DELIVERY,Cuddalore,Tamil Nadu,,218,Sofa bed,895.0,1,895.0
35922487,1595688904262,STR5646,POS212,NONPRIME,4226427254,CARD,HOME-DELIVERY,Nagpur,Maharastra,,283,Portable Lamps,2236.0,2,4472.0
35922487,1595688904262,STR5646,POS212,NONPRIME,4226427254,CARD,HOME-DELIVERY,Nagpur,Maharastra,,498,Carving knifes,1424.0,1,1424.0
35922487,1595688904262,STR5646,POS212,NONPRIME,4226427254,CARD,HOME-DELIVERY,Nagpur,Maharastra,,283,Portable Lamps,2236.0,2,4472.0
35922487,1595688904262,STR5646,POS212,NONPRIME,4226427254,CARD,HOME-DELIVERY,Nagpur,Maharastra,,298,Bardic chair,1649.0,1,1649.0
35476864,1595688904763,STR4899,POS447,NONPRIME,5576072500,CARD,TAKEAWAY,,,,348,Navy chair,1998.0,1,1998.0
35476864,1595688904763,STR4899,POS447,NONPRIME,5576072500,CARD,TAKEAWAY,,,,413,Slipcover,1896.0,2,3792.0
91636108,1595689028262,STR5646,POS639,PRIME,9711257112,CARD,HOME-DELIVERY,Gonda,Uttar Pradesh,,648,Bottle opener,321.0,1,321.0
91636108,1595689028262,STR5646,POS639,PRIME,9711257112,CARD,HOME-DELIVERY,Gonda,Uttar Pradesh,,638,Baster,1214.0,1,1214.0
91636108,1595689028262,STR5646,POS639,PRIME,9711257112,CARD,HOME-DELIVERY,Gonda,Uttar Pradesh,,523,Oil-lamp clock,1371.0,2,2742.0
91636108,1595689028262,STR5646,POS639,PRIME,9711257112,CARD,HOME-DELIVERY,Gonda,Uttar Pradesh,,203,Bunk bed,1686.0,2,3372.0
84438537,1595689030008,STR4899,POS447,NONPRIME,5576072500,CARD,TAKEAWAY,,,,583,Tab Top Curtains,1329.0,2,2658.0
84438537,1595689030008,STR4899,POS447,NONPRIME,5576072500,CARD,TAKEAWAY,,,,588,Sheer Curtains,801.0,1,801.0
84438537,1595689030008,STR4899,POS447,NONPRIME,5576072500,CARD,TAKEAWAY,,,,493,Boning knife,513.0,1,513.0
643930,1595689031012,STR2699,POS832,NONPRIME,4552039054,CASH,HOME-DELIVERY,Raigarh,Chhattisgarh,,428,Cocktail glass,1422.0,2,2844.0
643930,1595689031012,STR2699,POS832,NONPRIME,4552039054,CASH,HOME-DELIVERY,Raigarh,Chhattisgarh,,488,Bread knife,1077.0,1,1077.0
643930,1595689031012,STR2699,POS832,NONPRIME,4552039054,CASH,HOME-DELIVERY,Raigarh,Chhattisgarh,,298,Bardic chair,1649.0,2,3298.0
643930,1595689031012,STR2699,POS832,NONPRIME,4552039054,CASH,HOME-DELIVERY,Raigarh,Chhattisgarh,,403,Adjustable Air Mattress,1417.0,1,1417.0
58484883,1595689031514,STR5864,POS878,NONPRIME,9728415172,CARD,TAKEAWAY,,,,678,Fillet knife,350.0,1,350.0
58484883,1595689031514,STR5864,POS878,NONPRIME,9728415172,CARD,TAKEAWAY,,,,428,Cocktail glass,1422.0,1,1422.0
58484883,1595689031514,STR5864,POS878,NONPRIME,9728415172,CARD,TAKEAWAY,,,,603,Sheer Curtains,1282.0,2,2564.0
5403400,1595689031514,STR5864,POS872,PRIME,7589671731,CASH,HOME-DELIVERY,Surendranagar,Gujarat,,203,Bunk bed,1686.0,2,3372.0
5403400,1595689031514,STR5864,POS872,PRIME,7589671731,CASH,HOME-DELIVERY,Surendranagar,Gujarat,,538,Grandmother clock,1301.0,1,1301.0
9201036,1595689033544,STR4899,POS799,PRIME,2325763742,CASH,HOME-DELIVERY,Hassan,Karnataka,,308,Butterfly chair,857.0,2,1714.0
9201036,1595689033544,STR4899,POS799,PRIME,2325763742,CASH,HOME-DELIVERY,Hassan,Karnataka,,373,Latex Mattress,1313.0,2,2626.0
9201036,1595689033544,STR4899,POS799,PRIME,2325763742,CASH,HOME-DELIVERY,Hassan,Karnataka,,468,Lunch box,1467.0,1,1467.0
9201036,1595689033544,STR4899,POS799,PRIME,2325763742,CASH,HOME-DELIVERY,Hassan,Karnataka,,593,Hanging curtains,1896.0,1,1896.0
62841350,1595689035551,STR2699,POS792,PRIME,7475384243,CASH,HOME-DELIVERY,Serampore,West Bengal,,598,Grommet Curtains,914.0,1,914.0
62841350,1595689035551,STR2699,POS792,PRIME,7475384243,CASH,HOME-DELIVERY,Serampore,West Bengal,,223,Hammock,1210.0,2,2420.0
91688630,1595689035551,STR5864,POS872,PRIME,7589671731,CASH,HOME-DELIVERY,Imphal,Manipur,,578,Goblet Pleat Curtains,1765.0,1,1765.0
91688630,1595689035551,STR5864,POS872,PRIME,7589671731,CASH,HOME-DELIVERY,Imphal,Manipur,,523,Oil-lamp clock,1371.0,2,2742.0
91688630,1595689035551,STR5864,POS872,PRIME,7589671731,CASH,HOME-DELIVERY,Imphal,Manipur,,578,Goblet Pleat Curtains,1765.0,1,1765.0
91688630,1595689035551,STR5864,POS872,PRIME,7589671731,CASH,HOME-DELIVERY,Imphal,Manipur,,213,Infant bed,1755.0,2,3510.0
74556772,1595689036554,STR2699,POS773,NONPRIME,9327106277,CASH,TAKEAWAY,,,,678,Fillet knife,350.0,2,700.0
74556772,1595689036554,STR2699,POS773,NONPRIME,9327106277,CASH,TAKEAWAY,,,,328,Dining chair,1223.0,2,2446.0
74556772,1595689036554,STR2699,POS773,NONPRIME,9327106277,CASH,TAKEAWAY,,,,618,Pencil Pleat Drapes,1140.0,2,2280.0
74556772,1595689036554,STR2699,POS773,NONPRIME,9327106277,CASH,TAKEAWAY,,,,358,Restraint chair,1943.0,2,3886.0
60492225,1595689038562,STR4899,POS584,NONPRIME,2502121621,CASH,HOME-DELIVERY,Nellore,Andhra Pradesh,,573,Eyelet Curtains,642.0,2,1284.0
60492225,1595689038562,STR4899,POS584,NONPRIME,2502121621,CASH,HOME-DELIVERY,Nellore,Andhra Pradesh,,658,Chinois,567.0,2,1134.0
60492225,1595689038562,STR4899,POS584,NONPRIME,2502121621,CASH,HOME-DELIVERY,Nellore,Andhra Pradesh,,693,Mandoline,250.0,1,250.0
35843774,1595689040570,STR5646,POS639,PRIME,9711257112,CARD,HOME-DELIVERY,Chapra,Bihar,,308,Butterfly chair,857.0,2,1714.0
99871692,1595689041072,STR2699,POS566,PRIME,7543202868,CARD,HOME-DELIVERY,Dehri,Bihar,,428,Cocktail glass,1422.0,2,2844.0
99871692,1595689041072,STR2699,POS566,PRIME,7543202868,CARD,HOME-DELIVERY,Dehri,Bihar,,213,Infant bed,1755.0,1,1755.0
24967894,1595689042577,STR2699,POS779,PRIME,6797767929,CASH,HOME-DELIVERY,Guna,Madhya Pradesh,,603,Sheer Curtains,1282.0,2,2564.0
24967894,1595689042577,STR2699,POS779,PRIME,6797767929,CASH,HOME-DELIVERY,Guna,Madhya Pradesh,,483,Teacups and saucers,1781.0,1,1781.0
24967894,1595689042577,STR2699,POS779,PRIME,6797767929,CASH,HOME-DELIVERY,Guna,Madhya Pradesh,,358,Restraint chair,1943.0,2,3886.0
24967894,1595689042577,STR2699,POS779,PRIME,6797767929,CASH,HOME-DELIVERY,Guna,Madhya Pradesh,,513,Flip clock,1259.0,1,1259.0
55412785,1595689043580,STR2699,POS832,NONPRIME,4552039054,CASH,HOME-DELIVERY,Katihar,Bihar,,413,Slipcover,1896.0,2,3792.0
55412785,1595689043580,STR2699,POS832,NONPRIME,4552039054,CASH,HOME-DELIVERY,Katihar,Bihar,,203,Bunk bed,1686.0,1,1686.0
55412785,1595689043580,STR2699,POS832,NONPRIME,4552039054,CASH,HOME-DELIVERY,Katihar,Bihar,,438,Lead glass,2069.0,2,4138.0
55412785,1595689043580,STR2699,POS832,NONPRIME,4552039054,CASH,HOME-DELIVERY,Katihar,Bihar,,278,Dining set,1940.0,1,1940.0
74456097,1595689045086,STR7443,POS365,PRIME,8790333340,CASH,HOME-DELIVERY,Arrah,Bihar,,538,Grandmother clock,1301.0,1,1301.0
74456097,1595689045086,STR7443,POS365,PRIME,8790333340,CASH,HOME-DELIVERY,Arrah,Bihar,,303,Bench,2251.0,1,2251.0
74456097,1595689045086,STR7443,POS365,PRIME,8790333340,CASH,HOME-DELIVERY,Arrah,Bihar,,498,Carving knifes,1424.0,1,1424.0
62410853,1595689048595,STR5864,POS945,PRIME,5305473526,CARD,HOME-DELIVERY,Unnao,Uttar Pradesh,,568,Pinch Pleated Curtains,1718.0,2,3436.0
62410853,1595689048595,STR5864,POS945,PRIME,5305473526,CARD,HOME-DELIVERY,Unnao,Uttar Pradesh,,553,Banjo clock,1651.0,1,1651.0
62410853,1595689048595,STR5864,POS945,PRIME,5305473526,CARD,HOME-DELIVERY,Unnao,Uttar Pradesh,,548,Cartel clock,1500.0,1,1500.0
62410853,1595689048595,STR5864,POS945,PRIME,5305473526,CARD,HOME-DELIVERY,Unnao,Uttar Pradesh,,558,Balloon clock,1633.0,1,1633.0
77137908,1595689048595,STR5646,POS624,PRIME,8109010950,CASH,TAKEAWAY,,,,213,Infant bed,1755.0,2,3510.0
77137908,1595689048595,STR5646,POS624,PRIME,8109010950,CASH,TAKEAWAY,,,,353,Recliner,1585.0,1,1585.0
77137908,1595689048595,STR5646,POS624,PRIME,8109010950,CASH,TAKEAWAY,,,,208,Canopy bed,508.0,2,1016.0
48580075,1595689049599,STR2699,POS832,NONPRIME,4552039054,CASH,HOME-DELIVERY,Dehradun,Uttarakhand,,623,Box Pleat Drapes,1683.0,2,3366.0
48580075,1595689049599,STR2699,POS832,NONPRIME,4552039054,CASH,HOME-DELIVERY,Dehradun,Uttarakhand,,513,Flip clock,1259.0,1,1259.0
48580075,1595689049599,STR2699,POS832,NONPRIME,4552039054,CASH,HOME-DELIVERY,Dehradun,Uttarakhand,,483,Teacups and saucers,1781.0,1,1781.0
53262029,1595689051607,STR2699,POS773,NONPRIME,9327106277,CASH,TAKEAWAY,,,,388,Memory Foam,1884.0,2,3768.0
53262029,1595689051607,STR2699,POS773,NONPRIME,9327106277,CASH,TAKEAWAY,,,,428,Cocktail glass,1422.0,2,2844.0
25602718,1595689051607,STR7443,POS365,PRIME,8790333340,CASH,HOME-DELIVERY,Arrah,Bihar,,633,Cafe Curtains,796.0,2,1592.0
25602718,1595689051607,STR7443,POS365,PRIME,8790333340,CASH,HOME-DELIVERY,Arrah,Bihar,,588,Sheer Curtains,801.0,2,1602.0
77544583,1595689052611,STR5646,POS639,PRIME,9711257112,CARD,HOME-DELIVERY,Delhi,Delhi,,543,Lighthouse clock,636.0,1,636.0
77544583,1595689052611,STR5646,POS639,PRIME,9711257112,CARD,HOME-DELIVERY,Delhi,Delhi,,593,Hanging curtains,1896.0,2,3792.0
77544583,1595689052611,STR5646,POS639,PRIME,9711257112,CARD,HOME-DELIVERY,Delhi,Delhi,,423,Quilt,1485.0,1,1485.0
65468939,1595689058140,STR5864,POS878,NONPRIME,9728415172,CARD,TAKEAWAY,,,,213,Infant bed,1755.0,2,3510.0
65468939,1595689058140,STR5864,POS878,NONPRIME,9728415172,CARD,TAKEAWAY,,,,363,Rocking chair,2021.0,1,2021.0
48276301,1595689060147,STR4899,POS584,NONPRIME,2502121621,CASH,HOME-DELIVERY,Ingraj Bazar,West Bengal,,343,Massage chair,1354.0,1,1354.0
48276301,1595689060147,STR4899,POS584,NONPRIME,2502121621,CASH,HOME-DELIVERY,Ingraj Bazar,West Bengal,,358,Restraint chair,1943.0,1,1943.0
48276301,1595689060147,STR4899,POS584,NONPRIME,2502121621,CASH,HOME-DELIVERY,Ingraj Bazar,West Bengal,,428,Cocktail glass,1422.0,1,1422.0
48276301,1595689060147,STR4899,POS584,NONPRIME,2502121621,CASH,HOME-DELIVERY,Ingraj Bazar,West Bengal,,413,Slipcover,1896.0,1,1896.0
69238172,1595689063172,STR5864,POS132,NONPRIME,6909538460,CASH,HOME-DELIVERY,Bellary,Karnataka,,528,Projection clock,2365.0,1,2365.0
69238172,1595689063172,STR5864,POS132,NONPRIME,6909538460,CASH,HOME-DELIVERY,Bellary,Karnataka,,448,Martini glass,2263.0,1,2263.0
69238172,1595689063172,STR5864,POS132,NONPRIME,6909538460,CASH,HOME-DELIVERY,Bellary,Karnataka,,473,Mason jars,1358.0,1,1358.0
69238172,1595689063172,STR5864,POS132,NONPRIME,6909538460,CASH,HOME-DELIVERY,Bellary,Karnataka,,638,Baster,1214.0,2,2428.0
345647,1595689064176,STR7443,POS365,PRIME,8790333340,CASH,HOME-DELIVERY,Ichalkaranji,Maharastra,,458,Wine glass,1644.0,2,3288.0
345647,1595689064176,STR7443,POS365,PRIME,8790333340,CASH,HOME-DELIVERY,Ichalkaranji,Maharastra,,698,Meat grinder,1250.0,1,1250.0
345647,1595689064176,STR7443,POS365,PRIME,8790333340,CASH,HOME-DELIVERY,Ichalkaranji,Maharastra,,638,Baster,1214.0,1,1214.0
345647,1595689064176,STR7443,POS365,PRIME,8790333340,CASH,HOME-DELIVERY,Ichalkaranji,Maharastra,,608,Pleated Drapes,1684.0,1,1684.0
85488784,1595689064678,STR7443,POS388,PRIME,8714158103,CASH,HOME-DELIVERY,Patna,Bihar,,613,Goblet Pleat Drapes,1583.0,1,1583.0
85488784,1595689064678,STR7443,POS388,PRIME,8714158103,CASH,HOME-DELIVERY,Patna,Bihar,,638,Baster,1214.0,1,1214.0
11309577,1595689068192,STR2699,POS773,NONPRIME,9327106277,CASH,TAKEAWAY,,,,578,Goblet Pleat Curtains,1765.0,1,1765.0
11309577,1595689068192,STR2699,POS773,NONPRIME,9327106277,CASH,TAKEAWAY,,,,313,Brewster Chair,2195.0,1,2195.0
68229429,1595689068192,STR5646,POS212,NONPRIME,4226427254,CARD,HOME-DELIVERY,Gudivada,Andhra Pradesh,,368,Stool,888.0,2,1776.0
68229429,1595689068192,STR5646,POS212,NONPRIME,4226427254,CARD,HOME-DELIVERY,Gudivada,Andhra Pradesh,,673,Dough scraper,980.0,2,1960.0
68229429,1595689068192,STR5646,POS212,NONPRIME,4226427254,CARD,HOME-DELIVERY,Gudivada,Andhra Pradesh,,503,Chef's knife,1973.0,2,3946.0
68229429,1595689068192,STR5646,POS212,NONPRIME,4226427254,CARD,HOME-DELIVERY,Gudivada,Andhra Pradesh,,518,Hourglass,1598.0,2,3196.0
83309905,1595689068694,STR2699,POS832,NONPRIME,4552039054,CASH,HOME-DELIVERY,Secunderabad,Andhra Pradesh,,473,Mason jars,1358.0,2,2716.0
83309905,1595689068694,STR2699,POS832,NONPRIME,4552039054,CASH,HOME-DELIVERY,Secunderabad,Andhra Pradesh,,663,Corkscrew,983.0,1,983.0
83309905,1595689068694,STR2699,POS832,NONPRIME,4552039054,CASH,HOME-DELIVERY,Secunderabad,Andhra Pradesh,,508,Kitchen knife,2483.0,2,4966.0
44662946,1595689069195,STR5864,POS465,NONPRIME,1211843745,CARD,TAKEAWAY,,,,438,Lead glass,2069.0,2,4138.0
44662946,1595689069195,STR5864,POS465,NONPRIME,1211843745,CARD,TAKEAWAY,,,,653,Browning tray,375.0,1,375.0
44662946,1595689069195,STR5864,POS465,NONPRIME,1211843745,CARD,TAKEAWAY,,,,613,Goblet Pleat Drapes,1583.0,1,1583.0
44662946,1595689069195,STR5864,POS465,NONPRIME,1211843745,CARD,TAKEAWAY,,,,668,Crab cracker,785.0,2,1570.0
26911031,1595689069697,STR5646,POS212,NONPRIME,4226427254,CARD,HOME-DELIVERY,Chapra,Bihar,,558,Balloon clock,1633.0,1,1633.0
26911031,1595689069697,STR5646,POS212,NONPRIME,4226427254,CARD,HOME-DELIVERY,Chapra,Bihar,,258,Closet,1687.0,2,3374.0
26911031,1595689069697,STR5646,POS212,NONPRIME,4226427254,CARD,HOME-DELIVERY,Chapra,Bihar,,543,Lighthouse clock,636.0,2,1272.0
2905049,1595689070199,STR4899,POS954,NONPRIME,3716602332,CASH,HOME-DELIVERY,Bellary,Karnataka,,603,Sheer Curtains,1282.0,1,1282.0
49378414,1595689071704,STR5646,POS624,PRIME,8109010950,CASH,TAKEAWAY,,,,578,Goblet Pleat Curtains,1765.0,2,3530.0
36505040,1595689073712,STR2699,POS773,NONPRIME,9327106277,CASH,TAKEAWAY,,,,478,Teapot,885.0,1,885.0
36505040,1595689073712,STR2699,POS773,NONPRIME,9327106277,CASH,TAKEAWAY,,,,238,Dining table,1582.0,2,3164.0
36505040,1595689073712,STR2699,POS773,NONPRIME,9327106277,CASH,TAKEAWAY,,,,293,Bar stool,1148.0,2,2296.0
82416260,1595689073712,STR4899,POS441,NONPRIME,4227803954,CASH,TAKEAWAY,,,,208,Canopy bed,508.0,2,1016.0
82416260,1595689073712,STR4899,POS441,NONPRIME,4227803954,CASH,TAKEAWAY,,,,338,Kneeling chairs,442.0,2,884.0
74231873,1595689074716,STR4899,POS441,NONPRIME,4227803954,CASH,TAKEAWAY,,,,463,Cookie jars,793.0,1,793.0
74231873,1595689074716,STR4899,POS441,NONPRIME,4227803954,CASH,TAKEAWAY,,,,408,Confidante,1242.0,1,1242.0
74231873,1595689074716,STR4899,POS441,NONPRIME,4227803954,CASH,TAKEAWAY,,,,578,Goblet Pleat Curtains,1765.0,1,1765.0
74231873,1595689074716,STR4899,POS441,NONPRIME,4227803954,CASH,TAKEAWAY,,,,413,Slipcover,1896.0,2,3792.0
85197014,1595689074716,STR5646,POS968,PRIME,2220404140,CASH,HOME-DELIVERY,Raigarh,Chhattisgarh,,373,Latex Mattress,1313.0,1,1313.0
85197014,1595689074716,STR5646,POS968,PRIME,2220404140,CASH,HOME-DELIVERY,Raigarh,Chhattisgarh,,393,Hybrid Mattress,2217.0,1,2217.0
85197014,1595689074716,STR5646,POS968,PRIME,2220404140,CASH,HOME-DELIVERY,Raigarh,Chhattisgarh,,333,Gaming chair,1902.0,1,1902.0
1418499,1595689075218,STR5646,POS639,PRIME,9711257112,CARD,HOME-DELIVERY,Palakkad,Kerala,,223,Hammock,1210.0,2,2420.0
1418499,1595689075218,STR5646,POS639,PRIME,9711257112,CARD,HOME-DELIVERY,Palakkad,Kerala,,553,Banjo clock,1651.0,1,1651.0
1418499,1595689075218,STR5646,POS639,PRIME,9711257112,CARD,HOME-DELIVERY,Palakkad,Kerala,,403,Adjustable Air Mattress,1417.0,1,1417.0
1418499,1595689075218,STR5646,POS639,PRIME,9711257112,CARD,HOME-DELIVERY,Palakkad,Kerala,,328,Dining chair,1223.0,1,1223.0
96739542,1595689076222,STR5646,POS624,PRIME,8109010950,CASH,TAKEAWAY,,,,448,Martini glass,2263.0,2,4526.0
96739542,1595689076222,STR5646,POS624,PRIME,8109010950,CASH,TAKEAWAY,,,,258,Closet,1687.0,1,1687.0
74673463,1595689077728,STR7443,POS411,NONPRIME,4369698403,CARD,HOME-DELIVERY,Serampore,West Bengal,,658,Chinois,567.0,2,1134.0
74673463,1595689077728,STR7443,POS411,NONPRIME,4369698403,CARD,HOME-DELIVERY,Serampore,West Bengal,,573,Eyelet Curtains,642.0,2,1284.0
74673463,1595689077728,STR7443,POS411,NONPRIME,4369698403,CARD,HOME-DELIVERY,Serampore,West Bengal,,433,Depression glass,1950.0,1,1950.0
74673463,1595689077728,STR7443,POS411,NONPRIME,4369698403,CARD,HOME-DELIVERY,Serampore,West Bengal,,583,Tab Top Curtains,1329.0,2,2658.0
43086440,1595689078230,STR4899,POS447,NONPRIME,5576072500,CARD,TAKEAWAY,,,,548,Cartel clock,1500.0,2,3000.0
99406048,1595689078732,STR4899,POS441,NONPRIME,4227803954,CASH,TAKEAWAY,,,,568,Pinch Pleated Curtains,1718.0,2,3436.0
36377593,1595689079234,STR4899,POS584,NONPRIME,2502121621,CASH,HOME-DELIVERY,Farrukhabad-cum-Fatehgarh,Uttar Pradesh,,638,Baster,1214.0,2,2428.0
36377593,1595689079234,STR4899,POS584,NONPRIME,2502121621,CASH,HOME-DELIVERY,Farrukhabad-cum-Fatehgarh,Uttar Pradesh,,293,Bar stool,1148.0,2,2296.0
36377593,1595689079234,STR4899,POS584,NONPRIME,2502121621,CASH,HOME-DELIVERY,Farrukhabad-cum-Fatehgarh,Uttar Pradesh,,503,Chef's knife,1973.0,1,1973.0
71193412,1595689080238,STR7443,POS365,PRIME,8790333340,CASH,HOME-DELIVERY,Guna,Madhya Pradesh,,228,Divan,1083.0,2,2166.0
5434078,1595689081242,STR7443,POS388,PRIME,8714158103,CASH,HOME-DELIVERY,Raigarh,Chhattisgarh,,633,Cafe Curtains,796.0,2,1592.0
5434078,1595689081242,STR7443,POS388,PRIME,8714158103,CASH,HOME-DELIVERY,Raigarh,Chhattisgarh,,418,Wing chair,1431.0,2,2862.0
5434078,1595689081242,STR7443,POS388,PRIME,8714158103,CASH,HOME-DELIVERY,Raigarh,Chhattisgarh,,458,Wine glass,1644.0,2,3288.0
5434078,1595689081242,STR7443,POS388,PRIME,8714158103,CASH,HOME-DELIVERY,Raigarh,Chhattisgarh,,268,Floating shelf,1894.0,2,3788.0
30595117,1595689082246,STR2699,POS832,NONPRIME,4552039054,CASH,HOME-DELIVERY,Nellore,Andhra Pradesh,,288,Hutch,1812.0,2,3624.0
30595117,1595689082246,STR2699,POS832,NONPRIME,4552039054,CASH,HOME-DELIVERY,Nellore,Andhra Pradesh,,493,Boning knife,513.0,2,1026.0
30595117,1595689082246,STR2699,POS832,NONPRIME,4552039054,CASH,HOME-DELIVERY,Nellore,Andhra Pradesh,,288,Hutch,1812.0,2,3624.0
30595117,1595689082246,STR2699,POS832,NONPRIME,4552039054,CASH,HOME-DELIVERY,Nellore,Andhra Pradesh,,268,Floating shelf,1894.0,1,1894.0
10575439,1595689083250,STR4899,POS799,PRIME,2325763742,CASH,HOME-DELIVERY,Dabgram,West Bengal,,698,Meat grinder,1250.0,1,1250.0
10575439,1595689083250,STR4899,POS799,PRIME,2325763742,CASH,HOME-DELIVERY,Dabgram,West Bengal,,308,Butterfly chair,857.0,2,1714.0
69390407,1595689083752,STR5646,POS968,PRIME,2220404140,CASH,HOME-DELIVERY,Serampore,West Bengal,,338,Kneeling chairs,442.0,2,884.0
69390407,1595689083752,STR5646,POS968,PRIME,2220404140,CASH,HOME-DELIVERY,Serampore,West Bengal,,368,Stool,888.0,1,888.0
66645293,1595689084254,STR4899,POS954,NONPRIME,3716602332,CASH,HOME-DELIVERY,Hathras,Uttar Pradesh,,393,Hybrid Mattress,2217.0,2,4434.0
66645293,1595689084254,STR4899,POS954,NONPRIME,3716602332,CASH,HOME-DELIVERY,Hathras,Uttar Pradesh,,673,Dough scraper,980.0,2,1960.0
90435303,1595689084756,STR5864,POS878,NONPRIME,9728415172,CARD,TAKEAWAY,,,,613,Goblet Pleat Drapes,1583.0,1,1583.0
90435303,1595689084756,STR5864,POS878,NONPRIME,9728415172,CARD,TAKEAWAY,,,,633,Cafe Curtains,796.0,2,1592.0
90435303,1595689084756,STR5864,POS878,NONPRIME,9728415172,CARD,TAKEAWAY,,,,533,Rolling ball clock,1651.0,2,3302.0
90435303,1595689084756,STR5864,POS878,NONPRIME,9728415172,CARD,TAKEAWAY,,,,588,Sheer Curtains,801.0,2,1602.0
84094384,1595689085760,STR7443,POS388,PRIME,8714158103,CASH,HOME-DELIVERY,Ratlam,Madhya Pradesh,,653,Browning tray,375.0,2,750.0
78419803,1595689085760,STR4899,POS954,NONPRIME,3716602332,CASH,HOME-DELIVERY,Cuddalore,Tamil Nadu,,483,Teacups and saucers,1781.0,2,3562.0
78419803,1595689085760,STR4899,POS954,NONPRIME,3716602332,CASH,HOME-DELIVERY,Cuddalore,Tamil Nadu,,413,Slipcover,1896.0,1,1896.0
78419803,1595689085760,STR4899,POS954,NONPRIME,3716602332,CASH,HOME-DELIVERY,Cuddalore,Tamil Nadu,,213,Infant bed,1755.0,1,1755.0
78419803,1595689085760,STR4899,POS954,NONPRIME,3716602332,CASH,HOME-DELIVERY,Cuddalore,Tamil Nadu,,498,Carving knifes,1424.0,1,1424.0
28484565,1595689086261,STR7443,POS388,PRIME,8714158103,CASH,HOME-DELIVERY,South Dum Dum,West Bengal,,493,Boning knife,513.0,1,513.0
28442208,1595689088268,STR7443,POS333,NONPRIME,5483488802,CASH,HOME-DELIVERY,Unnao,Uttar Pradesh,,438,Lead glass,2069.0,1,2069.0
28442208,1595689088268,STR7443,POS333,NONPRIME,5483488802,CASH,HOME-DELIVERY,Unnao,Uttar Pradesh,,508,Kitchen knife,2483.0,1,2483.0
28442208,1595689088268,STR7443,POS333,NONPRIME,5483488802,CASH,HOME-DELIVERY,Unnao,Uttar Pradesh,,433,Depression glass,1950.0,1,1950.0
28442208,1595689088268,STR7443,POS333,NONPRIME,5483488802,CASH,HOME-DELIVERY,Unnao,Uttar Pradesh,,458,Wine glass,1644.0,1,1644.0
29143078,1595689089772,STR2699,POS566,PRIME,7543202868,CARD,HOME-DELIVERY,Hassan,Karnataka,,493,Boning knife,513.0,2,1026.0
1431456,1595689090776,STR5646,POS639,PRIME,9711257112,CARD,HOME-DELIVERY,Banda,Uttar Pradesh,,358,Restraint chair,1943.0,2,3886.0
1431456,1595689090776,STR5646,POS639,PRIME,9711257112,CARD,HOME-DELIVERY,Banda,Uttar Pradesh,,263,Kitchen cabinet,1050.0,2,2100.0
13253738,1595689091778,STR5864,POS465,NONPRIME,1211843745,CARD,TAKEAWAY,,,,318,Bofinger chair,1119.0,2,2238.0
13253738,1595689091778,STR5864,POS465,NONPRIME,1211843745,CARD,TAKEAWAY,,,,253,Bathroom cabinet,1513.0,1,1513.0
13253738,1595689091778,STR5864,POS465,NONPRIME,1211843745,CARD,TAKEAWAY,,,,293,Bar stool,1148.0,1,1148.0
13253738,1595689091778,STR5864,POS465,NONPRIME,1211843745,CARD,TAKEAWAY,,,,668,Crab cracker,785.0,2,1570.0
36546295,1595689187238,STR7443,POS411,NONPRIME,4369698403,CARD,HOME-DELIVERY,Jaipur,Rajasthan,,503,Chef's knife,1973.0,2,3946.0
36546295,1595689187238,STR7443,POS411,NONPRIME,4369698403,CARD,HOME-DELIVERY,Jaipur,Rajasthan,,348,Navy chair,1998.0,2,3996.0
42069904,1595689187662,STR5864,POS132,NONPRIME,6909538460,CASH,HOME-DELIVERY,Multan,Punjab,,568,Pinch Pleated Curtains,1718.0,2,3436.0
42069904,1595689187662,STR5864,POS132,NONPRIME,6909538460,CASH,HOME-DELIVERY,Multan,Punjab,,648,Bottle opener,321.0,1,321.0
42069904,1595689187662,STR5864,POS132,NONPRIME,6909538460,CASH,HOME-DELIVERY,Multan,Punjab,,643,Blow torch,1955.0,2,3910.0
41437796,1595689187762,STR2699,POS566,PRIME,7543202868,CARD,HOME-DELIVERY,Chennai,Tamil Nadu,,543,Lighthouse clock,636.0,2,1272.0
41437796,1595689187762,STR2699,POS566,PRIME,7543202868,CARD,HOME-DELIVERY,Chennai,Tamil Nadu,,323,Chiavari chair,653.0,2,1306.0
34810631,1595689187979,STR7443,POS388,PRIME,8714158103,CASH,HOME-DELIVERY,Alandur,Tamil Nadu,,258,Closet,1687.0,2,3374.0
34810631,1595689187979,STR7443,POS388,PRIME,8714158103,CASH,HOME-DELIVERY,Alandur,Tamil Nadu,,553,Banjo clock,1651.0,1,1651.0
34810631,1595689187979,STR7443,POS388,PRIME,8714158103,CASH,HOME-DELIVERY,Alandur,Tamil Nadu,,443,Margarita glass,2475.0,1,2475.0
34810631,1595689187979,STR7443,POS388,PRIME,8714158103,CASH,HOME-DELIVERY,Alandur,Tamil Nadu,,263,Kitchen cabinet,1050.0,1,1050.0
7896268,1595689188081,STR2699,POS832,NONPRIME,4552039054,CASH,HOME-DELIVERY,Raigarh,Chhattisgarh,,503,Chef's knife,1973.0,1,1973.0
7896268,1595689188081,STR2699,POS832,NONPRIME,4552039054,CASH,HOME-DELIVERY,Raigarh,Chhattisgarh,,363,Rocking chair,2021.0,1,2021.0
7896268,1595689188081,STR2699,POS832,NONPRIME,4552039054,CASH,HOME-DELIVERY,Raigarh,Chhattisgarh,,693,Mandoline,250.0,1,250.0
43950747,1595689188102,STR7443,POS411,NONPRIME,4369698403,CARD,HOME-DELIVERY,Ganganagar,Rajasthan,,283,Portable Lamps,2236.0,2,4472.0
43950747,1595689188102,STR7443,POS411,NONPRIME,4369698403,CARD,HOME-DELIVERY,Ganganagar,Rajasthan,,323,Chiavari chair,653.0,1,653.0
67741512,1595689188204,STR7443,POS388,PRIME,8714158103,CASH,HOME-DELIVERY,Nellore,Andhra Pradesh,,653,Browning tray,375.0,1,375.0
67741512,1595689188204,STR7443,POS388,PRIME,8714158103,CASH,HOME-DELIVERY,Nellore,Andhra Pradesh,,243,Folding table,738.0,2,1476.0
93004786,1595689188320,STR7443,POS394,NONPRIME,7587821520,CASH,TAKEAWAY,,,,358,Restraint chair,1943.0,2,3886.0
95424604,1595689188420,STR5646,POS212,NONPRIME,4226427254,CARD,HOME-DELIVERY,Hyderabad,Andhra Pradesh,,263,Kitchen cabinet,1050.0,2,2100.0
95424604,1595689188420,STR5646,POS212,NONPRIME,4226427254,CARD,HOME-DELIVERY,Hyderabad,Andhra Pradesh,,258,Closet,1687.0,2,3374.0
21814857,1595689188636,STR2699,POS566,PRIME,7543202868,CARD,HOME-DELIVERY,Arrah,Bihar,,263,Kitchen cabinet,1050.0,2,2100.0
21814857,1595689188636,STR2699,POS566,PRIME,7543202868,CARD,HOME-DELIVERY,Arrah,Bihar,,643,Blow torch,1955.0,2,3910.0
21814857,1595689188636,STR2699,POS566,PRIME,7543202868,CARD,HOME-DELIVERY,Arrah,Bihar,,348,Navy chair,1998.0,1,1998.0
22355815,1595689188839,STR2699,POS779,PRIME,6797767929,CASH,HOME-DELIVERY,Vijayawada,Andhra Pradesh,,523,Oil-lamp clock,1371.0,1,1371.0
22355815,1595689188839,STR2699,POS779,PRIME,6797767929,CASH,HOME-DELIVERY,Vijayawada,Andhra Pradesh,,228,Divan,1083.0,2,2166.0
98773746,1595689188952,STR4899,POS799,PRIME,2325763742,CASH,HOME-DELIVERY,South Dum Dum,West Bengal,,213,Infant bed,1755.0,2,3510.0
91540323,1595689189052,STR5646,POS624,PRIME,8109010950,CASH,TAKEAWAY,,,,408,Confidante,1242.0,1,1242.0
91540323,1595689189052,STR5646,POS624,PRIME,8109010950,CASH,TAKEAWAY,,,,663,Corkscrew,983.0,1,983.0
89535343,1595689189137,STR7443,POS388,PRIME,8714158103,CASH,HOME-DELIVERY,Faridabad,Haryana,,648,Bottle opener,321.0,2,642.0
89535343,1595689189137,STR7443,POS388,PRIME,8714158103,CASH,HOME-DELIVERY,Faridabad,Haryana,,253,Bathroom cabinet,1513.0,2,3026.0
89535343,1595689189137,STR7443,POS388,PRIME,8714158103,CASH,HOME-DELIVERY,Faridabad,Haryana,,268,Floating shelf,1894.0,1,1894.0
89535343,1595689189137,STR7443,POS388,PRIME,8714158103,CASH,HOME-DELIVERY,Faridabad,Haryana,,448,Martini glass,2263.0,2,4526.0
6458559,1595689189253,STR5864,POS465,NONPRIME,1211843745,CARD,TAKEAWAY,,,,633,Cafe Curtains,796.0,1,796.0
15977485,1595689189353,STR4899,POS954,NONPRIME,3716602332,CASH,HOME-DELIVERY,Shivapuri,Madhya Pradesh,,563,Chiming clock,2168.0,2,4336.0
76193498,1595689189369,STR7443,POS388,PRIME,8714158103,CASH,HOME-DELIVERY,Dehri,Bihar,,553,Banjo clock,1651.0,2,3302.0
48127582,1595689189484,STR7443,POS388,PRIME,8714158103,CASH,HOME-DELIVERY,Cuddalore,Tamil Nadu,,273,Bedroom set,842.0,2,1684.0
2924806,1595689189669,STR7443,POS394,NONPRIME,7587821520,CASH,TAKEAWAY,,,,448,Martini glass,2263.0,2,4526.0
87435749,1595689189685,STR7443,POS333,NONPRIME,5483488802,CASH,HOME-DELIVERY,Sikar,Rajasthan,,568,Pinch Pleated Curtains,1718.0,2,3436.0
71093002,1595689189886,STR4899,POS954,NONPRIME,3716602332,CASH,HOME-DELIVERY,Rishra,West Bengal,,588,Sheer Curtains,801.0,2,1602.0
71093002,1595689189886,STR4899,POS954,NONPRIME,3716602332,CASH,HOME-DELIVERY,Rishra,West Bengal,,278,Dining set,1940.0,2,3880.0
18013517,1595689190202,STR7443,POS365,PRIME,8790333340,CASH,HOME-DELIVERY,Cuddalore,Tamil Nadu,,383,Innerspring Mattress,655.0,1,655.0
18013517,1595689190202,STR7443,POS365,PRIME,8790333340,CASH,HOME-DELIVERY,Cuddalore,Tamil Nadu,,238,Dining table,1582.0,2,3164.0
18013517,1595689190202,STR7443,POS365,PRIME,8790333340,CASH,HOME-DELIVERY,Cuddalore,Tamil Nadu,,458,Wine glass,1644.0,1,1644.0
75808013,1595689190271,STR2699,POS832,NONPRIME,4552039054,CASH,HOME-DELIVERY,Ashoknagar-Kalyangarh,West Bengal,,693,Mandoline,250.0,2,500.0
23759560,1595689190371,STR4899,POS447,NONPRIME,5576072500,CARD,TAKEAWAY,,,,268,Floating shelf,1894.0,2,3788.0
72012201,1595689190403,STR2699,POS566,PRIME,7543202868,CARD,HOME-DELIVERY,Guna,Madhya Pradesh,,658,Chinois,567.0,2,1134.0
72012201,1595689190403,STR2699,POS566,PRIME,7543202868,CARD,HOME-DELIVERY,Guna,Madhya Pradesh,,638,Baster,1214.0,1,1214.0
72012201,1595689190403,STR2699,POS566,PRIME,7543202868,CARD,HOME-DELIVERY,Guna,Madhya Pradesh,,568,Pinch Pleated Curtains,1718.0,2,3436.0
72012201,1595689190403,STR2699,POS566,PRIME,7543202868,CARD,HOME-DELIVERY,Guna,Madhya Pradesh,,213,Infant bed,1755.0,2,3510.0
3733215,1595689190487,STR5646,POS543,NONPRIME,5947487902,CARD,HOME-DELIVERY,Sikar,Rajasthan,,563,Chiming clock,2168.0,1,2168.0
3733215,1595689190487,STR5646,POS543,NONPRIME,5947487902,CARD,HOME-DELIVERY,Sikar,Rajasthan,,483,Teacups and saucers,1781.0,1,1781.0
28327769,1595689190518,STR4899,POS799,PRIME,2325763742,CASH,HOME-DELIVERY,Cuddalore,Tamil Nadu,,253,Bathroom cabinet,1513.0,2,3026.0
28327769,1595689190518,STR4899,POS799,PRIME,2325763742,CASH,HOME-DELIVERY,Cuddalore,Tamil Nadu,,458,Wine glass,1644.0,1,1644.0
28327769,1595689190518,STR4899,POS799,PRIME,2325763742,CASH,HOME-DELIVERY,Cuddalore,Tamil Nadu,,363,Rocking chair,2021.0,1,2021.0
91359279,1595689190719,STR5864,POS872,PRIME,7589671731,CASH,HOME-DELIVERY,Serampore,West Bengal,,418,Wing chair,1431.0,2,2862.0
5662413,1595689190819,STR2699,POS779,PRIME,6797767929,CASH,HOME-DELIVERY,Alandur,Tamil Nadu,,613,Goblet Pleat Drapes,1583.0,1,1583.0
5662413,1595689190819,STR2699,POS779,PRIME,6797767929,CASH,HOME-DELIVERY,Alandur,Tamil Nadu,,543,Lighthouse clock,636.0,2,1272.0
23242673,1595689191089,STR5864,POS132,NONPRIME,6909538460,CASH,HOME-DELIVERY,Dabgram,West Bengal,,583,Tab Top Curtains,1329.0,1,1329.0
23242673,1595689191089,STR5864,POS132,NONPRIME,6909538460,CASH,HOME-DELIVERY,Dabgram,West Bengal,,603,Sheer Curtains,1282.0,1,1282.0
5160326,1595689191120,STR4899,POS954,NONPRIME,3716602332,CASH,HOME-DELIVERY,Hassan,Karnataka,,523,Oil-lamp clock,1371.0,1,1371.0
5160326,1595689191120,STR4899,POS954,NONPRIME,3716602332,CASH,HOME-DELIVERY,Hassan,Karnataka,,508,Kitchen knife,2483.0,1,2483.0
5160326,1595689191120,STR4899,POS954,NONPRIME,3716602332,CASH,HOME-DELIVERY,Hassan,Karnataka,,403,Adjustable Air Mattress,1417.0,1,1417.0
70210705,1595689191289,STR7443,POS365,PRIME,8790333340,CASH,HOME-DELIVERY,Hyderabad,Andhra Pradesh,,353,Recliner,1585.0,2,3170.0
19890755,1595689191321,STR5646,POS212,NONPRIME,4226427254,CARD,HOME-DELIVERY,Guna,Madhya Pradesh,,298,Bardic chair,1649.0,1,1649.0
35132899,1595689191390,STR2699,POS773,NONPRIME,9327106277,CASH,TAKEAWAY,,,,383,Innerspring Mattress,655.0,2,1310.0
78762466,1595689191521,STR2699,POS566,PRIME,7543202868,CARD,HOME-DELIVERY,Hyderabad,Andhra Pradesh,,538,Grandmother clock,1301.0,2,2602.0
78762466,1595689191521,STR2699,POS566,PRIME,7543202868,CARD,HOME-DELIVERY,Hyderabad,Andhra Pradesh,,483,Teacups and saucers,1781.0,1,1781.0
79951202,1595689191722,STR7443,POS388,PRIME,8714158103,CASH,HOME-DELIVERY,Bahraich,Uttar Pradesh,,538,Grandmother clock,1301.0,2,2602.0
79951202,1595689191722,STR7443,POS388,PRIME,8714158103,CASH,HOME-DELIVERY,Bahraich,Uttar Pradesh,,553,Banjo clock,1651.0,1,1651.0
79951202,1595689191722,STR7443,POS388,PRIME,8714158103,CASH,HOME-DELIVERY,Bahraich,Uttar Pradesh,,238,Dining table,1582.0,1,1582.0
28815068,1595689191891,STR5646,POS543,NONPRIME,5947487902,CARD,HOME-DELIVERY,Bahraich,Uttar Pradesh,,213,Infant bed,1755.0,2,3510.0
28815068,1595689191891,STR5646,POS543,NONPRIME,5947487902,CARD,HOME-DELIVERY,Bahraich,Uttar Pradesh,,488,Bread knife,1077.0,2,2154.0
24342984,1595689191922,STR7443,POS333,NONPRIME,5483488802,CASH,HOME-DELIVERY,Muzaffarpur,Bihar,,693,Mandoline,250.0,1,250.0
24342984,1595689191922,STR7443,POS333,NONPRIME,5483488802,CASH,HOME-DELIVERY,Muzaffarpur,Bihar,,433,Depression glass,1950.0,2,3900.0
74623225,1595689192023,STR2699,POS773,NONPRIME,9327106277,CASH,TAKEAWAY,,,,578,Goblet Pleat Curtains,1765.0,2,3530.0
74623225,1595689192023,STR2699,POS773,NONPRIME,9327106277,CASH,TAKEAWAY,,,,503,Chef's knife,1973.0,2,3946.0
12704751,1595689192123,STR5864,POS945,PRIME,5305473526,CARD,HOME-DELIVERY,Muzaffarpur,Bihar,,353,Recliner,1585.0,1,1585.0
12704751,1595689192123,STR5864,POS945,PRIME,5305473526,CARD,HOME-DELIVERY,Muzaffarpur,Bihar,,388,Memory Foam,1884.0,2,3768.0
76266926,1595689192192,STR7443,POS394,NONPRIME,7587821520,CASH,TAKEAWAY,,,,423,Quilt,1485.0,1,1485.0
76266926,1595689192192,STR7443,POS394,NONPRIME,7587821520,CASH,TAKEAWAY,,,,648,Bottle opener,321.0,1,321.0
60632340,1595689192443,STR7443,POS394,NONPRIME,7587821520,CASH,TAKEAWAY,,,,383,Innerspring Mattress,655.0,2,1310.0
60632340,1595689192443,STR7443,POS394,NONPRIME,7587821520,CASH,TAKEAWAY,,,,568,Pinch Pleated Curtains,1718.0,1,1718.0
60632340,1595689192443,STR7443,POS394,NONPRIME,7587821520,CASH,TAKEAWAY,,,,258,Closet,1687.0,2,3374.0
52819946,1595689192544,STR7443,POS411,NONPRIME,4369698403,CARD,HOME-DELIVERY,Varanasi,Uttar Pradesh,,423,Quilt,1485.0,1,1485.0
52819946,1595689192544,STR7443,POS411,NONPRIME,4369698403,CARD,HOME-DELIVERY,Varanasi,Uttar Pradesh,,378,Air Bed,2263.0,2,4526.0
52819946,1595689192544,STR7443,POS411,NONPRIME,4369698403,CARD,HOME-DELIVERY,Varanasi,Uttar Pradesh,,388,Memory Foam,1884.0,2,3768.0
52819946,1595689192544,STR7443,POS411,NONPRIME,4369698403,CARD,HOME-DELIVERY,Varanasi,Uttar Pradesh,,648,Bottle opener,321.0,2,642.0
69271654,1595689192646,STR5864,POS465,NONPRIME,1211843745,CARD,TAKEAWAY,,,,598,Grommet Curtains,914.0,2,1828.0
69271654,1595689192646,STR5864,POS465,NONPRIME,1211843745,CARD,TAKEAWAY,,,,593,Hanging curtains,1896.0,1,1896.0
27153785,1595689192707,STR5646,POS543,NONPRIME,5947487902,CARD,HOME-DELIVERY,Bokaro Steel City,Jharkhand,,358,Restraint chair,1943.0,1,1943.0
27153785,1595689192707,STR5646,POS543,NONPRIME,5947487902,CARD,HOME-DELIVERY,Bokaro Steel City,Jharkhand,,613,Goblet Pleat Drapes,1583.0,1,1583.0
27153785,1595689192707,STR5646,POS543,NONPRIME,5947487902,CARD,HOME-DELIVERY,Bokaro Steel City,Jharkhand,,353,Recliner,1585.0,1,1585.0
27153785,1595689192707,STR5646,POS543,NONPRIME,5947487902,CARD,HOME-DELIVERY,Bokaro Steel City,Jharkhand,,208,Canopy bed,508.0,2,1016.0
86338582,1595689192748,STR5864,POS878,NONPRIME,9728415172,CARD,TAKEAWAY,,,,398,Latex Mattress,773.0,2,1546.0
63828224,1595689192815,STR2699,POS773,NONPRIME,9327106277,CASH,TAKEAWAY,,,,403,Adjustable Air Mattress,1417.0,1,1417.0
63828224,1595689192815,STR2699,POS773,NONPRIME,9327106277,CASH,TAKEAWAY,,,,453,Shot glass,674.0,1,674.0
63828224,1595689192815,STR2699,POS773,NONPRIME,9327106277,CASH,TAKEAWAY,,,,458,Wine glass,1644.0,2,3288.0
63828224,1595689192815,STR2699,POS773,NONPRIME,9327106277,CASH,TAKEAWAY,,,,223,Hammock,1210.0,1,1210.0
60273871,1595689193379,STR5864,POS945,PRIME,5305473526,CARD,HOME-DELIVERY,Jammu,Jammu and Kashmir,,508,Kitchen knife,2483.0,2,4966.0
60273871,1595689193379,STR5864,POS945,PRIME,5305473526,CARD,HOME-DELIVERY,Jammu,Jammu and Kashmir,,288,Hutch,1812.0,2,3624.0
6360103,1595689193780,STR5864,POS465,NONPRIME,1211843745,CARD,TAKEAWAY,,,,498,Carving knifes,1424.0,1,1424.0
6360103,1595689193780,STR5864,POS465,NONPRIME,1211843745,CARD,TAKEAWAY,,,,528,Projection clock,2365.0,1,2365.0
6360103,1595689193780,STR5864,POS465,NONPRIME,1211843745,CARD,TAKEAWAY,,,,593,Hanging curtains,1896.0,1,1896.0
6360103,1595689193780,STR5864,POS465,NONPRIME,1211843745,CARD,TAKEAWAY,,,,358,Restraint chair,1943.0,2,3886.0
29992395,1595689193934,STR5646,POS212,NONPRIME,4226427254,CARD,HOME-DELIVERY,Sikar,Rajasthan,,338,Kneeling chairs,442.0,2,884.0
37814506,1595689194035,STR4899,POS441,NONPRIME,4227803954,CASH,TAKEAWAY,,,,578,Goblet Pleat Curtains,1765.0,2,3530.0
37814506,1595689194035,STR4899,POS441,NONPRIME,4227803954,CASH,TAKEAWAY,,,,538,Grandmother clock,1301.0,1,1301.0
37814506,1595689194035,STR4899,POS441,NONPRIME,4227803954,CASH,TAKEAWAY,,,,418,Wing chair,1431.0,1,1431.0
25734461,1595689194135,STR2699,POS779,PRIME,6797767929,CASH,HOME-DELIVERY,Arrah,Bihar,,458,Wine glass,1644.0,1,1644.0
25734461,1595689194135,STR2699,POS779,PRIME,6797767929,CASH,HOME-DELIVERY,Arrah,Bihar,,608,Pleated Drapes,1684.0,2,3368.0
25734461,1595689194135,STR2699,POS779,PRIME,6797767929,CASH,HOME-DELIVERY,Arrah,Bihar,,533,Rolling ball clock,1651.0,2,3302.0
25734461,1595689194135,STR2699,POS779,PRIME,6797767929,CASH,HOME-DELIVERY,Arrah,Bihar,,548,Cartel clock,1500.0,1,1500.0
56465150,1595689194250,STR5646,POS639,PRIME,9711257112,CARD,HOME-DELIVERY,Nagaon,Assam,,453,Shot glass,674.0,2,1348.0
56465150,1595689194250,STR5646,POS639,PRIME,9711257112,CARD,HOME-DELIVERY,Nagaon,Assam,,653,Browning tray,375.0,2,750.0
56465150,1595689194250,STR5646,POS639,PRIME,9711257112,CARD,HOME-DELIVERY,Nagaon,Assam,,383,Innerspring Mattress,655.0,1,655.0
59154496,1595689194297,STR5646,POS212,NONPRIME,4226427254,CARD,HOME-DELIVERY,Hassan,Karnataka,,458,Wine glass,1644.0,1,1644.0
59154496,1595689194297,STR5646,POS212,NONPRIME,4226427254,CARD,HOME-DELIVERY,Hassan,Karnataka,,683,Grater,370.0,2,740.0
59154496,1595689194297,STR5646,POS212,NONPRIME,4226427254,CARD,HOME-DELIVERY,Hassan,Karnataka,,638,Baster,1214.0,2,2428.0
81586298,1595689194297,STR5864,POS465,NONPRIME,1211843745,CARD,TAKEAWAY,,,,258,Closet,1687.0,1,1687.0
81586298,1595689194297,STR5864,POS465,NONPRIME,1211843745,CARD,TAKEAWAY,,,,278,Dining set,1940.0,2,3880.0
81586298,1595689194297,STR5864,POS465,NONPRIME,1211843745,CARD,TAKEAWAY,,,,283,Portable Lamps,2236.0,1,2236.0
81586298,1595689194297,STR5864,POS465,NONPRIME,1211843745,CARD,TAKEAWAY,,,,663,Corkscrew,983.0,2,1966.0
15529563,1595689194419,STR4899,POS799,PRIME,2325763742,CASH,HOME-DELIVERY,Alandur,Tamil Nadu,,348,Navy chair,1998.0,2,3996.0
15529563,1595689194419,STR4899,POS799,PRIME,2325763742,CASH,HOME-DELIVERY,Alandur,Tamil Nadu,,503,Chef's knife,1973.0,1,1973.0
15529563,1595689194419,STR4899,POS799,PRIME,2325763742,CASH,HOME-DELIVERY,Alandur,Tamil Nadu,,233,Coffee table,1055.0,2,2110.0
15529563,1595689194419,STR4899,POS799,PRIME,2325763742,CASH,HOME-DELIVERY,Alandur,Tamil Nadu,,588,Sheer Curtains,801.0,2,1602.0
76304348,1595689194466,STR5864,POS945,PRIME,5305473526,CARD,HOME-DELIVERY,Chennai,Tamil Nadu,,683,Grater,370.0,1,370.0
77341588,1595689194567,STR2699,POS773,NONPRIME,9327106277,CASH,TAKEAWAY,,,,643,Blow torch,1955.0,2,3910.0
44303591,1595689194620,STR4899,POS954,NONPRIME,3716602332,CASH,HOME-DELIVERY,Jammu,Jammu and Kashmir,,568,Pinch Pleated Curtains,1718.0,1,1718.0
44303591,1595689194620,STR4899,POS954,NONPRIME,3716602332,CASH,HOME-DELIVERY,Jammu,Jammu and Kashmir,,463,Cookie jars,793.0,1,793.0
44303591,1595689194620,STR4899,POS954,NONPRIME,3716602332,CASH,HOME-DELIVERY,Jammu,Jammu and Kashmir,,208,Canopy bed,508.0,2,1016.0
98548504,1595689194620,STR2699,POS792,PRIME,7475384243,CASH,HOME-DELIVERY,Nellore,Andhra Pradesh,,268,Floating shelf,1894.0,2,3788.0
91531843,1595689194921,STR4899,POS584,NONPRIME,2502121621,CASH,HOME-DELIVERY,Tiruvottiyur,Tamil Nadu,,528,Projection clock,2365.0,2,4730.0
91531843,1595689194921,STR4899,POS584,NONPRIME,2502121621,CASH,HOME-DELIVERY,Tiruvottiyur,Tamil Nadu,,628,Window Scarf,1774.0,2,3548.0
97121248,1595689195021,STR5646,POS639,PRIME,9711257112,CARD,HOME-DELIVERY,Ichalkaranji,Maharastra,,218,Sofa bed,895.0,1,895.0
97121248,1595689195021,STR5646,POS639,PRIME,9711257112,CARD,HOME-DELIVERY,Ichalkaranji,Maharastra,,638,Baster,1214.0,1,1214.0
97121248,1595689195021,STR5646,POS639,PRIME,9711257112,CARD,HOME-DELIVERY,Ichalkaranji,Maharastra,,328,Dining chair,1223.0,2,2446.0
97121248,1595689195021,STR5646,POS639,PRIME,9711257112,CARD,HOME-DELIVERY,Ichalkaranji,Maharastra,,233,Coffee table,1055.0,2,2110.0
987129,1595689195122,STR2699,POS832,NONPRIME,4552039054,CASH,HOME-DELIVERY,Delhi,Delhi,,573,Eyelet Curtains,642.0,2,1284.0
987129,1595689195122,STR2699,POS832,NONPRIME,4552039054,CASH,HOME-DELIVERY,Delhi,Delhi,,373,Latex Mattress,1313.0,2,2626.0
987129,1595689195122,STR2699,POS832,NONPRIME,4552039054,CASH,HOME-DELIVERY,Delhi,Delhi,,343,Massage chair,1354.0,2,2708.0
987129,1595689195122,STR2699,POS832,NONPRIME,4552039054,CASH,HOME-DELIVERY,Delhi,Delhi,,388,Memory Foam,1884.0,2,3768.0
150624,1595689195369,STR7443,POS411,NONPRIME,4369698403,CARD,HOME-DELIVERY,Darbhanga,Bihar,,478,Teapot,885.0,1,885.0
150624,1595689195369,STR7443,POS411,NONPRIME,4369698403,CARD,HOME-DELIVERY,Darbhanga,Bihar,,533,Rolling ball clock,1651.0,1,1651.0
35038776,1595689195886,STR2699,POS773,NONPRIME,9327106277,CASH,TAKEAWAY,,,,243,Folding table,738.0,1,738.0
35038776,1595689195886,STR2699,POS773,NONPRIME,9327106277,CASH,TAKEAWAY,,,,208,Canopy bed,508.0,2,1016.0
24810526,1595689196087,STR7443,POS365,PRIME,8790333340,CASH,HOME-DELIVERY,Muzaffarnagar,Uttar Pradesh,,368,Stool,888.0,2,1776.0
24810526,1595689196087,STR7443,POS365,PRIME,8790333340,CASH,HOME-DELIVERY,Muzaffarnagar,Uttar Pradesh,,298,Bardic chair,1649.0,2,3298.0
24810526,1595689196087,STR7443,POS365,PRIME,8790333340,CASH,HOME-DELIVERY,Muzaffarnagar,Uttar Pradesh,,513,Flip clock,1259.0,2,2518.0
24810526,1595689196087,STR7443,POS365,PRIME,8790333340,CASH,HOME-DELIVERY,Muzaffarnagar,Uttar Pradesh,,603,Sheer Curtains,1282.0,2,2564.0
55111140,1595689196141,STR4899,POS954,NONPRIME,3716602332,CASH,HOME-DELIVERY,Junagadh,Gujarat,,578,Goblet Pleat Curtains,1765.0,2,3530.0
44082075,1595689196241,STR7443,POS388,PRIME,8714158103,CASH,HOME-DELIVERY,Madurai,Tamil Nadu,,423,Quilt,1485.0,2,2970.0
44082075,1595689196241,STR7443,POS388,PRIME,8714158103,CASH,HOME-DELIVERY,Madurai,Tamil Nadu,,438,Lead glass,2069.0,2,4138.0
44082075,1595689196241,STR7443,POS388,PRIME,8714158103,CASH,HOME-DELIVERY,Madurai,Tamil Nadu,,318,Bofinger chair,1119.0,2,2238.0
44082075,1595689196241,STR7443,POS388,PRIME,8714158103,CASH,HOME-DELIVERY,Madurai,Tamil Nadu,,518,Hourglass,1598.0,1,1598.0
76394614,1595689196341,STR5864,POS945,PRIME,5305473526,CARD,HOME-DELIVERY,Varanasi,Uttar Pradesh,,678,Fillet knife,350.0,2,700.0
76394614,1595689196341,STR5864,POS945,PRIME,5305473526,CARD,HOME-DELIVERY,Varanasi,Uttar Pradesh,,223,Hammock,1210.0,1,1210.0
76394614,1595689196341,STR5864,POS945,PRIME,5305473526,CARD,HOME-DELIVERY,Varanasi,Uttar Pradesh,,558,Balloon clock,1633.0,1,1633.0
76394614,1595689196341,STR5864,POS945,PRIME,5305473526,CARD,HOME-DELIVERY,Varanasi,Uttar Pradesh,,698,Meat grinder,1250.0,2,2500.0
92045693,1595689196388,STR7443,POS333,NONPRIME,5483488802,CASH,HOME-DELIVERY,Palakkad,Kerala,,303,Bench,2251.0,1,2251.0
92045693,1595689196388,STR7443,POS333,NONPRIME,5483488802,CASH,HOME-DELIVERY,Palakkad,Kerala,,653,Browning tray,375.0,1,375.0
90183488,1595689196442,STR2699,POS779,PRIME,6797767929,CASH,HOME-DELIVERY,Raigarh,Chhattisgarh,,673,Dough scraper,980.0,1,980.0
90183488,1595689196442,STR2699,POS779,PRIME,6797767929,CASH,HOME-DELIVERY,Raigarh,Chhattisgarh,,248,TV tray table,1947.0,2,3894.0
69786594,1595689196642,STR5646,POS639,PRIME,9711257112,CARD,HOME-DELIVERY,Sitapur,Uttar Pradesh,,308,Butterfly chair,857.0,2,1714.0
95659466,1595689197127,STR4899,POS954,NONPRIME,3716602332,CASH,HOME-DELIVERY,Pune,Maharastra,,568,Pinch Pleated Curtains,1718.0,1,1718.0
95659466,1595689197127,STR4899,POS954,NONPRIME,3716602332,CASH,HOME-DELIVERY,Pune,Maharastra,,568,Pinch Pleated Curtains,1718.0,1,1718.0
95659466,1595689197127,STR4899,POS954,NONPRIME,3716602332,CASH,HOME-DELIVERY,Pune,Maharastra,,478,Teapot,885.0,2,1770.0
95659466,1595689197127,STR4899,POS954,NONPRIME,3716602332,CASH,HOME-DELIVERY,Pune,Maharastra,,578,Goblet Pleat Curtains,1765.0,2,3530.0
83323158,1595689197275,STR5864,POS465,NONPRIME,1211843745,CARD,TAKEAWAY,,,,248,TV tray table,1947.0,1,1947.0
67022783,1595689197328,STR5864,POS872,PRIME,7589671731,CASH,HOME-DELIVERY,Chhindwara,Madhya Pradesh,,238,Dining table,1582.0,2,3164.0
67022783,1595689197328,STR5864,POS872,PRIME,7589671731,CASH,HOME-DELIVERY,Chhindwara,Madhya Pradesh,,263,Kitchen cabinet,1050.0,1,1050.0
58266387,1595689197644,STR5646,POS543,NONPRIME,5947487902,CARD,HOME-DELIVERY,Sitapur,Uttar Pradesh,,668,Crab cracker,785.0,2,1570.0
58266387,1595689197644,STR5646,POS543,NONPRIME,5947487902,CARD,HOME-DELIVERY,Sitapur,Uttar Pradesh,,288,Hutch,1812.0,1,1812.0
58266387,1595689197644,STR5646,POS543,NONPRIME,5947487902,CARD,HOME-DELIVERY,Sitapur,Uttar Pradesh,,448,Martini glass,2263.0,2,4526.0
83005466,1595689197691,STR5864,POS132,NONPRIME,6909538460,CASH,HOME-DELIVERY,Pune,Maharastra,,578,Goblet Pleat Curtains,1765.0,2,3530.0
83005466,1595689197691,STR5864,POS132,NONPRIME,6909538460,CASH,HOME-DELIVERY,Pune,Maharastra,,533,Rolling ball clock,1651.0,1,1651.0
83005466,1595689197691,STR5864,POS132,NONPRIME,6909538460,CASH,HOME-DELIVERY,Pune,Maharastra,,453,Shot glass,674.0,2,1348.0
52477596,1595689197845,STR4899,POS447,NONPRIME,5576072500,CARD,TAKEAWAY,,,,263,Kitchen cabinet,1050.0,2,2100.0
52477596,1595689197845,STR4899,POS447,NONPRIME,5576072500,CARD,TAKEAWAY,,,,573,Eyelet Curtains,642.0,2,1284.0
53805633,1595689197892,STR5864,POS945,PRIME,5305473526,CARD,HOME-DELIVERY,Rishra,West Bengal,,338,Kneeling chairs,442.0,2,884.0
73568711,1595689197992,STR4899,POS954,NONPRIME,3716602332,CASH,HOME-DELIVERY,Ichalkaranji,Maharastra,,233,Coffee table,1055.0,1,1055.0
64780600,1595689198046,STR5646,POS212,NONPRIME,4226427254,CARD,HOME-DELIVERY,Mangalore,Karnataka,,263,Kitchen cabinet,1050.0,1,1050.0
64780600,1595689198046,STR5646,POS212,NONPRIME,4226427254,CARD,HOME-DELIVERY,Mangalore,Karnataka,,688,Ladle,570.0,1,570.0
64780600,1595689198046,STR5646,POS212,NONPRIME,4226427254,CARD,HOME-DELIVERY,Mangalore,Karnataka,,243,Folding table,738.0,1,738.0
64780600,1595689198046,STR5646,POS212,NONPRIME,4226427254,CARD,HOME-DELIVERY,Mangalore,Karnataka,,678,Fillet knife,350.0,2,700.0
62145763,1595689198246,STR7443,POS411,NONPRIME,4369698403,CARD,HOME-DELIVERY,Ingraj Bazar,West Bengal,,233,Coffee table,1055.0,2,2110.0
73506101,1595689198594,STR5646,POS543,NONPRIME,5947487902,CARD,HOME-DELIVERY,Pali,Rajasthan,,503,Chef's knife,1973.0,1,1973.0
73506101,1595689198594,STR5646,POS543,NONPRIME,5947487902,CARD,HOME-DELIVERY,Pali,Rajasthan,,538,Grandmother clock,1301.0,1,1301.0
54342670,1595689198895,STR2699,POS566,PRIME,7543202868,CARD,HOME-DELIVERY,Sambalpur,Odisha,,298,Bardic chair,1649.0,1,1649.0
54342670,1595689198895,STR2699,POS566,PRIME,7543202868,CARD,HOME-DELIVERY,Sambalpur,Odisha,,498,Carving knifes,1424.0,2,2848.0
36428318,1595689198996,STR5864,POS872,PRIME,7589671731,CASH,HOME-DELIVERY,Ramagundam,Andhra Pradesh,,298,Bardic chair,1649.0,2,3298.0
36428318,1595689198996,STR5864,POS872,PRIME,7589671731,CASH,HOME-DELIVERY,Ramagundam,Andhra Pradesh,,478,Teapot,885.0,1,885.0
36733618,1595689199149,STR2699,POS792,PRIME,7475384243,CASH,HOME-DELIVERY,Agra,Uttar Pradesh,,563,Chiming clock,2168.0,2,4336.0
56592523,1595689199297,STR2699,POS773,NONPRIME,9327106277,CASH,TAKEAWAY,,,,643,Blow torch,1955.0,1,1955.0
10623996,1595689199397,STR7443,POS333,NONPRIME,5483488802,CASH,HOME-DELIVERY,Farrukhabad-cum-Fatehgarh,Uttar Pradesh,,453,Shot glass,674.0,1,674.0
10623996,1595689199397,STR7443,POS333,NONPRIME,5483488802,CASH,HOME-DELIVERY,Farrukhabad-cum-Fatehgarh,Uttar Pradesh,,328,Dining chair,1223.0,2,2446.0
79282088,1595689199551,STR2699,POS566,PRIME,7543202868,CARD,HOME-DELIVERY,Unnao,Uttar Pradesh,,408,Confidante,1242.0,1,1242.0
79282088,1595689199551,STR2699,POS566,PRIME,7543202868,CARD,HOME-DELIVERY,Unnao,Uttar Pradesh,,473,Mason jars,1358.0,1,1358.0
79282088,1595689199551,STR2699,POS566,PRIME,7543202868,CARD,HOME-DELIVERY,Unnao,Uttar Pradesh,,498,Carving knifes,1424.0,2,2848.0
88839343,1595689199598,STR4899,POS447,NONPRIME,5576072500,CARD,TAKEAWAY,,,,618,Pencil Pleat Drapes,1140.0,2,2280.0
88839343,1595689199598,STR4899,POS447,NONPRIME,5576072500,CARD,TAKEAWAY,,,,478,Teapot,885.0,1,885.0
88839343,1595689199598,STR4899,POS447,NONPRIME,5576072500,CARD,TAKEAWAY,,,,218,Sofa bed,895.0,1,895.0
39122110,1595689199899,STR2699,POS792,PRIME,7475384243,CASH,HOME-DELIVERY,Adoni,Andhra Pradesh,,378,Air Bed,2263.0,1,2263.0
39122110,1595689199899,STR2699,POS792,PRIME,7475384243,CASH,HOME-DELIVERY,Adoni,Andhra Pradesh,,403,Adjustable Air Mattress,1417.0,2,2834.0
39122110,1595689199899,STR2699,POS792,PRIME,7475384243,CASH,HOME-DELIVERY,Adoni,Andhra Pradesh,,353,Recliner,1585.0,1,1585.0
39122110,1595689199899,STR2699,POS792,PRIME,7475384243,CASH,HOME-DELIVERY,Adoni,Andhra Pradesh,,328,Dining chair,1223.0,2,2446.0
63452050,1595689199999,STR5864,POS878,NONPRIME,9728415172,CARD,TAKEAWAY,,,,673,Dough scraper,980.0,2,1960.0
78899690,1595689200153,STR5864,POS465,NONPRIME,1211843745,CARD,TAKEAWAY,,,,478,Teapot,885.0,2,1770.0
78899690,1595689200153,STR5864,POS465,NONPRIME,1211843745,CARD,TAKEAWAY,,,,383,Innerspring Mattress,655.0,1,655.0
78899690,1595689200153,STR5864,POS465,NONPRIME,1211843745,CARD,TAKEAWAY,,,,308,Butterfly chair,857.0,2,1714.0
78899690,1595689200153,STR5864,POS465,NONPRIME,1211843745,CARD,TAKEAWAY,,,,558,Balloon clock,1633.0,2,3266.0
84993985,1595689200200,STR4899,POS954,NONPRIME,3716602332,CASH,HOME-DELIVERY,Nagpur,Maharastra,,548,Cartel clock,1500.0,2,3000.0
84993985,1595689200200,STR4899,POS954,NONPRIME,3716602332,CASH,HOME-DELIVERY,Nagpur,Maharastra,,528,Projection clock,2365.0,2,4730.0
82162790,1595689200354,STR2699,POS832,NONPRIME,4552039054,CASH,HOME-DELIVERY,Dabgram,West Bengal,,508,Kitchen knife,2483.0,2,4966.0
82162790,1595689200354,STR2699,POS832,NONPRIME,4552039054,CASH,HOME-DELIVERY,Dabgram,West Bengal,,623,Box Pleat Drapes,1683.0,1,1683.0
82162790,1595689200354,STR2699,POS832,NONPRIME,4552039054,CASH,HOME-DELIVERY,Dabgram,West Bengal,,638,Baster,1214.0,1,1214.0
82162790,1595689200354,STR2699,POS832,NONPRIME,4552039054,CASH,HOME-DELIVERY,Dabgram,West Bengal,,263,Kitchen cabinet,1050.0,1,1050.0
21349359,1595689200601,STR5646,POS212,NONPRIME,4226427254,CARD,HOME-DELIVERY,Chennai,Tamil Nadu,,273,Bedroom set,842.0,1,842.0
27919217,1595689200902,STR2699,POS792,PRIME,7475384243,CASH,HOME-DELIVERY,Katihar,Bihar,,313,Brewster Chair,2195.0,1,2195.0
68404730,1595689201103,STR7443,POS388,PRIME,8714158103,CASH,HOME-DELIVERY,Jammu,Jammu and Kashmir,,488,Bread knife,1077.0,1,1077.0
68404730,1595689201103,STR7443,POS388,PRIME,8714158103,CASH,HOME-DELIVERY,Jammu,Jammu and Kashmir,,638,Baster,1214.0,2,2428.0
46456283,1595689201156,STR7443,POS394,NONPRIME,7587821520,CASH,TAKEAWAY,,,,238,Dining table,1582.0,2,3164.0
46456283,1595689201156,STR7443,POS394,NONPRIME,7587821520,CASH,TAKEAWAY,,,,583,Tab Top Curtains,1329.0,1,1329.0
74243178,1595689201203,STR2699,POS773,NONPRIME,9327106277,CASH,TAKEAWAY,,,,573,Eyelet Curtains,642.0,2,1284.0
74243178,1595689201203,STR2699,POS773,NONPRIME,9327106277,CASH,TAKEAWAY,,,,643,Blow torch,1955.0,1,1955.0
74243178,1595689201203,STR2699,POS773,NONPRIME,9327106277,CASH,TAKEAWAY,,,,368,Stool,888.0,1,888.0
74243178,1595689201203,STR2699,POS773,NONPRIME,9327106277,CASH,TAKEAWAY,,,,638,Baster,1214.0,2,2428.0
26259985,1595689201203,STR5646,POS968,PRIME,2220404140,CASH,HOME-DELIVERY,Chhindwara,Madhya Pradesh,,423,Quilt,1485.0,2,2970.0
81179062,1595689201457,STR5864,POS465,NONPRIME,1211843745,CARD,TAKEAWAY,,,,678,Fillet knife,350.0,1,350.0
81179062,1595689201457,STR5864,POS465,NONPRIME,1211843745,CARD,TAKEAWAY,,,,448,Martini glass,2263.0,2,4526.0
81179062,1595689201457,STR5864,POS465,NONPRIME,1211843745,CARD,TAKEAWAY,,,,408,Confidante,1242.0,2,2484.0
81179062,1595689201457,STR5864,POS465,NONPRIME,1211843745,CARD,TAKEAWAY,,,,583,Tab Top Curtains,1329.0,1,1329.0
28860322,1595689201504,STR2699,POS566,PRIME,7543202868,CARD,HOME-DELIVERY,Patna,Bihar,,363,Rocking chair,2021.0,1,2021.0
28860322,1595689201504,STR2699,POS566,PRIME,7543202868,CARD,HOME-DELIVERY,Patna,Bihar,,643,Blow torch,1955.0,1,1955.0
28860322,1595689201504,STR2699,POS566,PRIME,7543202868,CARD,HOME-DELIVERY,Patna,Bihar,,583,Tab Top Curtains,1329.0,2,2658.0
28860322,1595689201504,STR2699,POS566,PRIME,7543202868,CARD,HOME-DELIVERY,Patna,Bihar,,583,Tab Top Curtains,1329.0,2,2658.0
19938211,1595689201605,STR7443,POS365,PRIME,8790333340,CASH,HOME-DELIVERY,Shivapuri,Madhya Pradesh,,443,Margarita glass,2475.0,1,2475.0
19938211,1595689201605,STR7443,POS365,PRIME,8790333340,CASH,HOME-DELIVERY,Shivapuri,Madhya Pradesh,,368,Stool,888.0,2,1776.0
19938211,1595689201605,STR7443,POS365,PRIME,8790333340,CASH,HOME-DELIVERY,Shivapuri,Madhya Pradesh,,473,Mason jars,1358.0,2,2716.0
19938211,1595689201605,STR7443,POS365,PRIME,8790333340,CASH,HOME-DELIVERY,Shivapuri,Madhya Pradesh,,623,Box Pleat Drapes,1683.0,1,1683.0
78221439,1595689201705,STR4899,POS584,NONPRIME,2502121621,CASH,HOME-DELIVERY,Chapra,Bihar,,553,Banjo clock,1651.0,1,1651.0
36467079,1595689201805,STR5646,POS968,PRIME,2220404140,CASH,HOME-DELIVERY,Nagaon,Assam,,373,Latex Mattress,1313.0,1,1313.0
82078073,1595689201906,STR7443,POS394,NONPRIME,7587821520,CASH,TAKEAWAY,,,,453,Shot glass,674.0,2,1348.0
82078073,1595689201906,STR7443,POS394,NONPRIME,7587821520,CASH,TAKEAWAY,,,,598,Grommet Curtains,914.0,1,914.0
82078073,1595689201906,STR7443,POS394,NONPRIME,7587821520,CASH,TAKEAWAY,,,,393,Hybrid Mattress,2217.0,1,2217.0
82078073,1595689201906,STR7443,POS394,NONPRIME,7587821520,CASH,TAKEAWAY,,,,213,Infant bed,1755.0,1,1755.0
82712625,1595689201906,STR5864,POS465,NONPRIME,1211843745,CARD,TAKEAWAY,,,,568,Pinch Pleated Curtains,1718.0,1,1718.0
58841190,1595689202006,STR2699,POS792,PRIME,7475384243,CASH,HOME-DELIVERY,Gonda,Uttar Pradesh,,523,Oil-lamp clock,1371.0,1,1371.0
58841190,1595689202006,STR2699,POS792,PRIME,7475384243,CASH,HOME-DELIVERY,Gonda,Uttar Pradesh,,423,Quilt,1485.0,2,2970.0
46768081,1595689202160,STR2699,POS779,PRIME,6797767929,CASH,HOME-DELIVERY,Varanasi,Uttar Pradesh,,518,Hourglass,1598.0,2,3196.0
25233068,1595689260896,STR4899,POS954,NONPRIME,3716602332,CASH,HOME-DELIVERY,Hassan,Karnataka,,208,Canopy bed,508.0,2,1016.0
25233068,1595689260896,STR4899,POS954,NONPRIME,3716602332,CASH,HOME-DELIVERY,Hassan,Karnataka,,363,Rocking chair,2021.0,2,4042.0
25233068,1595689260896,STR4899,POS954,NONPRIME,3716602332,CASH,HOME-DELIVERY,Hassan,Karnataka,,363,Rocking chair,2021.0,2,4042.0
25233068,1595689260896,STR4899,POS954,NONPRIME,3716602332,CASH,HOME-DELIVERY,Hassan,Karnataka,,418,Wing chair,1431.0,2,2862.0
19176672,1595689261097,STR5646,POS639,PRIME,9711257112,CARD,HOME-DELIVERY,Ganganagar,Rajasthan,,253,Bathroom cabinet,1513.0,1,1513.0
19176672,1595689261097,STR5646,POS639,PRIME,9711257112,CARD,HOME-DELIVERY,Ganganagar,Rajasthan,,218,Sofa bed,895.0,2,1790.0
45056546,1595689261308,STR4899,POS954,NONPRIME,3716602332,CASH,HOME-DELIVERY,Satna,Madhya Pradesh,,248,TV tray table,1947.0,1,1947.0
45056546,1595689261308,STR4899,POS954,NONPRIME,3716602332,CASH,HOME-DELIVERY,Satna,Madhya Pradesh,,473,Mason jars,1358.0,1,1358.0
45056546,1595689261308,STR4899,POS954,NONPRIME,3716602332,CASH,HOME-DELIVERY,Satna,Madhya Pradesh,,488,Bread knife,1077.0,1,1077.0
98162165,1595689261415,STR2699,POS779,PRIME,6797767929,CASH,HOME-DELIVERY,Darbhanga,Bihar,,313,Brewster Chair,2195.0,1,2195.0
98162165,1595689261415,STR2699,POS779,PRIME,6797767929,CASH,HOME-DELIVERY,Darbhanga,Bihar,,468,Lunch box,1467.0,2,2934.0
98162165,1595689261415,STR2699,POS779,PRIME,6797767929,CASH,HOME-DELIVERY,Darbhanga,Bihar,,518,Hourglass,1598.0,2,3196.0
98162165,1595689261415,STR2699,POS779,PRIME,6797767929,CASH,HOME-DELIVERY,Darbhanga,Bihar,,458,Wine glass,1644.0,2,3288.0
43170532,1595689261817,STR5864,POS872,PRIME,7589671731,CASH,HOME-DELIVERY,Unnao,Uttar Pradesh,,223,Hammock,1210.0,2,2420.0
37063494,1595689261832,STR2699,POS779,PRIME,6797767929,CASH,HOME-DELIVERY,Shivapuri,Madhya Pradesh,,588,Sheer Curtains,801.0,2,1602.0
37063494,1595689261832,STR2699,POS779,PRIME,6797767929,CASH,HOME-DELIVERY,Shivapuri,Madhya Pradesh,,623,Box Pleat Drapes,1683.0,2,3366.0
37063494,1595689261832,STR2699,POS779,PRIME,6797767929,CASH,HOME-DELIVERY,Shivapuri,Madhya Pradesh,,228,Divan,1083.0,2,2166.0
37063494,1595689261832,STR2699,POS779,PRIME,6797767929,CASH,HOME-DELIVERY,Shivapuri,Madhya Pradesh,,333,Gaming chair,1902.0,1,1902.0
25251857,1595689261917,STR2699,POS792,PRIME,7475384243,CASH,HOME-DELIVERY,Shahjahanpur,Uttar Pradesh,,513,Flip clock,1259.0,1,1259.0
72054073,1595689261933,STR2699,POS773,NONPRIME,9327106277,CASH,TAKEAWAY,,,,208,Canopy bed,508.0,1,508.0
19146113,1595689262024,STR5646,POS639,PRIME,9711257112,CARD,HOME-DELIVERY,Darbhanga,Bihar,,333,Gaming chair,1902.0,1,1902.0
19146113,1595689262024,STR5646,POS639,PRIME,9711257112,CARD,HOME-DELIVERY,Darbhanga,Bihar,,283,Portable Lamps,2236.0,2,4472.0
19146113,1595689262024,STR5646,POS639,PRIME,9711257112,CARD,HOME-DELIVERY,Darbhanga,Bihar,,643,Blow torch,1955.0,2,3910.0
78950621,1595689262143,STR7443,POS333,NONPRIME,5483488802,CASH,HOME-DELIVERY,Hathras,Uttar Pradesh,,308,Butterfly chair,857.0,1,857.0
78950621,1595689262143,STR7443,POS333,NONPRIME,5483488802,CASH,HOME-DELIVERY,Hathras,Uttar Pradesh,,253,Bathroom cabinet,1513.0,2,3026.0
46514480,1595689262244,STR2699,POS792,PRIME,7475384243,CASH,HOME-DELIVERY,Tambaram,Tamil Nadu,,443,Margarita glass,2475.0,1,2475.0
46514480,1595689262244,STR2699,POS792,PRIME,7475384243,CASH,HOME-DELIVERY,Tambaram,Tamil Nadu,,438,Lead glass,2069.0,2,4138.0
35736872,1595689262348,STR4899,POS799,PRIME,2325763742,CASH,HOME-DELIVERY,Vijayawada,Andhra Pradesh,,668,Crab cracker,785.0,1,785.0
35736872,1595689262348,STR4899,POS799,PRIME,2325763742,CASH,HOME-DELIVERY,Vijayawada,Andhra Pradesh,,253,Bathroom cabinet,1513.0,2,3026.0
35736872,1595689262348,STR4899,POS799,PRIME,2325763742,CASH,HOME-DELIVERY,Vijayawada,Andhra Pradesh,,218,Sofa bed,895.0,2,1790.0
35736872,1595689262348,STR4899,POS799,PRIME,2325763742,CASH,HOME-DELIVERY,Vijayawada,Andhra Pradesh,,333,Gaming chair,1902.0,1,1902.0
41645657,1595689262370,STR5646,POS639,PRIME,9711257112,CARD,HOME-DELIVERY,Delhi,Delhi,,683,Grater,370.0,1,370.0
41645657,1595689262370,STR5646,POS639,PRIME,9711257112,CARD,HOME-DELIVERY,Delhi,Delhi,,243,Folding table,738.0,2,1476.0
41645657,1595689262370,STR5646,POS639,PRIME,9711257112,CARD,HOME-DELIVERY,Delhi,Delhi,,388,Memory Foam,1884.0,1,1884.0
41645657,1595689262370,STR5646,POS639,PRIME,9711257112,CARD,HOME-DELIVERY,Delhi,Delhi,,568,Pinch Pleated Curtains,1718.0,1,1718.0
15731791,1595689262471,STR5646,POS624,PRIME,8109010950,CASH,TAKEAWAY,,,,433,Depression glass,1950.0,2,3900.0
15731791,1595689262471,STR5646,POS624,PRIME,8109010950,CASH,TAKEAWAY,,,,643,Blow torch,1955.0,1,1955.0
93515559,1595689262571,STR5646,POS624,PRIME,8109010950,CASH,TAKEAWAY,,,,323,Chiavari chair,653.0,2,1306.0
84363281,1595689262571,STR7443,POS365,PRIME,8790333340,CASH,HOME-DELIVERY,Chapra,Bihar,,578,Goblet Pleat Curtains,1765.0,2,3530.0
93185679,1595689262671,STR5864,POS872,PRIME,7589671731,CASH,HOME-DELIVERY,Hassan,Karnataka,,678,Fillet knife,350.0,2,700.0
93185679,1595689262671,STR5864,POS872,PRIME,7589671731,CASH,HOME-DELIVERY,Hassan,Karnataka,,683,Grater,370.0,2,740.0
49802841,1595689263173,STR7443,POS411,NONPRIME,4369698403,CARD,HOME-DELIVERY,South Dum Dum,West Bengal,,658,Chinois,567.0,2,1134.0
49802841,1595689263173,STR7443,POS411,NONPRIME,4369698403,CARD,HOME-DELIVERY,South Dum Dum,West Bengal,,638,Baster,1214.0,1,1214.0
49802841,1595689263173,STR7443,POS411,NONPRIME,4369698403,CARD,HOME-DELIVERY,South Dum Dum,West Bengal,,353,Recliner,1585.0,2,3170.0
49802841,1595689263173,STR7443,POS411,NONPRIME,4369698403,CARD,HOME-DELIVERY,South Dum Dum,West Bengal,,328,Dining chair,1223.0,2,2446.0
10501168,1595689263373,STR5864,POS872,PRIME,7589671731,CASH,HOME-DELIVERY,Mathura,Uttar Pradesh,,588,Sheer Curtains,801.0,1,801.0
9159790,1595689263373,STR5646,POS639,PRIME,9711257112,CARD,HOME-DELIVERY,Junagadh,Gujarat,,523,Oil-lamp clock,1371.0,1,1371.0
9159790,1595689263373,STR5646,POS639,PRIME,9711257112,CARD,HOME-DELIVERY,Junagadh,Gujarat,,323,Chiavari chair,653.0,1,653.0
9159790,1595689263373,STR5646,POS639,PRIME,9711257112,CARD,HOME-DELIVERY,Junagadh,Gujarat,,503,Chef's knife,1973.0,1,1973.0
9159790,1595689263373,STR5646,POS639,PRIME,9711257112,CARD,HOME-DELIVERY,Junagadh,Gujarat,,523,Oil-lamp clock,1371.0,1,1371.0
24247700,1595689263373,STR5864,POS878,NONPRIME,9728415172,CARD,TAKEAWAY,,,,578,Goblet Pleat Curtains,1765.0,2,3530.0
12576999,1595689263674,STR5864,POS878,NONPRIME,9728415172,CARD,TAKEAWAY,,,,253,Bathroom cabinet,1513.0,2,3026.0
21676918,1595689263774,STR7443,POS394,NONPRIME,7587821520,CASH,TAKEAWAY,,,,248,TV tray table,1947.0,1,1947.0
21676918,1595689263774,STR7443,POS394,NONPRIME,7587821520,CASH,TAKEAWAY,,,,378,Air Bed,2263.0,2,4526.0
34381833,1595689263875,STR2629,POS285,NONPRIME,6419885098,CASH,TAKEAWAY,,,,218,Sofa bed,895.0,1,895.0
34381833,1595689263875,STR2629,POS285,NONPRIME,6419885098,CASH,TAKEAWAY,,,,603,Sheer Curtains,1282.0,2,2564.0
97750107,1595689263875,STR1955,POS493,PRIME,4405006483,CARD,TAKEAWAY,,,,258,Closet,1687.0,1,1687.0
97750107,1595689263875,STR1955,POS493,PRIME,4405006483,CARD,TAKEAWAY,,,,398,Latex Mattress,773.0,1,773.0
97750107,1595689263875,STR1955,POS493,PRIME,4405006483,CARD,TAKEAWAY,,,,203,Bunk bed,1686.0,1,1686.0
50445325,1595688900348,STR2952,POS477,NONPRIME,3425633108,CASH,TAKEAWAY,,,,398,Latex Mattress,773.0,2,1546.0
50445325,1595688900348,STR2952,POS477,NONPRIME,3425633108,CASH,TAKEAWAY,,,,608,Pleated Drapes,1684.0,1,1684.0
50445325,1595688900348,STR2952,POS477,NONPRIME,3425633108,CASH,TAKEAWAY,,,,368,Stool,888.0,2,1776.0
28130935,1595688901736,STR7255,POS692,NONPRIME,8891304816,CASH,TAKEAWAY,,,,478,Teapot,885.0,1,885.0
28130935,1595688901736,STR7255,POS692,NONPRIME,8891304816,CASH,TAKEAWAY,,,,278,Dining set,1940.0,2,3880.0
28130935,1595688901736,STR7255,POS692,NONPRIME,8891304816,CASH,TAKEAWAY,,,,343,Massage chair,1354.0,2,2708.0
68422917,1595688903760,STR1534,POS934,PRIME,5525406429,CASH,TAKEAWAY,,,,313,Brewster Chair,2195.0,2,4390.0
1909082,1595688903760,STR6382,POS968,PRIME,4148565252,CASH,HOME-DELIVERY,Vijayawada,Andhra Pradesh,,448,Martini glass,2263.0,2,4526.0
1909082,1595688903760,STR6382,POS968,PRIME,4148565252,CASH,HOME-DELIVERY,Vijayawada,Andhra Pradesh,,233,Coffee table,1055.0,1,1055.0
1909082,1595688903760,STR6382,POS968,PRIME,4148565252,CASH,HOME-DELIVERY,Vijayawada,Andhra Pradesh,,403,Adjustable Air Mattress,1417.0,2,2834.0
21249146,1595689029002,STR7255,POS692,NONPRIME,8891304816,CASH,TAKEAWAY,,,,248,TV tray table,1947.0,2,3894.0
21249146,1595689029002,STR7255,POS692,NONPRIME,8891304816,CASH,TAKEAWAY,,,,223,Hammock,1210.0,1,1210.0
21249146,1595689029002,STR7255,POS692,NONPRIME,8891304816,CASH,TAKEAWAY,,,,403,Adjustable Air Mattress,1417.0,1,1417.0
21249146,1595689029002,STR7255,POS692,NONPRIME,8891304816,CASH,TAKEAWAY,,,,648,Bottle opener,321.0,2,642.0
17041418,1595689031012,STR8311,POS728,PRIME,8490473378,CASH,HOME-DELIVERY,Dehri,Bihar,,388,Memory Foam,1884.0,1,1884.0
17041418,1595689031012,STR8311,POS728,PRIME,8490473378,CASH,HOME-DELIVERY,Dehri,Bihar,,363,Rocking chair,2021.0,2,4042.0
17041418,1595689031012,STR8311,POS728,PRIME,8490473378,CASH,HOME-DELIVERY,Dehri,Bihar,,508,Kitchen knife,2483.0,2,4966.0
17041418,1595689031012,STR8311,POS728,PRIME,8490473378,CASH,HOME-DELIVERY,Dehri,Bihar,,353,Recliner,1585.0,1,1585.0
31152107,1595689032016,STR6382,POS851,NONPRIME,8110266676,CARD,TAKEAWAY,,,,628,Window Scarf,1774.0,1,1774.0
31152107,1595689032016,STR6382,POS851,NONPRIME,8110266676,CARD,TAKEAWAY,,,,398,Latex Mattress,773.0,1,773.0
86384632,1595689032540,STR6382,POS968,PRIME,4148565252,CASH,HOME-DELIVERY,Ganganagar,Rajasthan,,368,Stool,888.0,2,1776.0
1666017,1595689034047,STR7262,POS581,NONPRIME,6218924818,CARD,TAKEAWAY,,,,378,Air Bed,2263.0,1,2263.0
1666017,1595689034047,STR7262,POS581,NONPRIME,6218924818,CARD,TAKEAWAY,,,,693,Mandoline,250.0,2,500.0
45491963,1595689034548,STR1534,POS364,NONPRIME,3006055636,CASH,HOME-DELIVERY,Tiruvottiyur,Tamil Nadu,,238,Dining table,1582.0,1,1582.0
45491963,1595689034548,STR1534,POS364,NONPRIME,3006055636,CASH,HOME-DELIVERY,Tiruvottiyur,Tamil Nadu,,613,Goblet Pleat Drapes,1583.0,1,1583.0
74849537,1595689036052,STR1534,POS151,NONPRIME,7061658033,CASH,HOME-DELIVERY,Sikar,Rajasthan,,648,Bottle opener,321.0,2,642.0
59967037,1595689037558,STR7449,POS728,PRIME,5301477438,CASH,TAKEAWAY,,,,603,Sheer Curtains,1282.0,1,1282.0
52902128,1595689037558,STR2952,POS351,NONPRIME,2024774071,CASH,HOME-DELIVERY,Vijayawada,Andhra Pradesh,,293,Bar stool,1148.0,1,1148.0
52902128,1595689037558,STR2952,POS351,NONPRIME,2024774071,CASH,HOME-DELIVERY,Vijayawada,Andhra Pradesh,,668,Crab cracker,785.0,2,1570.0
52902128,1595689037558,STR2952,POS351,NONPRIME,2024774071,CASH,HOME-DELIVERY,Vijayawada,Andhra Pradesh,,673,Dough scraper,980.0,2,1960.0
52902128,1595689037558,STR2952,POS351,NONPRIME,2024774071,CASH,HOME-DELIVERY,Vijayawada,Andhra Pradesh,,283,Portable Lamps,2236.0,2,4472.0
16449376,1595689039064,STR2952,POS477,NONPRIME,3425633108,CASH,TAKEAWAY,,,,478,Teapot,885.0,2,1770.0
16449376,1595689039064,STR2952,POS477,NONPRIME,3425633108,CASH,TAKEAWAY,,,,593,Hanging curtains,1896.0,1,1896.0
20159148,1595689039566,STR2952,POS471,NONPRIME,9741556539,CASH,TAKEAWAY,,,,673,Dough scraper,980.0,2,1960.0
69319554,1595689039566,STR7449,POS351,NONPRIME,9639928743,CASH,TAKEAWAY,,,,328,Dining chair,1223.0,1,1223.0
95830695,1595689040068,STR7262,POS576,NONPRIME,2016894106,CARD,TAKEAWAY,,,,398,Latex Mattress,773.0,1,773.0
95830695,1595689040068,STR7262,POS576,NONPRIME,2016894106,CARD,TAKEAWAY,,,,433,Depression glass,1950.0,2,3900.0
95830695,1595689040068,STR7262,POS576,NONPRIME,2016894106,CARD,TAKEAWAY,,,,298,Bardic chair,1649.0,2,3298.0
95830695,1595689040068,STR7262,POS576,NONPRIME,2016894106,CARD,TAKEAWAY,,,,348,Navy chair,1998.0,1,1998.0
63201878,1595689041573,STR7449,POS728,PRIME,5301477438,CASH,TAKEAWAY,,,,688,Ladle,570.0,1,570.0
63201878,1595689041573,STR7449,POS728,PRIME,5301477438,CASH,TAKEAWAY,,,,643,Blow torch,1955.0,1,1955.0
34782794,1595689042075,STR2952,POS471,NONPRIME,9741556539,CASH,TAKEAWAY,,,,313,Brewster Chair,2195.0,1,2195.0
65388961,1595689042075,STR7255,POS115,PRIME,1682244797,CASH,HOME-DELIVERY,Ongole,Andhra Pradesh,,228,Divan,1083.0,2,2166.0
65388961,1595689042075,STR7255,POS115,PRIME,1682244797,CASH,HOME-DELIVERY,Ongole,Andhra Pradesh,,308,Butterfly chair,857.0,2,1714.0
65388961,1595689042075,STR7255,POS115,PRIME,1682244797,CASH,HOME-DELIVERY,Ongole,Andhra Pradesh,,658,Chinois,567.0,2,1134.0
61162721,1595689043079,STR6382,POS145,PRIME,6733153948,CARD,HOME-DELIVERY,Palakkad,Kerala,,308,Butterfly chair,857.0,1,857.0
61162721,1595689043079,STR6382,POS145,PRIME,6733153948,CARD,HOME-DELIVERY,Palakkad,Kerala,,488,Bread knife,1077.0,1,1077.0
61162721,1595689043079,STR6382,POS145,PRIME,6733153948,CARD,HOME-DELIVERY,Palakkad,Kerala,,453,Shot glass,674.0,1,674.0
240510,1595689043079,STR1534,POS934,PRIME,5525406429,CASH,TAKEAWAY,,,,548,Cartel clock,1500.0,2,3000.0
240510,1595689043079,STR1534,POS934,PRIME,5525406429,CASH,TAKEAWAY,,,,613,Goblet Pleat Drapes,1583.0,2,3166.0
240510,1595689043079,STR1534,POS934,PRIME,5525406429,CASH,TAKEAWAY,,,,653,Browning tray,375.0,1,375.0
53909051,1595689043580,STR7255,POS692,NONPRIME,8891304816,CASH,TAKEAWAY,,,,233,Coffee table,1055.0,1,1055.0
53909051,1595689043580,STR7255,POS692,NONPRIME,8891304816,CASH,TAKEAWAY,,,,473,Mason jars,1358.0,1,1358.0
18028825,1595689044082,STR2952,POS351,NONPRIME,2024774071,CASH,HOME-DELIVERY,Puri,Odisha,,488,Bread knife,1077.0,2,2154.0
18028825,1595689044082,STR2952,POS351,NONPRIME,2024774071,CASH,HOME-DELIVERY,Puri,Odisha,,223,Hammock,1210.0,2,2420.0
18028825,1595689044082,STR2952,POS351,NONPRIME,2024774071,CASH,HOME-DELIVERY,Puri,Odisha,,568,Pinch Pleated Curtains,1718.0,2,3436.0
18028825,1595689044082,STR2952,POS351,NONPRIME,2024774071,CASH,HOME-DELIVERY,Puri,Odisha,,338,Kneeling chairs,442.0,2,884.0
99898726,1595689044082,STR6382,POS661,PRIME,7115250228,CASH,TAKEAWAY,,,,208,Canopy bed,508.0,1,508.0
99898726,1595689044082,STR6382,POS661,PRIME,7115250228,CASH,TAKEAWAY,,,,338,Kneeling chairs,442.0,2,884.0
99898726,1595689044082,STR6382,POS661,PRIME,7115250228,CASH,TAKEAWAY,,,,518,Hourglass,1598.0,1,1598.0
77825722,1595689044584,STR6382,POS145,PRIME,6733153948,CARD,HOME-DELIVERY,Chhindwara,Madhya Pradesh,,213,Infant bed,1755.0,1,1755.0
77825722,1595689044584,STR6382,POS145,PRIME,6733153948,CARD,HOME-DELIVERY,Chhindwara,Madhya Pradesh,,578,Goblet Pleat Curtains,1765.0,1,1765.0
77825722,1595689044584,STR6382,POS145,PRIME,6733153948,CARD,HOME-DELIVERY,Chhindwara,Madhya Pradesh,,578,Goblet Pleat Curtains,1765.0,1,1765.0
50433753,1595689044584,STR7255,POS692,NONPRIME,8891304816,CASH,TAKEAWAY,,,,578,Goblet Pleat Curtains,1765.0,1,1765.0
50433753,1595689044584,STR7255,POS692,NONPRIME,8891304816,CASH,TAKEAWAY,,,,213,Infant bed,1755.0,1,1755.0
83794530,1595689046089,STR7449,POS423,PRIME,7691699125,CASH,HOME-DELIVERY,Vijayawada,Andhra Pradesh,,433,Depression glass,1950.0,2,3900.0
83794530,1595689046089,STR7449,POS423,PRIME,7691699125,CASH,HOME-DELIVERY,Vijayawada,Andhra Pradesh,,513,Flip clock,1259.0,2,2518.0
83794530,1595689046089,STR7449,POS423,PRIME,7691699125,CASH,HOME-DELIVERY,Vijayawada,Andhra Pradesh,,678,Fillet knife,350.0,1,350.0
83794530,1595689046089,STR7449,POS423,PRIME,7691699125,CASH,HOME-DELIVERY,Vijayawada,Andhra Pradesh,,683,Grater,370.0,2,740.0
81547158,1595689046591,STR7255,POS866,PRIME,5432615113,CASH,TAKEAWAY,,,,683,Grater,370.0,2,740.0
81547158,1595689046591,STR7255,POS866,PRIME,5432615113,CASH,TAKEAWAY,,,,403,Adjustable Air Mattress,1417.0,1,1417.0
81547158,1595689046591,STR7255,POS866,PRIME,5432615113,CASH,TAKEAWAY,,,,648,Bottle opener,321.0,1,321.0
81547158,1595689046591,STR7255,POS866,PRIME,5432615113,CASH,TAKEAWAY,,,,273,Bedroom set,842.0,2,1684.0
2069510,1595689046591,STR8311,POS935,NONPRIME,5196911608,CARD,TAKEAWAY,,,,658,Chinois,567.0,2,1134.0
2069510,1595689046591,STR8311,POS935,NONPRIME,5196911608,CARD,TAKEAWAY,,,,658,Chinois,567.0,2,1134.0
2069510,1595689046591,STR8311,POS935,NONPRIME,5196911608,CARD,TAKEAWAY,,,,593,Hanging curtains,1896.0,2,3792.0
2069510,1595689046591,STR8311,POS935,NONPRIME,5196911608,CARD,TAKEAWAY,,,,233,Coffee table,1055.0,2,2110.0
36812967,1595689047091,STR8311,POS224,NONPRIME,2989852024,CASH,TAKEAWAY,,,,358,Restraint chair,1943.0,2,3886.0
84962458,1595689050101,STR1534,POS934,PRIME,5525406429,CASH,TAKEAWAY,,,,563,Chiming clock,2168.0,2,4336.0
84962458,1595689050101,STR1534,POS934,PRIME,5525406429,CASH,TAKEAWAY,,,,668,Crab cracker,785.0,1,785.0
84962458,1595689050101,STR1534,POS934,PRIME,5525406429,CASH,TAKEAWAY,,,,258,Closet,1687.0,2,3374.0
92691988,1595689050101,STR7255,POS738,NONPRIME,8582181693,CASH,TAKEAWAY,,,,358,Restraint chair,1943.0,2,3886.0
92691988,1595689050101,STR7255,POS738,NONPRIME,8582181693,CASH,TAKEAWAY,,,,698,Meat grinder,1250.0,1,1250.0
92691988,1595689050101,STR7255,POS738,NONPRIME,8582181693,CASH,TAKEAWAY,,,,278,Dining set,1940.0,2,3880.0
92691988,1595689050101,STR7255,POS738,NONPRIME,8582181693,CASH,TAKEAWAY,,,,633,Cafe Curtains,796.0,2,1592.0
11941603,1595689051104,STR2952,POS471,NONPRIME,9741556539,CASH,TAKEAWAY,,,,243,Folding table,738.0,1,738.0
66136663,1595689052109,STR7255,POS738,NONPRIME,8582181693,CASH,TAKEAWAY,,,,338,Kneeling chairs,442.0,1,442.0
24612359,1595689053113,STR2952,POS152,PRIME,3027514652,CASH,TAKEAWAY,,,,218,Sofa bed,895.0,1,895.0
24612359,1595689053113,STR2952,POS152,PRIME,3027514652,CASH,TAKEAWAY,,,,443,Margarita glass,2475.0,2,4950.0
24612359,1595689053113,STR2952,POS152,PRIME,3027514652,CASH,TAKEAWAY,,,,668,Crab cracker,785.0,1,785.0
24612359,1595689053113,STR2952,POS152,PRIME,3027514652,CASH,TAKEAWAY,,,,468,Lunch box,1467.0,2,2934.0
92174046,1595689054620,STR7255,POS115,PRIME,1682244797,CASH,HOME-DELIVERY,Kolkata,West Bengal,,663,Corkscrew,983.0,2,1966.0
12780543,1595689055122,STR7262,POS182,PRIME,5378825053,CASH,HOME-DELIVERY,Kanpur Cantonment,Uttar Pradesh,,333,Gaming chair,1902.0,2,3804.0
12780543,1595689055122,STR7262,POS182,PRIME,5378825053,CASH,HOME-DELIVERY,Kanpur Cantonment,Uttar Pradesh,,538,Grandmother clock,1301.0,1,1301.0
12780543,1595689055122,STR7262,POS182,PRIME,5378825053,CASH,HOME-DELIVERY,Kanpur Cantonment,Uttar Pradesh,,498,Carving knifes,1424.0,1,1424.0
12780543,1595689055122,STR7262,POS182,PRIME,5378825053,CASH,HOME-DELIVERY,Kanpur Cantonment,Uttar Pradesh,,493,Boning knife,513.0,2,1026.0
2715951,1595689055630,STR8311,POS377,NONPRIME,8670468851,CASH,TAKEAWAY,,,,558,Balloon clock,1633.0,1,1633.0
2715951,1595689055630,STR8311,POS377,NONPRIME,8670468851,CASH,TAKEAWAY,,,,363,Rocking chair,2021.0,1,2021.0
2715951,1595689055630,STR8311,POS377,NONPRIME,8670468851,CASH,TAKEAWAY,,,,613,Goblet Pleat Drapes,1583.0,1,1583.0
2715951,1595689055630,STR8311,POS377,NONPRIME,8670468851,CASH,TAKEAWAY,,,,318,Bofinger chair,1119.0,1,1119.0
1767020,1595689056132,STR8311,POS728,PRIME,8490473378,CASH,HOME-DELIVERY,Nellore,Andhra Pradesh,,238,Dining table,1582.0,2,3164.0
81164665,1595689056635,STR7449,POS728,PRIME,5301477438,CASH,TAKEAWAY,,,,633,Cafe Curtains,796.0,2,1592.0
23208166,1595689056635,STR7262,POS664,NONPRIME,2954913332,CARD,HOME-DELIVERY,Mathura,Uttar Pradesh,,333,Gaming chair,1902.0,1,1902.0
23208166,1595689056635,STR7262,POS664,NONPRIME,2954913332,CARD,HOME-DELIVERY,Mathura,Uttar Pradesh,,238,Dining table,1582.0,1,1582.0
23208166,1595689056635,STR7262,POS664,NONPRIME,2954913332,CARD,HOME-DELIVERY,Mathura,Uttar Pradesh,,588,Sheer Curtains,801.0,2,1602.0
23208166,1595689056635,STR7262,POS664,NONPRIME,2954913332,CARD,HOME-DELIVERY,Mathura,Uttar Pradesh,,433,Depression glass,1950.0,2,3900.0
39223462,1595689057137,STR1534,POS944,NONPRIME,2968880358,CASH,HOME-DELIVERY,Eluru,Andhra Pradesh,,228,Divan,1083.0,2,2166.0
39223462,1595689057137,STR1534,POS944,NONPRIME,2968880358,CASH,HOME-DELIVERY,Eluru,Andhra Pradesh,,453,Shot glass,674.0,2,1348.0
39223462,1595689057137,STR1534,POS944,NONPRIME,2968880358,CASH,HOME-DELIVERY,Eluru,Andhra Pradesh,,433,Depression glass,1950.0,1,1950.0
24346053,1595689057137,STR1534,POS364,NONPRIME,3006055636,CASH,HOME-DELIVERY,Champdani,West Bengal,,613,Goblet Pleat Drapes,1583.0,2,3166.0
24346053,1595689057137,STR1534,POS364,NONPRIME,3006055636,CASH,HOME-DELIVERY,Champdani,West Bengal,,593,Hanging curtains,1896.0,1,1896.0
21459624,1595689057638,STR7262,POS182,PRIME,5378825053,CASH,HOME-DELIVERY,Shahjahanpur,Uttar Pradesh,,518,Hourglass,1598.0,2,3196.0
98866468,1595689057638,STR2952,POS477,NONPRIME,3425633108,CASH,TAKEAWAY,,,,563,Chiming clock,2168.0,1,2168.0
98866468,1595689057638,STR2952,POS477,NONPRIME,3425633108,CASH,TAKEAWAY,,,,378,Air Bed,2263.0,2,4526.0
98866468,1595689057638,STR2952,POS477,NONPRIME,3425633108,CASH,TAKEAWAY,,,,618,Pencil Pleat Drapes,1140.0,1,1140.0
98866468,1595689057638,STR2952,POS477,NONPRIME,3425633108,CASH,TAKEAWAY,,,,673,Dough scraper,980.0,2,1960.0
80818306,1595689058641,STR2952,POS351,NONPRIME,2024774071,CASH,HOME-DELIVERY,Bokaro Steel City,Jharkhand,,563,Chiming clock,2168.0,2,4336.0
80818306,1595689058641,STR2952,POS351,NONPRIME,2024774071,CASH,HOME-DELIVERY,Bokaro Steel City,Jharkhand,,213,Infant bed,1755.0,1,1755.0
80818306,1595689058641,STR2952,POS351,NONPRIME,2024774071,CASH,HOME-DELIVERY,Bokaro Steel City,Jharkhand,,658,Chinois,567.0,2,1134.0
80818306,1595689058641,STR2952,POS351,NONPRIME,2024774071,CASH,HOME-DELIVERY,Bokaro Steel City,Jharkhand,,518,Hourglass,1598.0,2,3196.0
83281769,1595689060649,STR2952,POS351,NONPRIME,2024774071,CASH,HOME-DELIVERY,Guna,Madhya Pradesh,,418,Wing chair,1431.0,1,1431.0
53046386,1595689061155,STR1534,POS151,NONPRIME,7061658033,CASH,HOME-DELIVERY,Madurai,Tamil Nadu,,328,Dining chair,1223.0,2,2446.0
36742673,1595689061669,STR6382,POS851,NONPRIME,8110266676,CARD,TAKEAWAY,,,,328,Dining chair,1223.0,1,1223.0
45789154,1595689062170,STR7262,POS664,NONPRIME,2954913332,CARD,HOME-DELIVERY,Bellary,Karnataka,,273,Bedroom set,842.0,1,842.0
92347231,1595689062671,STR1534,POS934,PRIME,5525406429,CASH,TAKEAWAY,,,,493,Boning knife,513.0,2,1026.0
99518331,1595689063675,STR7449,POS423,PRIME,7691699125,CASH,HOME-DELIVERY,Chennai,Tamil Nadu,,548,Cartel clock,1500.0,2,3000.0
36762084,1595689065180,STR6382,POS265,PRIME,7908234230,CASH,HOME-DELIVERY,Dabgram,West Bengal,,698,Meat grinder,1250.0,1,1250.0
36762084,1595689065180,STR6382,POS265,PRIME,7908234230,CASH,HOME-DELIVERY,Dabgram,West Bengal,,353,Recliner,1585.0,1,1585.0
36762084,1595689065180,STR6382,POS265,PRIME,7908234230,CASH,HOME-DELIVERY,Dabgram,West Bengal,,688,Ladle,570.0,1,570.0
14918108,1595689065682,STR7449,POS923,NONPRIME,1422009832,CARD,HOME-DELIVERY,Eluru,Andhra Pradesh,,658,Chinois,567.0,1,567.0
93522918,1595689066184,STR7262,POS581,NONPRIME,6218924818,CARD,TAKEAWAY,,,,678,Fillet knife,350.0,2,700.0
93522918,1595689066184,STR7262,POS581,NONPRIME,6218924818,CARD,TAKEAWAY,,,,268,Floating shelf,1894.0,1,1894.0
93522918,1595689066184,STR7262,POS581,NONPRIME,6218924818,CARD,TAKEAWAY,,,,458,Wine glass,1644.0,2,3288.0
10208443,1595689066686,STR7262,POS182,PRIME,5378825053,CASH,HOME-DELIVERY,Rishra,West Bengal,,483,Teacups and saucers,1781.0,1,1781.0
10208443,1595689066686,STR7262,POS182,PRIME,5378825053,CASH,HOME-DELIVERY,Rishra,West Bengal,,248,TV tray table,1947.0,1,1947.0
10208443,1595689066686,STR7262,POS182,PRIME,5378825053,CASH,HOME-DELIVERY,Rishra,West Bengal,,563,Chiming clock,2168.0,2,4336.0
10208443,1595689066686,STR7262,POS182,PRIME,5378825053,CASH,HOME-DELIVERY,Rishra,West Bengal,,603,Sheer Curtains,1282.0,1,1282.0
25275826,1595689066686,STR2952,POS477,NONPRIME,3425633108,CASH,TAKEAWAY,,,,428,Cocktail glass,1422.0,1,1422.0
25275826,1595689066686,STR2952,POS477,NONPRIME,3425633108,CASH,TAKEAWAY,,,,428,Cocktail glass,1422.0,1,1422.0
25275826,1595689066686,STR2952,POS477,NONPRIME,3425633108,CASH,TAKEAWAY,,,,323,Chiavari chair,653.0,2,1306.0
53834320,1595689067691,STR1534,POS135,PRIME,5582740626,CARD,TAKEAWAY,,,,653,Browning tray,375.0,1,375.0
27235096,1595689069195,STR7262,POS733,PRIME,1518460232,CASH,TAKEAWAY,,,,388,Memory Foam,1884.0,1,1884.0
25155280,1595689069697,STR7255,POS115,PRIME,1682244797,CASH,HOME-DELIVERY,Allappuzha,Kerala,,428,Cocktail glass,1422.0,1,1422.0
25155280,1595689069697,STR7255,POS115,PRIME,1682244797,CASH,HOME-DELIVERY,Allappuzha,Kerala,,448,Martini glass,2263.0,1,2263.0
2526653,1595689070199,STR1534,POS364,NONPRIME,3006055636,CASH,HOME-DELIVERY,Karnal,Haryana,,273,Bedroom set,842.0,1,842.0
2526653,1595689070199,STR1534,POS364,NONPRIME,3006055636,CASH,HOME-DELIVERY,Karnal,Haryana,,373,Latex Mattress,1313.0,1,1313.0
31121592,1595689070700,STR7449,POS423,PRIME,7691699125,CASH,HOME-DELIVERY,Sitapur,Uttar Pradesh,,433,Depression glass,1950.0,1,1950.0
31121592,1595689070700,STR7449,POS423,PRIME,7691699125,CASH,HOME-DELIVERY,Sitapur,Uttar Pradesh,,338,Kneeling chairs,442.0,2,884.0
72217087,1595689071202,STR2952,POS663,NONPRIME,7928716562,CASH,HOME-DELIVERY,Jodhpur,Rajasthan,,583,Tab Top Curtains,1329.0,1,1329.0
72217087,1595689071202,STR2952,POS663,NONPRIME,7928716562,CASH,HOME-DELIVERY,Jodhpur,Rajasthan,,688,Ladle,570.0,2,1140.0
72217087,1595689071202,STR2952,POS663,NONPRIME,7928716562,CASH,HOME-DELIVERY,Jodhpur,Rajasthan,,613,Goblet Pleat Drapes,1583.0,1,1583.0
65502682,1595689072206,STR7255,POS626,PRIME,2602353115,CARD,TAKEAWAY,,,,343,Massage chair,1354.0,1,1354.0
65502682,1595689072206,STR7255,POS626,PRIME,2602353115,CARD,TAKEAWAY,,,,513,Flip clock,1259.0,2,2518.0
65502682,1595689072206,STR7255,POS626,PRIME,2602353115,CARD,TAKEAWAY,,,,373,Latex Mattress,1313.0,2,2626.0
65502682,1595689072206,STR7255,POS626,PRIME,2602353115,CARD,TAKEAWAY,,,,218,Sofa bed,895.0,2,1790.0
86178682,1595689072707,STR1534,POS944,NONPRIME,2968880358,CASH,HOME-DELIVERY,Satna,Madhya Pradesh,,548,Cartel clock,1500.0,2,3000.0
86178682,1595689072707,STR1534,POS944,NONPRIME,2968880358,CASH,HOME-DELIVERY,Satna,Madhya Pradesh,,588,Sheer Curtains,801.0,1,801.0
86178682,1595689072707,STR1534,POS944,NONPRIME,2968880358,CASH,HOME-DELIVERY,Satna,Madhya Pradesh,,423,Quilt,1485.0,2,2970.0
62688489,1595689073209,STR8311,POS224,NONPRIME,2989852024,CASH,TAKEAWAY,,,,433,Depression glass,1950.0,1,1950.0
62688489,1595689073209,STR8311,POS224,NONPRIME,2989852024,CASH,TAKEAWAY,,,,578,Goblet Pleat Curtains,1765.0,2,3530.0
62688489,1595689073209,STR8311,POS224,NONPRIME,2989852024,CASH,TAKEAWAY,,,,568,Pinch Pleated Curtains,1718.0,2,3436.0
85190610,1595689074213,STR7262,POS182,PRIME,5378825053,CASH,HOME-DELIVERY,Bellary,Karnataka,,478,Teapot,885.0,1,885.0
85190610,1595689074213,STR7262,POS182,PRIME,5378825053,CASH,HOME-DELIVERY,Bellary,Karnataka,,548,Cartel clock,1500.0,2,3000.0
85190610,1595689074213,STR7262,POS182,PRIME,5378825053,CASH,HOME-DELIVERY,Bellary,Karnataka,,693,Mandoline,250.0,2,500.0
32764029,1595689076724,STR8311,POS728,PRIME,8490473378,CASH,HOME-DELIVERY,Gudivada,Andhra Pradesh,,463,Cookie jars,793.0,1,793.0
32764029,1595689076724,STR8311,POS728,PRIME,8490473378,CASH,HOME-DELIVERY,Gudivada,Andhra Pradesh,,603,Sheer Curtains,1282.0,2,2564.0
32764029,1595689076724,STR8311,POS728,PRIME,8490473378,CASH,HOME-DELIVERY,Gudivada,Andhra Pradesh,,388,Memory Foam,1884.0,1,1884.0
32764029,1595689076724,STR8311,POS728,PRIME,8490473378,CASH,HOME-DELIVERY,Gudivada,Andhra Pradesh,,238,Dining table,1582.0,2,3164.0
12021809,1595689077227,STR8311,POS975,NONPRIME,4680751410,CARD,TAKEAWAY,,,,478,Teapot,885.0,2,1770.0
12021809,1595689077227,STR8311,POS975,NONPRIME,4680751410,CARD,TAKEAWAY,,,,563,Chiming clock,2168.0,1,2168.0
12021809,1595689077227,STR8311,POS975,NONPRIME,4680751410,CARD,TAKEAWAY,,,,533,Rolling ball clock,1651.0,2,3302.0
12021809,1595689077227,STR8311,POS975,NONPRIME,4680751410,CARD,TAKEAWAY,,,,478,Teapot,885.0,2,1770.0
63340988,1595689077227,STR6382,POS265,PRIME,7908234230,CASH,HOME-DELIVERY,Varanasi,Uttar Pradesh,,228,Divan,1083.0,2,2166.0
51883297,1595689077728,STR7262,POS182,PRIME,5378825053,CASH,HOME-DELIVERY,Dehri,Bihar,,478,Teapot,885.0,2,1770.0
51883297,1595689077728,STR7262,POS182,PRIME,5378825053,CASH,HOME-DELIVERY,Dehri,Bihar,,463,Cookie jars,793.0,1,793.0
51883297,1595689077728,STR7262,POS182,PRIME,5378825053,CASH,HOME-DELIVERY,Dehri,Bihar,,518,Hourglass,1598.0,1,1598.0
51883297,1595689077728,STR7262,POS182,PRIME,5378825053,CASH,HOME-DELIVERY,Dehri,Bihar,,498,Carving knifes,1424.0,2,2848.0
26291385,1595689078732,STR7262,POS576,NONPRIME,2016894106,CARD,TAKEAWAY,,,,688,Ladle,570.0,2,1140.0
62471268,1595689079234,STR7262,POS182,PRIME,5378825053,CASH,HOME-DELIVERY,Gonda,Uttar Pradesh,,348,Navy chair,1998.0,2,3996.0
62471268,1595689079234,STR7262,POS182,PRIME,5378825053,CASH,HOME-DELIVERY,Gonda,Uttar Pradesh,,413,Slipcover,1896.0,2,3792.0
62471268,1595689079234,STR7262,POS182,PRIME,5378825053,CASH,HOME-DELIVERY,Gonda,Uttar Pradesh,,638,Baster,1214.0,2,2428.0
2143626,1595689079736,STR7255,POS626,PRIME,2602353115,CARD,TAKEAWAY,,,,413,Slipcover,1896.0,1,1896.0
2143626,1595689079736,STR7255,POS626,PRIME,2602353115,CARD,TAKEAWAY,,,,238,Dining table,1582.0,2,3164.0
2143626,1595689079736,STR7255,POS626,PRIME,2602353115,CARD,TAKEAWAY,,,,343,Massage chair,1354.0,2,2708.0
52486420,1595689080740,STR7255,POS626,PRIME,2602353115,CARD,TAKEAWAY,,,,488,Bread knife,1077.0,1,1077.0
52486420,1595689080740,STR7255,POS626,PRIME,2602353115,CARD,TAKEAWAY,,,,473,Mason jars,1358.0,1,1358.0
52486420,1595689080740,STR7255,POS626,PRIME,2602353115,CARD,TAKEAWAY,,,,563,Chiming clock,2168.0,1,2168.0
64067885,1595689081242,STR7449,POS423,PRIME,7691699125,CASH,HOME-DELIVERY,Mandasor,Madhya Pradesh,,533,Rolling ball clock,1651.0,2,3302.0
64067885,1595689081242,STR7449,POS423,PRIME,7691699125,CASH,HOME-DELIVERY,Mandasor,Madhya Pradesh,,573,Eyelet Curtains,642.0,1,642.0
74477780,1595689081744,STR7262,POS182,PRIME,5378825053,CASH,HOME-DELIVERY,Sambalpur,Odisha,,588,Sheer Curtains,801.0,2,1602.0
74477780,1595689081744,STR7262,POS182,PRIME,5378825053,CASH,HOME-DELIVERY,Sambalpur,Odisha,,683,Grater,370.0,1,370.0
74477780,1595689081744,STR7262,POS182,PRIME,5378825053,CASH,HOME-DELIVERY,Sambalpur,Odisha,,393,Hybrid Mattress,2217.0,2,4434.0
74477780,1595689081744,STR7262,POS182,PRIME,5378825053,CASH,HOME-DELIVERY,Sambalpur,Odisha,,488,Bread knife,1077.0,2,2154.0
61889532,1595689082246,STR8311,POS377,NONPRIME,8670468851,CASH,TAKEAWAY,,,,243,Folding table,738.0,1,738.0
14654320,1595689082748,STR7255,POS692,NONPRIME,8891304816,CASH,TAKEAWAY,,,,438,Lead glass,2069.0,1,2069.0
14654320,1595689082748,STR7255,POS692,NONPRIME,8891304816,CASH,TAKEAWAY,,,,663,Corkscrew,983.0,2,1966.0
14654320,1595689082748,STR7255,POS692,NONPRIME,8891304816,CASH,TAKEAWAY,,,,698,Meat grinder,1250.0,2,2500.0
14654320,1595689082748,STR7255,POS692,NONPRIME,8891304816,CASH,TAKEAWAY,,,,233,Coffee table,1055.0,1,1055.0
45712839,1595689082748,STR7262,POS576,NONPRIME,2016894106,CARD,TAKEAWAY,,,,313,Brewster Chair,2195.0,2,4390.0
45712839,1595689082748,STR7262,POS576,NONPRIME,2016894106,CARD,TAKEAWAY,,,,308,Butterfly chair,857.0,2,1714.0
45712839,1595689082748,STR7262,POS576,NONPRIME,2016894106,CARD,TAKEAWAY,,,,608,Pleated Drapes,1684.0,2,3368.0
45712839,1595689082748,STR7262,POS576,NONPRIME,2016894106,CARD,TAKEAWAY,,,,288,Hutch,1812.0,2,3624.0
21441142,1595689083752,STR7449,POS351,NONPRIME,9639928743,CASH,TAKEAWAY,,,,518,Hourglass,1598.0,1,1598.0
21441142,1595689083752,STR7449,POS351,NONPRIME,9639928743,CASH,TAKEAWAY,,,,508,Kitchen knife,2483.0,1,2483.0
21441142,1595689083752,STR7449,POS351,NONPRIME,9639928743,CASH,TAKEAWAY,,,,298,Bardic chair,1649.0,1,1649.0
21441142,1595689083752,STR7449,POS351,NONPRIME,9639928743,CASH,TAKEAWAY,,,,378,Air Bed,2263.0,1,2263.0
24969641,1595689084756,STR7255,POS738,NONPRIME,8582181693,CASH,TAKEAWAY,,,,628,Window Scarf,1774.0,2,3548.0
15210308,1595689085258,STR7449,POS728,PRIME,5301477438,CASH,TAKEAWAY,,,,563,Chiming clock,2168.0,1,2168.0
15210308,1595689085258,STR7449,POS728,PRIME,5301477438,CASH,TAKEAWAY,,,,638,Baster,1214.0,1,1214.0
15210308,1595689085258,STR7449,POS728,PRIME,5301477438,CASH,TAKEAWAY,,,,568,Pinch Pleated Curtains,1718.0,2,3436.0
15210308,1595689085258,STR7449,POS728,PRIME,5301477438,CASH,TAKEAWAY,,,,248,TV tray table,1947.0,2,3894.0
49556616,1595689086763,STR7449,POS923,NONPRIME,1422009832,CARD,HOME-DELIVERY,Eluru,Andhra Pradesh,,218,Sofa bed,895.0,2,1790.0
77084401,1595689086763,STR1534,POS934,PRIME,5525406429,CASH,TAKEAWAY,,,,268,Floating shelf,1894.0,2,3788.0
44828367,1595689087265,STR7449,POS923,NONPRIME,1422009832,CARD,HOME-DELIVERY,Jammu,Jammu and Kashmir,,273,Bedroom set,842.0,1,842.0
44828367,1595689087265,STR7449,POS923,NONPRIME,1422009832,CARD,HOME-DELIVERY,Jammu,Jammu and Kashmir,,433,Depression glass,1950.0,1,1950.0
36660379,1595689087767,STR1534,POS135,PRIME,5582740626,CARD,TAKEAWAY,,,,343,Massage chair,1354.0,1,1354.0
36660379,1595689087767,STR1534,POS135,PRIME,5582740626,CARD,TAKEAWAY,,,,443,Margarita glass,2475.0,1,2475.0
36660379,1595689087767,STR1534,POS135,PRIME,5582740626,CARD,TAKEAWAY,,,,318,Bofinger chair,1119.0,2,2238.0
56277982,1595689088268,STR8311,POS728,PRIME,8490473378,CASH,HOME-DELIVERY,Ratlam,Madhya Pradesh,,488,Bread knife,1077.0,2,2154.0
56277982,1595689088268,STR8311,POS728,PRIME,8490473378,CASH,HOME-DELIVERY,Ratlam,Madhya Pradesh,,558,Balloon clock,1633.0,1,1633.0
85256938,1595689089271,STR1534,POS151,NONPRIME,7061658033,CASH,HOME-DELIVERY,Chapra,Bihar,,683,Grater,370.0,2,740.0
96176819,1595689089772,STR1534,POS151,NONPRIME,7061658033,CASH,HOME-DELIVERY,Allappuzha,Kerala,,233,Coffee table,1055.0,1,1055.0
96176819,1595689089772,STR1534,POS151,NONPRIME,7061658033,CASH,HOME-DELIVERY,Allappuzha,Kerala,,568,Pinch Pleated Curtains,1718.0,2,3436.0
96176819,1595689089772,STR1534,POS151,NONPRIME,7061658033,CASH,HOME-DELIVERY,Allappuzha,Kerala,,688,Ladle,570.0,1,570.0
42116273,1595689090776,STR8311,POS975,NONPRIME,4680751410,CARD,TAKEAWAY,,,,673,Dough scraper,980.0,1,980.0
42116273,1595689090776,STR8311,POS975,NONPRIME,4680751410,CARD,TAKEAWAY,,,,498,Carving knifes,1424.0,1,1424.0
42116273,1595689090776,STR8311,POS975,NONPRIME,4680751410,CARD,TAKEAWAY,,,,408,Confidante,1242.0,1,1242.0
30215526,1595689091277,STR2952,POS152,PRIME,3027514652,CASH,TAKEAWAY,,,,498,Carving knifes,1424.0,2,2848.0
30215526,1595689091277,STR2952,POS152,PRIME,3027514652,CASH,TAKEAWAY,,,,378,Air Bed,2263.0,1,2263.0
30215526,1595689091277,STR2952,POS152,PRIME,3027514652,CASH,TAKEAWAY,,,,298,Bardic chair,1649.0,1,1649.0
30215526,1595689091277,STR2952,POS152,PRIME,3027514652,CASH,TAKEAWAY,,,,213,Infant bed,1755.0,2,3510.0
45094620,1595689187238,STR6382,POS145,PRIME,6733153948,CARD,HOME-DELIVERY,Hassan,Karnataka,,673,Dough scraper,980.0,1,980.0
38733348,1595689187561,STR8311,POS728,PRIME,8490473378,CASH,HOME-DELIVERY,Guna,Madhya Pradesh,,653,Browning tray,375.0,1,375.0
38733348,1595689187561,STR8311,POS728,PRIME,8490473378,CASH,HOME-DELIVERY,Guna,Madhya Pradesh,,448,Martini glass,2263.0,1,2263.0
14959285,1595689187561,STR7255,POS738,NONPRIME,8582181693,CASH,TAKEAWAY,,,,473,Mason jars,1358.0,2,2716.0
14959285,1595689187561,STR7255,POS738,NONPRIME,8582181693,CASH,TAKEAWAY,,,,553,Banjo clock,1651.0,1,1651.0
14959285,1595689187561,STR7255,POS738,NONPRIME,8582181693,CASH,TAKEAWAY,,,,333,Gaming chair,1902.0,2,3804.0
14959285,1595689187561,STR7255,POS738,NONPRIME,8582181693,CASH,TAKEAWAY,,,,503,Chef's knife,1973.0,2,3946.0
91886153,1595689187561,STR7262,POS664,NONPRIME,2954913332,CARD,HOME-DELIVERY,Mandasor,Madhya Pradesh,,378,Air Bed,2263.0,1,2263.0
91886153,1595689187561,STR7262,POS664,NONPRIME,2954913332,CARD,HOME-DELIVERY,Mandasor,Madhya Pradesh,,363,Rocking chair,2021.0,1,2021.0
91886153,1595689187561,STR7262,POS664,NONPRIME,2954913332,CARD,HOME-DELIVERY,Mandasor,Madhya Pradesh,,548,Cartel clock,1500.0,2,3000.0
91886153,1595689187561,STR7262,POS664,NONPRIME,2954913332,CARD,HOME-DELIVERY,Mandasor,Madhya Pradesh,,648,Bottle opener,321.0,1,321.0
89438782,1595689187662,STR7449,POS351,NONPRIME,9639928743,CASH,TAKEAWAY,,,,288,Hutch,1812.0,1,1812.0
89438782,1595689187662,STR7449,POS351,NONPRIME,9639928743,CASH,TAKEAWAY,,,,288,Hutch,1812.0,1,1812.0
89438782,1595689187662,STR7449,POS351,NONPRIME,9639928743,CASH,TAKEAWAY,,,,263,Kitchen cabinet,1050.0,1,1050.0
89438782,1595689187662,STR7449,POS351,NONPRIME,9639928743,CASH,TAKEAWAY,,,,608,Pleated Drapes,1684.0,1,1684.0
35940602,1595689187762,STR2952,POS152,PRIME,3027514652,CASH,TAKEAWAY,,,,293,Bar stool,1148.0,1,1148.0
35940602,1595689187762,STR2952,POS152,PRIME,3027514652,CASH,TAKEAWAY,,,,238,Dining table,1582.0,2,3164.0
35940602,1595689187762,STR2952,POS152,PRIME,3027514652,CASH,TAKEAWAY,,,,588,Sheer Curtains,801.0,1,801.0
35940602,1595689187762,STR2952,POS152,PRIME,3027514652,CASH,TAKEAWAY,,,,283,Portable Lamps,2236.0,1,2236.0
12592601,1595689187877,STR7262,POS733,PRIME,1518460232,CASH,TAKEAWAY,,,,243,Folding table,738.0,2,1476.0
12592601,1595689187877,STR7262,POS733,PRIME,1518460232,CASH,TAKEAWAY,,,,603,Sheer Curtains,1282.0,1,1282.0
12592601,1595689187877,STR7262,POS733,PRIME,1518460232,CASH,TAKEAWAY,,,,513,Flip clock,1259.0,2,2518.0
34626381,1595689187979,STR1534,POS151,NONPRIME,7061658033,CASH,HOME-DELIVERY,Nagpur,Maharastra,,638,Baster,1214.0,2,2428.0
34626381,1595689187979,STR1534,POS151,NONPRIME,7061658033,CASH,HOME-DELIVERY,Nagpur,Maharastra,,208,Canopy bed,508.0,2,1016.0
34626381,1595689187979,STR1534,POS151,NONPRIME,7061658033,CASH,HOME-DELIVERY,Nagpur,Maharastra,,618,Pencil Pleat Drapes,1140.0,1,1140.0
34626381,1595689187979,STR1534,POS151,NONPRIME,7061658033,CASH,HOME-DELIVERY,Nagpur,Maharastra,,408,Confidante,1242.0,1,1242.0
1938450,1595689187979,STR2952,POS663,NONPRIME,7928716562,CASH,HOME-DELIVERY,Allappuzha,Kerala,,603,Sheer Curtains,1282.0,1,1282.0
1938450,1595689187979,STR2952,POS663,NONPRIME,7928716562,CASH,HOME-DELIVERY,Allappuzha,Kerala,,598,Grommet Curtains,914.0,1,914.0
1938450,1595689187979,STR2952,POS663,NONPRIME,7928716562,CASH,HOME-DELIVERY,Allappuzha,Kerala,,218,Sofa bed,895.0,2,1790.0
1938450,1595689187979,STR2952,POS663,NONPRIME,7928716562,CASH,HOME-DELIVERY,Allappuzha,Kerala,,403,Adjustable Air Mattress,1417.0,2,2834.0
66767376,1595689188102,STR8311,POS377,NONPRIME,8670468851,CASH,TAKEAWAY,,,,668,Crab cracker,785.0,2,1570.0
80252766,1595689188184,STR6382,POS968,PRIME,4148565252,CASH,HOME-DELIVERY,Haridwar,Uttarakhand,,623,Box Pleat Drapes,1683.0,1,1683.0
80252766,1595689188184,STR6382,POS968,PRIME,4148565252,CASH,HOME-DELIVERY,Haridwar,Uttarakhand,,518,Hourglass,1598.0,2,3196.0
80252766,1595689188184,STR6382,POS968,PRIME,4148565252,CASH,HOME-DELIVERY,Haridwar,Uttarakhand,,338,Kneeling chairs,442.0,2,884.0
80252766,1595689188184,STR6382,POS968,PRIME,4148565252,CASH,HOME-DELIVERY,Haridwar,Uttarakhand,,298,Bardic chair,1649.0,2,3298.0
15915499,1595689188204,STR7255,POS692,NONPRIME,8891304816,CASH,TAKEAWAY,,,,233,Coffee table,1055.0,2,2110.0
91962198,1595689188320,STR7262,POS576,NONPRIME,2016894106,CARD,TAKEAWAY,,,,268,Floating shelf,1894.0,2,3788.0
91962198,1595689188320,STR7262,POS576,NONPRIME,2016894106,CARD,TAKEAWAY,,,,553,Banjo clock,1651.0,2,3302.0
87787546,1595689188498,STR1534,POS944,NONPRIME,2968880358,CASH,HOME-DELIVERY,Darbhanga,Bihar,,648,Bottle opener,321.0,1,321.0
86292994,1595689188521,STR6382,POS968,PRIME,4148565252,CASH,HOME-DELIVERY,Raigarh,Chhattisgarh,,308,Butterfly chair,857.0,1,857.0
86292994,1595689188521,STR6382,POS968,PRIME,4148565252,CASH,HOME-DELIVERY,Raigarh,Chhattisgarh,,343,Massage chair,1354.0,1,1354.0
86292994,1595689188521,STR6382,POS968,PRIME,4148565252,CASH,HOME-DELIVERY,Raigarh,Chhattisgarh,,308,Butterfly chair,857.0,1,857.0
86292994,1595689188521,STR6382,POS968,PRIME,4148565252,CASH,HOME-DELIVERY,Raigarh,Chhattisgarh,,218,Sofa bed,895.0,2,1790.0
62684561,1595689188599,STR7449,POS728,PRIME,5301477438,CASH,TAKEAWAY,,,,538,Grandmother clock,1301.0,2,2602.0
99806992,1595689188717,STR8311,POS975,NONPRIME,4680751410,CARD,TAKEAWAY,,,,388,Memory Foam,1884.0,1,1884.0
99806992,1595689188717,STR8311,POS975,NONPRIME,4680751410,CARD,TAKEAWAY,,,,593,Hanging curtains,1896.0,2,3792.0
99806992,1595689188717,STR8311,POS975,NONPRIME,4680751410,CARD,TAKEAWAY,,,,398,Latex Mattress,773.0,2,1546.0
18444384,1595689188921,STR7449,POS423,PRIME,7691699125,CASH,HOME-DELIVERY,Katihar,Bihar,,348,Navy chair,1998.0,2,3996.0
18444384,1595689188921,STR7449,POS423,PRIME,7691699125,CASH,HOME-DELIVERY,Katihar,Bihar,,523,Oil-lamp clock,1371.0,1,1371.0
18444384,1595689188921,STR7449,POS423,PRIME,7691699125,CASH,HOME-DELIVERY,Katihar,Bihar,,418,Wing chair,1431.0,1,1431.0
86517418,1595689188952,STR7262,POS664,NONPRIME,2954913332,CARD,HOME-DELIVERY,Shivapuri,Madhya Pradesh,,228,Divan,1083.0,1,1083.0
86517418,1595689188952,STR7262,POS664,NONPRIME,2954913332,CARD,HOME-DELIVERY,Shivapuri,Madhya Pradesh,,363,Rocking chair,2021.0,2,4042.0
29206614,1595689189153,STR7449,POS351,NONPRIME,9639928743,CASH,TAKEAWAY,,,,273,Bedroom set,842.0,1,842.0
29206614,1595689189153,STR7449,POS351,NONPRIME,9639928743,CASH,TAKEAWAY,,,,268,Floating shelf,1894.0,2,3788.0
17407622,1595689189484,STR1534,POS151,NONPRIME,7061658033,CASH,HOME-DELIVERY,North Barrackpur,West Bengal,,668,Crab cracker,785.0,2,1570.0
17407622,1595689189484,STR1534,POS151,NONPRIME,7061658033,CASH,HOME-DELIVERY,North Barrackpur,West Bengal,,203,Bunk bed,1686.0,1,1686.0
17407622,1595689189484,STR1534,POS151,NONPRIME,7061658033,CASH,HOME-DELIVERY,North Barrackpur,West Bengal,,548,Cartel clock,1500.0,1,1500.0
17407622,1595689189484,STR1534,POS151,NONPRIME,7061658033,CASH,HOME-DELIVERY,North Barrackpur,West Bengal,,523,Oil-lamp clock,1371.0,1,1371.0
9300094,1595689189585,STR7262,POS581,NONPRIME,6218924818,CARD,TAKEAWAY,,,,698,Meat grinder,1250.0,1,1250.0
54862007,1595689189585,STR8311,POS224,NONPRIME,2989852024,CASH,TAKEAWAY,,,,403,Adjustable Air Mattress,1417.0,2,2834.0
54862007,1595689189585,STR8311,POS224,NONPRIME,2989852024,CASH,TAKEAWAY,,,,628,Window Scarf,1774.0,1,1774.0
54862007,1595689189585,STR8311,POS224,NONPRIME,2989852024,CASH,TAKEAWAY,,,,243,Folding table,738.0,1,738.0
54862007,1595689189585,STR8311,POS224,NONPRIME,2989852024,CASH,TAKEAWAY,,,,343,Massage chair,1354.0,2,2708.0
18482253,1595689189685,STR7262,POS733,PRIME,1518460232,CASH,TAKEAWAY,,,,368,Stool,888.0,1,888.0
18482253,1595689189685,STR7262,POS733,PRIME,1518460232,CASH,TAKEAWAY,,,,288,Hutch,1812.0,2,3624.0
18482253,1595689189685,STR7262,POS733,PRIME,1518460232,CASH,TAKEAWAY,,,,398,Latex Mattress,773.0,1,773.0
77036355,1595689189770,STR8311,POS377,NONPRIME,8670468851,CASH,TAKEAWAY,,,,503,Chef's knife,1973.0,2,3946.0
77036355,1595689189770,STR8311,POS377,NONPRIME,8670468851,CASH,TAKEAWAY,,,,393,Hybrid Mattress,2217.0,2,4434.0
40371514,1595689189785,STR6382,POS851,NONPRIME,8110266676,CARD,TAKEAWAY,,,,548,Cartel clock,1500.0,2,3000.0
40371514,1595689189785,STR6382,POS851,NONPRIME,8110266676,CARD,TAKEAWAY,,,,343,Massage chair,1354.0,2,2708.0
40371514,1595689189785,STR6382,POS851,NONPRIME,8110266676,CARD,TAKEAWAY,,,,338,Kneeling chairs,442.0,1,442.0
40371514,1595689189785,STR6382,POS851,NONPRIME,8110266676,CARD,TAKEAWAY,,,,418,Wing chair,1431.0,2,2862.0
92004074,1595689189986,STR7262,POS664,NONPRIME,2954913332,CARD,HOME-DELIVERY,Dehradun,Uttarakhand,,463,Cookie jars,793.0,1,793.0
92004074,1595689189986,STR7262,POS664,NONPRIME,2954913332,CARD,HOME-DELIVERY,Dehradun,Uttarakhand,,368,Stool,888.0,2,1776.0
92004074,1595689189986,STR7262,POS664,NONPRIME,2954913332,CARD,HOME-DELIVERY,Dehradun,Uttarakhand,,468,Lunch box,1467.0,1,1467.0
98890229,1595689190071,STR7449,POS923,NONPRIME,1422009832,CARD,HOME-DELIVERY,Pali,Rajasthan,,473,Mason jars,1358.0,1,1358.0
98890229,1595689190071,STR7449,POS923,NONPRIME,1422009832,CARD,HOME-DELIVERY,Pali,Rajasthan,,393,Hybrid Mattress,2217.0,2,4434.0
98890229,1595689190071,STR7449,POS923,NONPRIME,1422009832,CARD,HOME-DELIVERY,Pali,Rajasthan,,213,Infant bed,1755.0,2,3510.0
98890229,1595689190071,STR7449,POS923,NONPRIME,1422009832,CARD,HOME-DELIVERY,Pali,Rajasthan,,523,Oil-lamp clock,1371.0,2,2742.0
44927081,1595689190099,STR7262,POS576,NONPRIME,2016894106,CARD,TAKEAWAY,,,,343,Massage chair,1354.0,1,1354.0
44927081,1595689190099,STR7262,POS576,NONPRIME,2016894106,CARD,TAKEAWAY,,,,413,Slipcover,1896.0,2,3792.0
44927081,1595689190099,STR7262,POS576,NONPRIME,2016894106,CARD,TAKEAWAY,,,,283,Portable Lamps,2236.0,2,4472.0
44419806,1595689190171,STR7449,POS923,NONPRIME,1422009832,CARD,HOME-DELIVERY,Shahjahanpur,Uttar Pradesh,,338,Kneeling chairs,442.0,2,884.0
44419806,1595689190171,STR7449,POS923,NONPRIME,1422009832,CARD,HOME-DELIVERY,Shahjahanpur,Uttar Pradesh,,238,Dining table,1582.0,2,3164.0
44419806,1595689190171,STR7449,POS923,NONPRIME,1422009832,CARD,HOME-DELIVERY,Shahjahanpur,Uttar Pradesh,,258,Closet,1687.0,2,3374.0
44419806,1595689190171,STR7449,POS923,NONPRIME,1422009832,CARD,HOME-DELIVERY,Shahjahanpur,Uttar Pradesh,,648,Bottle opener,321.0,1,321.0
554600,1595689190202,STR7255,POS866,PRIME,5432615113,CASH,TAKEAWAY,,,,283,Portable Lamps,2236.0,1,2236.0
36007926,1595689190302,STR7449,POS351,NONPRIME,9639928743,CASH,TAKEAWAY,,,,338,Kneeling chairs,442.0,1,442.0
36007926,1595689190302,STR7449,POS351,NONPRIME,9639928743,CASH,TAKEAWAY,,,,573,Eyelet Curtains,642.0,2,1284.0
36007926,1595689190302,STR7449,POS351,NONPRIME,9639928743,CASH,TAKEAWAY,,,,333,Gaming chair,1902.0,2,3804.0
36007926,1595689190302,STR7449,POS351,NONPRIME,9639928743,CASH,TAKEAWAY,,,,468,Lunch box,1467.0,2,2934.0
68742251,1595689190518,STR6382,POS968,PRIME,4148565252,CASH,HOME-DELIVERY,Pali,Rajasthan,,683,Grater,370.0,2,740.0
73766726,1595689190587,STR6382,POS145,PRIME,6733153948,CARD,HOME-DELIVERY,Ahmadnagar,Maharastra,,643,Blow torch,1955.0,1,1955.0
73766726,1595689190587,STR6382,POS145,PRIME,6733153948,CARD,HOME-DELIVERY,Ahmadnagar,Maharastra,,493,Boning knife,513.0,2,1026.0
73766726,1595689190587,STR6382,POS145,PRIME,6733153948,CARD,HOME-DELIVERY,Ahmadnagar,Maharastra,,238,Dining table,1582.0,2,3164.0
50804424,1595689190619,STR2952,POS152,PRIME,3027514652,CASH,TAKEAWAY,,,,378,Air Bed,2263.0,2,4526.0
50804424,1595689190619,STR2952,POS152,PRIME,3027514652,CASH,TAKEAWAY,,,,273,Bedroom set,842.0,1,842.0
50804424,1595689190619,STR2952,POS152,PRIME,3027514652,CASH,TAKEAWAY,,,,678,Fillet knife,350.0,2,700.0
50804424,1595689190619,STR2952,POS152,PRIME,3027514652,CASH,TAKEAWAY,,,,468,Lunch box,1467.0,1,1467.0
58780733,1595689190688,STR7262,POS733,PRIME,1518460232,CASH,TAKEAWAY,,,,628,Window Scarf,1774.0,1,1774.0
58780733,1595689190688,STR7262,POS733,PRIME,1518460232,CASH,TAKEAWAY,,,,558,Balloon clock,1633.0,1,1633.0
62662956,1595689191020,STR6382,POS265,PRIME,7908234230,CASH,HOME-DELIVERY,Eluru,Andhra Pradesh,,378,Air Bed,2263.0,2,4526.0
75214181,1595689191189,STR6382,POS661,PRIME,7115250228,CASH,TAKEAWAY,,,,308,Butterfly chair,857.0,1,857.0
75214181,1595689191189,STR6382,POS661,PRIME,7115250228,CASH,TAKEAWAY,,,,378,Air Bed,2263.0,2,4526.0
88481064,1595689191521,STR7449,POS923,NONPRIME,1422009832,CARD,HOME-DELIVERY,Bokaro Steel City,Jharkhand,,378,Air Bed,2263.0,1,2263.0
88481064,1595689191521,STR7449,POS923,NONPRIME,1422009832,CARD,HOME-DELIVERY,Bokaro Steel City,Jharkhand,,278,Dining set,1940.0,2,3880.0
88481064,1595689191521,STR7449,POS923,NONPRIME,1422009832,CARD,HOME-DELIVERY,Bokaro Steel City,Jharkhand,,578,Goblet Pleat Curtains,1765.0,2,3530.0
30872097,1595689191590,STR8311,POS728,PRIME,8490473378,CASH,HOME-DELIVERY,Champdani,West Bengal,,318,Bofinger chair,1119.0,1,1119.0
30872097,1595689191590,STR8311,POS728,PRIME,8490473378,CASH,HOME-DELIVERY,Champdani,West Bengal,,213,Infant bed,1755.0,1,1755.0
37180851,1595689191622,STR1534,POS944,NONPRIME,2968880358,CASH,HOME-DELIVERY,Alandur,Tamil Nadu,,253,Bathroom cabinet,1513.0,2,3026.0
37180851,1595689191622,STR1534,POS944,NONPRIME,2968880358,CASH,HOME-DELIVERY,Alandur,Tamil Nadu,,258,Closet,1687.0,2,3374.0
81557237,1595689191622,STR8311,POS975,NONPRIME,4680751410,CARD,TAKEAWAY,,,,623,Box Pleat Drapes,1683.0,2,3366.0
81557237,1595689191622,STR8311,POS975,NONPRIME,4680751410,CARD,TAKEAWAY,,,,528,Projection clock,2365.0,2,4730.0
81557237,1595689191622,STR8311,POS975,NONPRIME,4680751410,CARD,TAKEAWAY,,,,678,Fillet knife,350.0,2,700.0
81557237,1595689191622,STR8311,POS975,NONPRIME,4680751410,CARD,TAKEAWAY,,,,498,Carving knifes,1424.0,1,1424.0
43793442,1595689191991,STR7262,POS182,PRIME,5378825053,CASH,HOME-DELIVERY,Kolkata,West Bengal,,308,Butterfly chair,857.0,1,857.0
45288069,1595689192402,STR6382,POS661,PRIME,7115250228,CASH,TAKEAWAY,,,,363,Rocking chair,2021.0,1,2021.0
45288069,1595689192402,STR6382,POS661,PRIME,7115250228,CASH,TAKEAWAY,,,,428,Cocktail glass,1422.0,1,1422.0
45288069,1595689192402,STR6382,POS661,PRIME,7115250228,CASH,TAKEAWAY,,,,608,Pleated Drapes,1684.0,1,1684.0
45288069,1595689192402,STR6382,POS661,PRIME,7115250228,CASH,TAKEAWAY,,,,233,Coffee table,1055.0,2,2110.0
46902089,1595689192605,STR1534,POS364,NONPRIME,3006055636,CASH,HOME-DELIVERY,Madurai,Tamil Nadu,,253,Bathroom cabinet,1513.0,2,3026.0
53178003,1595689192646,STR6382,POS968,PRIME,4148565252,CASH,HOME-DELIVERY,Serampore,West Bengal,,493,Boning knife,513.0,1,513.0
53178003,1595689192646,STR6382,POS968,PRIME,4148565252,CASH,HOME-DELIVERY,Serampore,West Bengal,,628,Window Scarf,1774.0,1,1774.0
53178003,1595689192646,STR6382,POS968,PRIME,4148565252,CASH,HOME-DELIVERY,Serampore,West Bengal,,583,Tab Top Curtains,1329.0,1,1329.0
57923477,1595689192862,STR1534,POS944,NONPRIME,2968880358,CASH,HOME-DELIVERY,Dehri,Bihar,,238,Dining table,1582.0,2,3164.0
57923477,1595689192862,STR1534,POS944,NONPRIME,2968880358,CASH,HOME-DELIVERY,Dehri,Bihar,,218,Sofa bed,895.0,1,895.0
73751686,1595689192862,STR7262,POS182,PRIME,5378825053,CASH,HOME-DELIVERY,Chhindwara,Madhya Pradesh,,408,Confidante,1242.0,1,1242.0
73751686,1595689192862,STR7262,POS182,PRIME,5378825053,CASH,HOME-DELIVERY,Chhindwara,Madhya Pradesh,,413,Slipcover,1896.0,2,3792.0
73751686,1595689192862,STR7262,POS182,PRIME,5378825053,CASH,HOME-DELIVERY,Chhindwara,Madhya Pradesh,,233,Coffee table,1055.0,2,2110.0
73751686,1595689192862,STR7262,POS182,PRIME,5378825053,CASH,HOME-DELIVERY,Chhindwara,Madhya Pradesh,,203,Bunk bed,1686.0,2,3372.0
14611652,1595689192915,STR8311,POS377,NONPRIME,8670468851,CASH,TAKEAWAY,,,,393,Hybrid Mattress,2217.0,1,2217.0
31726947,1595689193016,STR7262,POS576,NONPRIME,2016894106,CARD,TAKEAWAY,,,,663,Corkscrew,983.0,1,983.0
31726947,1595689193016,STR7262,POS576,NONPRIME,2016894106,CARD,TAKEAWAY,,,,408,Confidante,1242.0,2,2484.0
31726947,1595689193016,STR7262,POS576,NONPRIME,2016894106,CARD,TAKEAWAY,,,,518,Hourglass,1598.0,1,1598.0
57452231,1595689193062,STR7262,POS664,NONPRIME,2954913332,CARD,HOME-DELIVERY,Vijayawada,Andhra Pradesh,,663,Corkscrew,983.0,2,1966.0
57452231,1595689193062,STR7262,POS664,NONPRIME,2954913332,CARD,HOME-DELIVERY,Vijayawada,Andhra Pradesh,,203,Bunk bed,1686.0,1,1686.0
45450407,1595689193062,STR6382,POS968,PRIME,4148565252,CASH,HOME-DELIVERY,Darbhanga,Bihar,,328,Dining chair,1223.0,1,1223.0
45450407,1595689193062,STR6382,POS968,PRIME,4148565252,CASH,HOME-DELIVERY,Darbhanga,Bihar,,458,Wine glass,1644.0,1,1644.0
45450407,1595689193062,STR6382,POS968,PRIME,4148565252,CASH,HOME-DELIVERY,Darbhanga,Bihar,,488,Bread knife,1077.0,1,1077.0
35267052,1595689193178,STR7255,POS866,PRIME,5432615113,CASH,TAKEAWAY,,,,568,Pinch Pleated Curtains,1718.0,2,3436.0
35267052,1595689193178,STR7255,POS866,PRIME,5432615113,CASH,TAKEAWAY,,,,323,Chiavari chair,653.0,2,1306.0
35267052,1595689193178,STR7255,POS866,PRIME,5432615113,CASH,TAKEAWAY,,,,288,Hutch,1812.0,1,1812.0
35267052,1595689193178,STR7255,POS866,PRIME,5432615113,CASH,TAKEAWAY,,,,378,Air Bed,2263.0,1,2263.0
95589723,1595689193278,STR7255,POS115,PRIME,1682244797,CASH,HOME-DELIVERY,Guna,Madhya Pradesh,,678,Fillet knife,350.0,1,350.0
95589723,1595689193278,STR7255,POS115,PRIME,1682244797,CASH,HOME-DELIVERY,Guna,Madhya Pradesh,,398,Latex Mattress,773.0,1,773.0
73511327,1595689193278,STR7255,POS866,PRIME,5432615113,CASH,TAKEAWAY,,,,568,Pinch Pleated Curtains,1718.0,1,1718.0
73511327,1595689193278,STR7255,POS866,PRIME,5432615113,CASH,TAKEAWAY,,,,393,Hybrid Mattress,2217.0,2,4434.0
73511327,1595689193278,STR7255,POS866,PRIME,5432615113,CASH,TAKEAWAY,,,,348,Navy chair,1998.0,1,1998.0
73511327,1595689193278,STR7255,POS866,PRIME,5432615113,CASH,TAKEAWAY,,,,648,Bottle opener,321.0,2,642.0
79455162,1595689193379,STR1534,POS944,NONPRIME,2968880358,CASH,HOME-DELIVERY,Serampore,West Bengal,,208,Canopy bed,508.0,2,1016.0
18074737,1595689193580,STR2952,POS152,PRIME,3027514652,CASH,TAKEAWAY,,,,483,Teacups and saucers,1781.0,1,1781.0
2474583,1595689193580,STR7255,POS626,PRIME,2602353115,CARD,TAKEAWAY,,,,508,Kitchen knife,2483.0,1,2483.0
2474583,1595689193580,STR7255,POS626,PRIME,2602353115,CARD,TAKEAWAY,,,,373,Latex Mattress,1313.0,2,2626.0
2474583,1595689193580,STR7255,POS626,PRIME,2602353115,CARD,TAKEAWAY,,,,563,Chiming clock,2168.0,1,2168.0
87282162,1595689193834,STR8311,POS728,PRIME,8490473378,CASH,HOME-DELIVERY,Surendranagar,Gujarat,,383,Innerspring Mattress,655.0,1,655.0
87282162,1595689193834,STR8311,POS728,PRIME,8490473378,CASH,HOME-DELIVERY,Surendranagar,Gujarat,,428,Cocktail glass,1422.0,2,2844.0
47506348,1595689193881,STR7255,POS692,NONPRIME,8891304816,CASH,TAKEAWAY,,,,683,Grater,370.0,2,740.0
47506348,1595689193881,STR7255,POS692,NONPRIME,8891304816,CASH,TAKEAWAY,,,,283,Portable Lamps,2236.0,1,2236.0
24749678,1595689194081,STR1534,POS364,NONPRIME,3006055636,CASH,HOME-DELIVERY,Allappuzha,Kerala,,438,Lead glass,2069.0,2,4138.0
24749678,1595689194081,STR1534,POS364,NONPRIME,3006055636,CASH,HOME-DELIVERY,Allappuzha,Kerala,,433,Depression glass,1950.0,2,3900.0
24749678,1595689194081,STR1534,POS364,NONPRIME,3006055636,CASH,HOME-DELIVERY,Allappuzha,Kerala,,623,Box Pleat Drapes,1683.0,1,1683.0
24749678,1595689194081,STR1534,POS364,NONPRIME,3006055636,CASH,HOME-DELIVERY,Allappuzha,Kerala,,548,Cartel clock,1500.0,2,3000.0
3804929,1595689194182,STR7262,POS182,PRIME,5378825053,CASH,HOME-DELIVERY,Muzaffarnagar,Uttar Pradesh,,553,Banjo clock,1651.0,2,3302.0
43637411,1595689194182,STR2952,POS477,NONPRIME,3425633108,CASH,TAKEAWAY,,,,588,Sheer Curtains,801.0,2,1602.0
43637411,1595689194182,STR2952,POS477,NONPRIME,3425633108,CASH,TAKEAWAY,,,,558,Balloon clock,1633.0,2,3266.0
43637411,1595689194182,STR2952,POS477,NONPRIME,3425633108,CASH,TAKEAWAY,,,,543,Lighthouse clock,636.0,2,1272.0
88474838,1595689194419,STR7255,POS692,NONPRIME,8891304816,CASH,TAKEAWAY,,,,538,Grandmother clock,1301.0,2,2602.0
19323299,1595689194720,STR7255,POS692,NONPRIME,8891304816,CASH,TAKEAWAY,,,,328,Dining chair,1223.0,1,1223.0
85315818,1595689194720,STR8311,POS975,NONPRIME,4680751410,CARD,TAKEAWAY,,,,558,Balloon clock,1633.0,2,3266.0
85315818,1595689194720,STR8311,POS975,NONPRIME,4680751410,CARD,TAKEAWAY,,,,423,Quilt,1485.0,2,2970.0
85315818,1595689194720,STR8311,POS975,NONPRIME,4680751410,CARD,TAKEAWAY,,,,688,Ladle,570.0,1,570.0
85315818,1595689194720,STR8311,POS975,NONPRIME,4680751410,CARD,TAKEAWAY,,,,583,Tab Top Curtains,1329.0,1,1329.0
57462641,1595689194821,STR7449,POS215,PRIME,3453134392,CARD,HOME-DELIVERY,Surendranagar,Gujarat,,318,Bofinger chair,1119.0,1,1119.0
57462641,1595689194821,STR7449,POS215,PRIME,3453134392,CARD,HOME-DELIVERY,Surendranagar,Gujarat,,458,Wine glass,1644.0,1,1644.0
10179187,1595689195021,STR7449,POS215,PRIME,3453134392,CARD,HOME-DELIVERY,Karnal,Haryana,,603,Sheer Curtains,1282.0,1,1282.0
55670915,1595689195068,STR6382,POS265,PRIME,7908234230,CASH,HOME-DELIVERY,Pali,Rajasthan,,663,Corkscrew,983.0,1,983.0
82231899,1595689195122,STR7262,POS182,PRIME,5378825053,CASH,HOME-DELIVERY,Tiruvottiyur,Tamil Nadu,,563,Chiming clock,2168.0,2,4336.0
91145587,1595689195222,STR6382,POS145,PRIME,6733153948,CARD,HOME-DELIVERY,Champdani,West Bengal,,573,Eyelet Curtains,642.0,1,642.0
91145587,1595689195222,STR6382,POS145,PRIME,6733153948,CARD,HOME-DELIVERY,Champdani,West Bengal,,223,Hammock,1210.0,2,2420.0
91145587,1595689195222,STR6382,POS145,PRIME,6733153948,CARD,HOME-DELIVERY,Champdani,West Bengal,,688,Ladle,570.0,1,570.0
91145587,1595689195222,STR6382,POS145,PRIME,6733153948,CARD,HOME-DELIVERY,Champdani,West Bengal,,303,Bench,2251.0,1,2251.0
2585760,1595689195222,STR8311,POS975,NONPRIME,4680751410,CARD,TAKEAWAY,,,,688,Ladle,570.0,1,570.0
2585760,1595689195222,STR8311,POS975,NONPRIME,4680751410,CARD,TAKEAWAY,,,,363,Rocking chair,2021.0,1,2021.0
2585760,1595689195222,STR8311,POS975,NONPRIME,4680751410,CARD,TAKEAWAY,,,,628,Window Scarf,1774.0,1,1774.0
2585760,1595689195222,STR8311,POS975,NONPRIME,4680751410,CARD,TAKEAWAY,,,,613,Goblet Pleat Drapes,1583.0,1,1583.0
86597893,1595689195269,STR1534,POS135,PRIME,5582740626,CARD,TAKEAWAY,,,,383,Innerspring Mattress,655.0,1,655.0
48378286,1595689195323,STR2952,POS152,PRIME,3027514652,CASH,TAKEAWAY,,,,518,Hourglass,1598.0,2,3196.0
48378286,1595689195323,STR2952,POS152,PRIME,3027514652,CASH,TAKEAWAY,,,,313,Brewster Chair,2195.0,2,4390.0
48378286,1595689195323,STR2952,POS152,PRIME,3027514652,CASH,TAKEAWAY,,,,433,Depression glass,1950.0,1,1950.0
48378286,1595689195323,STR2952,POS152,PRIME,3027514652,CASH,TAKEAWAY,,,,493,Boning knife,513.0,1,513.0
10818593,1595689195470,STR7449,POS351,NONPRIME,9639928743,CASH,TAKEAWAY,,,,433,Depression glass,1950.0,2,3900.0
10818593,1595689195470,STR7449,POS351,NONPRIME,9639928743,CASH,TAKEAWAY,,,,283,Portable Lamps,2236.0,1,2236.0
31109714,1595689195523,STR7449,POS728,PRIME,5301477438,CASH,TAKEAWAY,,,,623,Box Pleat Drapes,1683.0,2,3366.0
31109714,1595689195523,STR7449,POS728,PRIME,5301477438,CASH,TAKEAWAY,,,,663,Corkscrew,983.0,2,1966.0
31109714,1595689195523,STR7449,POS728,PRIME,5301477438,CASH,TAKEAWAY,,,,303,Bench,2251.0,1,2251.0
31109714,1595689195523,STR7449,POS728,PRIME,5301477438,CASH,TAKEAWAY,,,,488,Bread knife,1077.0,1,1077.0
91800749,1595689195624,STR6382,POS851,NONPRIME,8110266676,CARD,TAKEAWAY,,,,353,Recliner,1585.0,1,1585.0
91800749,1595689195624,STR6382,POS851,NONPRIME,8110266676,CARD,TAKEAWAY,,,,458,Wine glass,1644.0,1,1644.0
91800749,1595689195624,STR6382,POS851,NONPRIME,8110266676,CARD,TAKEAWAY,,,,473,Mason jars,1358.0,2,2716.0
91800749,1595689195624,STR6382,POS851,NONPRIME,8110266676,CARD,TAKEAWAY,,,,318,Bofinger chair,1119.0,2,2238.0
12723329,1595689195671,STR1534,POS135,PRIME,5582740626,CARD,TAKEAWAY,,,,518,Hourglass,1598.0,2,3196.0
73752297,1595689195739,STR1534,POS364,NONPRIME,3006055636,CASH,HOME-DELIVERY,Chennai,Tamil Nadu,,523,Oil-lamp clock,1371.0,2,2742.0
99387652,1595689196288,STR7255,POS738,NONPRIME,8582181693,CASH,TAKEAWAY,,,,538,Grandmother clock,1301.0,1,1301.0
99387652,1595689196288,STR7255,POS738,NONPRIME,8582181693,CASH,TAKEAWAY,,,,468,Lunch box,1467.0,1,1467.0
35841033,1595689196542,STR7255,POS115,PRIME,1682244797,CASH,HOME-DELIVERY,South Dum Dum,West Bengal,,633,Cafe Curtains,796.0,2,1592.0
35841033,1595689196542,STR7255,POS115,PRIME,1682244797,CASH,HOME-DELIVERY,South Dum Dum,West Bengal,,613,Goblet Pleat Drapes,1583.0,2,3166.0
35841033,1595689196542,STR7255,POS115,PRIME,1682244797,CASH,HOME-DELIVERY,South Dum Dum,West Bengal,,253,Bathroom cabinet,1513.0,1,1513.0
35841033,1595689196542,STR7255,POS115,PRIME,1682244797,CASH,HOME-DELIVERY,South Dum Dum,West Bengal,,513,Flip clock,1259.0,1,1259.0
2464099,1595689196642,STR7449,POS351,NONPRIME,9639928743,CASH,TAKEAWAY,,,,538,Grandmother clock,1301.0,2,2602.0
2464099,1595689196642,STR7449,POS351,NONPRIME,9639928743,CASH,TAKEAWAY,,,,353,Recliner,1585.0,1,1585.0
2464099,1595689196642,STR7449,POS351,NONPRIME,9639928743,CASH,TAKEAWAY,,,,618,Pencil Pleat Drapes,1140.0,1,1140.0
2464099,1595689196642,STR7449,POS351,NONPRIME,9639928743,CASH,TAKEAWAY,,,,613,Goblet Pleat Drapes,1583.0,2,3166.0
29723292,1595689196743,STR1534,POS135,PRIME,5582740626,CARD,TAKEAWAY,,,,693,Mandoline,250.0,1,250.0
29723292,1595689196743,STR1534,POS135,PRIME,5582740626,CARD,TAKEAWAY,,,,533,Rolling ball clock,1651.0,2,3302.0
57597700,1595689196790,STR7262,POS733,PRIME,1518460232,CASH,TAKEAWAY,,,,358,Restraint chair,1943.0,2,3886.0
57597700,1595689196790,STR7262,POS733,PRIME,1518460232,CASH,TAKEAWAY,,,,558,Balloon clock,1633.0,1,1633.0
57597700,1595689196790,STR7262,POS733,PRIME,1518460232,CASH,TAKEAWAY,,,,558,Balloon clock,1633.0,1,1633.0
38017992,1595689197074,STR2952,POS351,NONPRIME,2024774071,CASH,HOME-DELIVERY,Banda,Uttar Pradesh,,653,Browning tray,375.0,2,750.0
38017992,1595689197074,STR2952,POS351,NONPRIME,2024774071,CASH,HOME-DELIVERY,Banda,Uttar Pradesh,,583,Tab Top Curtains,1329.0,2,2658.0
99674911,1595689197174,STR7262,POS576,NONPRIME,2016894106,CARD,TAKEAWAY,,,,343,Massage chair,1354.0,2,2708.0
93149877,1595689197174,STR1534,POS151,NONPRIME,7061658033,CASH,HOME-DELIVERY,Rishra,West Bengal,,288,Hutch,1812.0,1,1812.0
93149877,1595689197174,STR1534,POS151,NONPRIME,7061658033,CASH,HOME-DELIVERY,Rishra,West Bengal,,493,Boning knife,513.0,2,1026.0
45413719,1595689197228,STR7255,POS626,PRIME,2602353115,CARD,TAKEAWAY,,,,458,Wine glass,1644.0,2,3288.0
45413719,1595689197228,STR7255,POS626,PRIME,2602353115,CARD,TAKEAWAY,,,,673,Dough scraper,980.0,2,1960.0
45413719,1595689197228,STR7255,POS626,PRIME,2602353115,CARD,TAKEAWAY,,,,538,Grandmother clock,1301.0,1,1301.0
45413719,1595689197228,STR7255,POS626,PRIME,2602353115,CARD,TAKEAWAY,,,,438,Lead glass,2069.0,2,4138.0
50085674,1595689197429,STR8311,POS935,NONPRIME,5196911608,CARD,TAKEAWAY,,,,573,Eyelet Curtains,642.0,2,1284.0
71967585,1595689197476,STR7255,POS115,PRIME,1682244797,CASH,HOME-DELIVERY,Imphal,Manipur,,423,Quilt,1485.0,2,2970.0
999786,1595689197476,STR2952,POS477,NONPRIME,3425633108,CASH,TAKEAWAY,,,,383,Innerspring Mattress,655.0,2,1310.0
18663495,1595689197591,STR2952,POS152,PRIME,3027514652,CASH,TAKEAWAY,,,,668,Crab cracker,785.0,1,785.0
18663495,1595689197591,STR2952,POS152,PRIME,3027514652,CASH,TAKEAWAY,,,,653,Browning tray,375.0,2,750.0
18663495,1595689197591,STR2952,POS152,PRIME,3027514652,CASH,TAKEAWAY,,,,553,Banjo clock,1651.0,1,1651.0
93085491,1595689197792,STR7262,POS733,PRIME,1518460232,CASH,TAKEAWAY,,,,678,Fillet knife,350.0,1,350.0
47315563,1595689197792,STR7262,POS581,NONPRIME,6218924818,CARD,TAKEAWAY,,,,383,Innerspring Mattress,655.0,1,655.0
47315563,1595689197792,STR7262,POS581,NONPRIME,6218924818,CARD,TAKEAWAY,,,,293,Bar stool,1148.0,1,1148.0
47315563,1595689197792,STR7262,POS581,NONPRIME,6218924818,CARD,TAKEAWAY,,,,258,Closet,1687.0,1,1687.0
47315563,1595689197792,STR7262,POS581,NONPRIME,6218924818,CARD,TAKEAWAY,,,,378,Air Bed,2263.0,1,2263.0
22253898,1595689197892,STR8311,POS975,NONPRIME,4680751410,CARD,TAKEAWAY,,,,658,Chinois,567.0,2,1134.0
22253898,1595689197892,STR8311,POS975,NONPRIME,4680751410,CARD,TAKEAWAY,,,,383,Innerspring Mattress,655.0,1,655.0
42384054,1595689197992,STR7255,POS115,PRIME,1682244797,CASH,HOME-DELIVERY,Champdani,West Bengal,,523,Oil-lamp clock,1371.0,2,2742.0
21196657,1595689198293,STR2952,POS663,NONPRIME,7928716562,CASH,HOME-DELIVERY,Chapra,Bihar,,653,Browning tray,375.0,1,375.0
16998437,1595689198293,STR8311,POS975,NONPRIME,4680751410,CARD,TAKEAWAY,,,,408,Confidante,1242.0,1,1242.0
16998437,1595689198293,STR8311,POS975,NONPRIME,4680751410,CARD,TAKEAWAY,,,,648,Bottle opener,321.0,2,642.0
16998437,1595689198293,STR8311,POS975,NONPRIME,4680751410,CARD,TAKEAWAY,,,,258,Closet,1687.0,1,1687.0
22555743,1595689198394,STR7255,POS115,PRIME,1682244797,CASH,HOME-DELIVERY,Tambaram,Tamil Nadu,,513,Flip clock,1259.0,1,1259.0
30165942,1595689198695,STR1534,POS151,NONPRIME,7061658033,CASH,HOME-DELIVERY,Bokaro Steel City,Jharkhand,,473,Mason jars,1358.0,1,1358.0
30165942,1595689198695,STR1534,POS151,NONPRIME,7061658033,CASH,HOME-DELIVERY,Bokaro Steel City,Jharkhand,,558,Balloon clock,1633.0,1,1633.0
30165942,1595689198695,STR1534,POS151,NONPRIME,7061658033,CASH,HOME-DELIVERY,Bokaro Steel City,Jharkhand,,693,Mandoline,250.0,1,250.0
36125254,1595689198748,STR7262,POS664,NONPRIME,2954913332,CARD,HOME-DELIVERY,Katihar,Bihar,,358,Restraint chair,1943.0,2,3886.0
36125254,1595689198748,STR7262,POS664,NONPRIME,2954913332,CARD,HOME-DELIVERY,Katihar,Bihar,,413,Slipcover,1896.0,2,3792.0
36125254,1595689198748,STR7262,POS664,NONPRIME,2954913332,CARD,HOME-DELIVERY,Katihar,Bihar,,388,Memory Foam,1884.0,1,1884.0
63418791,1595689199196,STR8311,POS377,NONPRIME,8670468851,CASH,TAKEAWAY,,,,438,Lead glass,2069.0,1,2069.0
63418791,1595689199196,STR8311,POS377,NONPRIME,8670468851,CASH,TAKEAWAY,,,,483,Teacups and saucers,1781.0,2,3562.0
33558772,1595689199196,STR1534,POS944,NONPRIME,2968880358,CASH,HOME-DELIVERY,Murwara,Madhya Pradesh,,673,Dough scraper,980.0,1,980.0
33558772,1595689199196,STR1534,POS944,NONPRIME,2968880358,CASH,HOME-DELIVERY,Murwara,Madhya Pradesh,,368,Stool,888.0,2,1776.0
56824221,1595689199297,STR8311,POS377,NONPRIME,8670468851,CASH,TAKEAWAY,,,,253,Bathroom cabinet,1513.0,1,1513.0
56824221,1595689199297,STR8311,POS377,NONPRIME,8670468851,CASH,TAKEAWAY,,,,433,Depression glass,1950.0,1,1950.0
56824221,1595689199297,STR8311,POS377,NONPRIME,8670468851,CASH,TAKEAWAY,,,,573,Eyelet Curtains,642.0,1,642.0
78638461,1595689199350,STR1534,POS135,PRIME,5582740626,CARD,TAKEAWAY,,,,633,Cafe Curtains,796.0,1,796.0
78638461,1595689199350,STR1534,POS135,PRIME,5582740626,CARD,TAKEAWAY,,,,458,Wine glass,1644.0,2,3288.0
78638461,1595689199350,STR1534,POS135,PRIME,5582740626,CARD,TAKEAWAY,,,,293,Bar stool,1148.0,2,2296.0
78638461,1595689199350,STR1534,POS135,PRIME,5582740626,CARD,TAKEAWAY,,,,498,Carving knifes,1424.0,2,2848.0
82379930,1595689199450,STR2952,POS471,NONPRIME,9741556539,CASH,TAKEAWAY,,,,388,Memory Foam,1884.0,2,3768.0
23150239,1595689199497,STR7262,POS182,PRIME,5378825053,CASH,HOME-DELIVERY,Kanpur Cantonment,Uttar Pradesh,,543,Lighthouse clock,636.0,2,1272.0
23150239,1595689199497,STR7262,POS182,PRIME,5378825053,CASH,HOME-DELIVERY,Kanpur Cantonment,Uttar Pradesh,,368,Stool,888.0,2,1776.0
23150239,1595689199497,STR7262,POS182,PRIME,5378825053,CASH,HOME-DELIVERY,Kanpur Cantonment,Uttar Pradesh,,678,Fillet knife,350.0,2,700.0
28952483,1595689199598,STR6382,POS968,PRIME,4148565252,CASH,HOME-DELIVERY,Alandur,Tamil Nadu,,533,Rolling ball clock,1651.0,2,3302.0
28952483,1595689199598,STR6382,POS968,PRIME,4148565252,CASH,HOME-DELIVERY,Alandur,Tamil Nadu,,538,Grandmother clock,1301.0,2,2602.0
28952483,1595689199598,STR6382,POS968,PRIME,4148565252,CASH,HOME-DELIVERY,Alandur,Tamil Nadu,,488,Bread knife,1077.0,1,1077.0
7931766,1595689199752,STR1534,POS364,NONPRIME,3006055636,CASH,HOME-DELIVERY,Chapra,Bihar,,428,Cocktail glass,1422.0,2,2844.0
7931766,1595689199752,STR1534,POS364,NONPRIME,3006055636,CASH,HOME-DELIVERY,Chapra,Bihar,,548,Cartel clock,1500.0,1,1500.0
7931766,1595689199752,STR1534,POS364,NONPRIME,3006055636,CASH,HOME-DELIVERY,Chapra,Bihar,,418,Wing chair,1431.0,2,2862.0
80348806,1595689199798,STR1534,POS151,NONPRIME,7061658033,CASH,HOME-DELIVERY,Ingraj Bazar,West Bengal,,518,Hourglass,1598.0,2,3196.0
80348806,1595689199798,STR1534,POS151,NONPRIME,7061658033,CASH,HOME-DELIVERY,Ingraj Bazar,West Bengal,,463,Cookie jars,793.0,1,793.0
22575359,1595689199852,STR6382,POS661,PRIME,7115250228,CASH,TAKEAWAY,,,,513,Flip clock,1259.0,1,1259.0
68113164,1595689199899,STR1534,POS934,PRIME,5525406429,CASH,TAKEAWAY,,,,363,Rocking chair,2021.0,2,4042.0
6874779,1595689199952,STR7262,POS182,PRIME,5378825053,CASH,HOME-DELIVERY,Sitapur,Uttar Pradesh,,243,Folding table,738.0,1,738.0
6874779,1595689199952,STR7262,POS182,PRIME,5378825053,CASH,HOME-DELIVERY,Sitapur,Uttar Pradesh,,693,Mandoline,250.0,2,500.0
97453282,1595689200053,STR1534,POS944,NONPRIME,2968880358,CASH,HOME-DELIVERY,Pali,Rajasthan,,373,Latex Mattress,1313.0,2,2626.0
36919240,1595689200099,STR6382,POS145,PRIME,6733153948,CARD,HOME-DELIVERY,Karnal,Haryana,,633,Cafe Curtains,796.0,2,1592.0
36919240,1595689200099,STR6382,POS145,PRIME,6733153948,CARD,HOME-DELIVERY,Karnal,Haryana,,493,Boning knife,513.0,1,513.0
4025813,1595689200200,STR1534,POS364,NONPRIME,3006055636,CASH,HOME-DELIVERY,Ganganagar,Rajasthan,,518,Hourglass,1598.0,1,1598.0
4025813,1595689200200,STR1534,POS364,NONPRIME,3006055636,CASH,HOME-DELIVERY,Ganganagar,Rajasthan,,408,Confidante,1242.0,2,2484.0
4025813,1595689200200,STR1534,POS364,NONPRIME,3006055636,CASH,HOME-DELIVERY,Ganganagar,Rajasthan,,363,Rocking chair,2021.0,1,2021.0
67996215,1595689200253,STR7255,POS115,PRIME,1682244797,CASH,HOME-DELIVERY,Guna,Madhya Pradesh,,613,Goblet Pleat Drapes,1583.0,1,1583.0
67996215,1595689200253,STR7255,POS115,PRIME,1682244797,CASH,HOME-DELIVERY,Guna,Madhya Pradesh,,428,Cocktail glass,1422.0,2,2844.0
67996215,1595689200253,STR7255,POS115,PRIME,1682244797,CASH,HOME-DELIVERY,Guna,Madhya Pradesh,,608,Pleated Drapes,1684.0,2,3368.0
38807011,1595689200300,STR7449,POS423,PRIME,7691699125,CASH,HOME-DELIVERY,Ramagundam,Andhra Pradesh,,698,Meat grinder,1250.0,1,1250.0
55143328,1595689200300,STR2952,POS152,PRIME,3027514652,CASH,TAKEAWAY,,,,233,Coffee table,1055.0,2,2110.0
55143328,1595689200300,STR2952,POS152,PRIME,3027514652,CASH,TAKEAWAY,,,,323,Chiavari chair,653.0,1,653.0
7731616,1595689200454,STR6382,POS851,NONPRIME,8110266676,CARD,TAKEAWAY,,,,378,Air Bed,2263.0,1,2263.0
7731616,1595689200454,STR6382,POS851,NONPRIME,8110266676,CARD,TAKEAWAY,,,,423,Quilt,1485.0,2,2970.0
98831451,1595689200501,STR1534,POS944,NONPRIME,2968880358,CASH,HOME-DELIVERY,Tambaram,Tamil Nadu,,478,Teapot,885.0,1,885.0
35956672,1595689200601,STR8311,POS224,NONPRIME,2989852024,CASH,TAKEAWAY,,,,553,Banjo clock,1651.0,1,1651.0
13576322,1595689200802,STR8311,POS728,PRIME,8490473378,CASH,HOME-DELIVERY,Varanasi,Uttar Pradesh,,343,Massage chair,1354.0,1,1354.0
13576322,1595689200802,STR8311,POS728,PRIME,8490473378,CASH,HOME-DELIVERY,Varanasi,Uttar Pradesh,,313,Brewster Chair,2195.0,2,4390.0
13576322,1595689200802,STR8311,POS728,PRIME,8490473378,CASH,HOME-DELIVERY,Varanasi,Uttar Pradesh,,428,Cocktail glass,1422.0,2,2844.0
77358480,1595689200855,STR6382,POS145,PRIME,6733153948,CARD,HOME-DELIVERY,Dehri,Bihar,,513,Flip clock,1259.0,1,1259.0
77358480,1595689200855,STR6382,POS145,PRIME,6733153948,CARD,HOME-DELIVERY,Dehri,Bihar,,323,Chiavari chair,653.0,1,653.0
77358480,1595689200855,STR6382,POS145,PRIME,6733153948,CARD,HOME-DELIVERY,Dehri,Bihar,,438,Lead glass,2069.0,2,4138.0
80310034,1595689200955,STR7262,POS581,NONPRIME,6218924818,CARD,TAKEAWAY,,,,368,Stool,888.0,2,1776.0
80310034,1595689200955,STR7262,POS581,NONPRIME,6218924818,CARD,TAKEAWAY,,,,283,Portable Lamps,2236.0,2,4472.0
80310034,1595689200955,STR7262,POS581,NONPRIME,6218924818,CARD,TAKEAWAY,,,,548,Cartel clock,1500.0,2,3000.0
26076595,1595689201002,STR2952,POS351,NONPRIME,2024774071,CASH,HOME-DELIVERY,Ichalkaranji,Maharastra,,493,Boning knife,513.0,1,513.0
20985889,1595689201103,STR7449,POS423,PRIME,7691699125,CASH,HOME-DELIVERY,Ongole,Andhra Pradesh,,488,Bread knife,1077.0,1,1077.0
20985889,1595689201103,STR7449,POS423,PRIME,7691699125,CASH,HOME-DELIVERY,Ongole,Andhra Pradesh,,543,Lighthouse clock,636.0,2,1272.0
20985889,1595689201103,STR7449,POS423,PRIME,7691699125,CASH,HOME-DELIVERY,Ongole,Andhra Pradesh,,493,Boning knife,513.0,1,513.0
20985889,1595689201103,STR7449,POS423,PRIME,7691699125,CASH,HOME-DELIVERY,Ongole,Andhra Pradesh,,268,Floating shelf,1894.0,2,3788.0
25023659,1595689201257,STR6382,POS265,PRIME,7908234230,CASH,HOME-DELIVERY,Mathura,Uttar Pradesh,,398,Latex Mattress,773.0,2,1546.0
25023659,1595689201257,STR6382,POS265,PRIME,7908234230,CASH,HOME-DELIVERY,Mathura,Uttar Pradesh,,348,Navy chair,1998.0,1,1998.0
25023659,1595689201257,STR6382,POS265,PRIME,7908234230,CASH,HOME-DELIVERY,Mathura,Uttar Pradesh,,308,Butterfly chair,857.0,1,857.0
88970827,1595689201304,STR2952,POS351,NONPRIME,2024774071,CASH,HOME-DELIVERY,Darbhanga,Bihar,,343,Massage chair,1354.0,1,1354.0
88970827,1595689201304,STR2952,POS351,NONPRIME,2024774071,CASH,HOME-DELIVERY,Darbhanga,Bihar,,593,Hanging curtains,1896.0,1,1896.0
32084272,1595689201404,STR6382,POS851,NONPRIME,8110266676,CARD,TAKEAWAY,,,,388,Memory Foam,1884.0,1,1884.0
32084272,1595689201404,STR6382,POS851,NONPRIME,8110266676,CARD,TAKEAWAY,,,,238,Dining table,1582.0,1,1582.0
3684408,1595689201605,STR6382,POS968,PRIME,4148565252,CASH,HOME-DELIVERY,Multan,Punjab,,648,Bottle opener,321.0,2,642.0
3684408,1595689201605,STR6382,POS968,PRIME,4148565252,CASH,HOME-DELIVERY,Multan,Punjab,,463,Cookie jars,793.0,2,1586.0
23777521,1595689201658,STR6382,POS968,PRIME,4148565252,CASH,HOME-DELIVERY,Ambala Sadar,Haryana,,228,Divan,1083.0,1,1083.0
60724198,1595689201859,STR8311,POS377,NONPRIME,8670468851,CASH,TAKEAWAY,,,,658,Chinois,567.0,1,567.0
52619564,1595689201959,STR7262,POS733,PRIME,1518460232,CASH,TAKEAWAY,,,,643,Blow torch,1955.0,2,3910.0
52619564,1595689201959,STR7262,POS733,PRIME,1518460232,CASH,TAKEAWAY,,,,293,Bar stool,1148.0,1,1148.0
52619564,1595689201959,STR7262,POS733,PRIME,1518460232,CASH,TAKEAWAY,,,,478,Teapot,885.0,2,1770.0
68840181,1595689202006,STR7262,POS182,PRIME,5378825053,CASH,HOME-DELIVERY,Pali,Rajasthan,,408,Confidante,1242.0,2,2484.0
68840181,1595689202006,STR7262,POS182,PRIME,5378825053,CASH,HOME-DELIVERY,Pali,Rajasthan,,338,Kneeling chairs,442.0,2,884.0
1541787,1595689202106,STR7449,POS923,NONPRIME,1422009832,CARD,HOME-DELIVERY,Jammu,Jammu and Kashmir,,573,Eyelet Curtains,642.0,1,642.0
31125475,1595689202106,STR7262,POS576,NONPRIME,2016894106,CARD,TAKEAWAY,,,,508,Kitchen knife,2483.0,1,2483.0
31125475,1595689202106,STR7262,POS576,NONPRIME,2016894106,CARD,TAKEAWAY,,,,558,Balloon clock,1633.0,1,1633.0
56587164,1595689260495,STR6382,POS968,PRIME,4148565252,CASH,HOME-DELIVERY,Mangalore,Karnataka,,523,Oil-lamp clock,1371.0,2,2742.0
56587164,1595689260495,STR6382,POS968,PRIME,4148565252,CASH,HOME-DELIVERY,Mangalore,Karnataka,,308,Butterfly chair,857.0,2,1714.0
56587164,1595689260495,STR6382,POS968,PRIME,4148565252,CASH,HOME-DELIVERY,Mangalore,Karnataka,,363,Rocking chair,2021.0,1,2021.0
66476180,1595689260796,STR6382,POS145,PRIME,6733153948,CARD,HOME-DELIVERY,Chennai,Tamil Nadu,,423,Quilt,1485.0,1,1485.0
92134713,1595689260796,STR6382,POS851,NONPRIME,8110266676,CARD,TAKEAWAY,,,,608,Pleated Drapes,1684.0,1,1684.0
92134713,1595689260796,STR6382,POS851,NONPRIME,8110266676,CARD,TAKEAWAY,,,,468,Lunch box,1467.0,1,1467.0
92134713,1595689260796,STR6382,POS851,NONPRIME,8110266676,CARD,TAKEAWAY,,,,223,Hammock,1210.0,2,2420.0
92134713,1595689260796,STR6382,POS851,NONPRIME,8110266676,CARD,TAKEAWAY,,,,528,Projection clock,2365.0,2,4730.0
27383544,1595689260896,STR7449,POS923,NONPRIME,1422009832,CARD,HOME-DELIVERY,Hassan,Karnataka,,548,Cartel clock,1500.0,1,1500.0
27383544,1595689260896,STR7449,POS923,NONPRIME,1422009832,CARD,HOME-DELIVERY,Hassan,Karnataka,,678,Fillet knife,350.0,2,700.0
27383544,1595689260896,STR7449,POS923,NONPRIME,1422009832,CARD,HOME-DELIVERY,Hassan,Karnataka,,613,Goblet Pleat Drapes,1583.0,1,1583.0
27383544,1595689260896,STR7449,POS923,NONPRIME,1422009832,CARD,HOME-DELIVERY,Hassan,Karnataka,,443,Margarita glass,2475.0,2,4950.0
97879111,1595689260896,STR7262,POS733,PRIME,1518460232,CASH,TAKEAWAY,,,,343,Massage chair,1354.0,1,1354.0
23447789,1595689260996,STR7449,POS351,NONPRIME,9639928743,CASH,TAKEAWAY,,,,323,Chiavari chair,653.0,1,653.0
23447789,1595689260996,STR7449,POS351,NONPRIME,9639928743,CASH,TAKEAWAY,,,,368,Stool,888.0,2,1776.0
23447789,1595689260996,STR7449,POS351,NONPRIME,9639928743,CASH,TAKEAWAY,,,,698,Meat grinder,1250.0,2,2500.0
23447789,1595689260996,STR7449,POS351,NONPRIME,9639928743,CASH,TAKEAWAY,,,,233,Coffee table,1055.0,1,1055.0
13483864,1595689260996,STR7262,POS733,PRIME,1518460232,CASH,TAKEAWAY,,,,518,Hourglass,1598.0,2,3196.0
13483864,1595689260996,STR7262,POS733,PRIME,1518460232,CASH,TAKEAWAY,,,,588,Sheer Curtains,801.0,2,1602.0
13483864,1595689260996,STR7262,POS733,PRIME,1518460232,CASH,TAKEAWAY,,,,538,Grandmother clock,1301.0,2,2602.0
13483864,1595689260996,STR7262,POS733,PRIME,1518460232,CASH,TAKEAWAY,,,,438,Lead glass,2069.0,1,2069.0
73113442,1595689261206,STR2952,POS471,NONPRIME,9741556539,CASH,TAKEAWAY,,,,413,Slipcover,1896.0,2,3792.0
28528871,1595689261206,STR1534,POS944,NONPRIME,2968880358,CASH,HOME-DELIVERY,Mandasor,Madhya Pradesh,,398,Latex Mattress,773.0,2,1546.0
28528871,1595689261206,STR1534,POS944,NONPRIME,2968880358,CASH,HOME-DELIVERY,Mandasor,Madhya Pradesh,,403,Adjustable Air Mattress,1417.0,1,1417.0
28528871,1595689261206,STR1534,POS944,NONPRIME,2968880358,CASH,HOME-DELIVERY,Mandasor,Madhya Pradesh,,518,Hourglass,1598.0,2,3196.0
28528871,1595689261206,STR1534,POS944,NONPRIME,2968880358,CASH,HOME-DELIVERY,Mandasor,Madhya Pradesh,,533,Rolling ball clock,1651.0,1,1651.0
82587379,1595689261328,STR7449,POS423,PRIME,7691699125,CASH,HOME-DELIVERY,Ramagundam,Andhra Pradesh,,438,Lead glass,2069.0,2,4138.0
82587379,1595689261328,STR7449,POS423,PRIME,7691699125,CASH,HOME-DELIVERY,Ramagundam,Andhra Pradesh,,588,Sheer Curtains,801.0,2,1602.0
82587379,1595689261328,STR7449,POS423,PRIME,7691699125,CASH,HOME-DELIVERY,Ramagundam,Andhra Pradesh,,268,Floating shelf,1894.0,2,3788.0
82587379,1595689261328,STR7449,POS423,PRIME,7691699125,CASH,HOME-DELIVERY,Ramagundam,Andhra Pradesh,,268,Floating shelf,1894.0,2,3788.0
21041353,1595689261415,STR8311,POS224,NONPRIME,2989852024,CASH,TAKEAWAY,,,,298,Bardic chair,1649.0,2,3298.0
21041353,1595689261415,STR8311,POS224,NONPRIME,2989852024,CASH,TAKEAWAY,,,,368,Stool,888.0,1,888.0
49685773,1595689261431,STR7449,POS923,NONPRIME,1422009832,CARD,HOME-DELIVERY,Satna,Madhya Pradesh,,518,Hourglass,1598.0,2,3196.0
49685773,1595689261431,STR7449,POS923,NONPRIME,1422009832,CARD,HOME-DELIVERY,Satna,Madhya Pradesh,,298,Bardic chair,1649.0,1,1649.0
35981766,1595689261516,STR8311,POS728,PRIME,8490473378,CASH,HOME-DELIVERY,Tiruvottiyur,Tamil Nadu,,428,Cocktail glass,1422.0,2,2844.0
21864023,1595689261531,STR7449,POS351,NONPRIME,9639928743,CASH,TAKEAWAY,,,,578,Goblet Pleat Curtains,1765.0,1,1765.0
21864023,1595689261531,STR7449,POS351,NONPRIME,9639928743,CASH,TAKEAWAY,,,,668,Crab cracker,785.0,1,785.0
21864023,1595689261531,STR7449,POS351,NONPRIME,9639928743,CASH,TAKEAWAY,,,,328,Dining chair,1223.0,2,2446.0
68491141,1595689261616,STR8311,POS975,NONPRIME,4680751410,CARD,TAKEAWAY,,,,533,Rolling ball clock,1651.0,1,1651.0
68491141,1595689261616,STR8311,POS975,NONPRIME,4680751410,CARD,TAKEAWAY,,,,333,Gaming chair,1902.0,1,1902.0
68491141,1595689261616,STR8311,POS975,NONPRIME,4680751410,CARD,TAKEAWAY,,,,508,Kitchen knife,2483.0,2,4966.0
68491141,1595689261616,STR8311,POS975,NONPRIME,4680751410,CARD,TAKEAWAY,,,,533,Rolling ball clock,1651.0,1,1651.0
68491141,1595689261616,STR8311,POS975,NONPRIME,4680751410,CARD,TAKEAWAY,,,,333,Gaming chair,1902.0,1,1902.0
68491141,1595689261616,STR8311,POS975,NONPRIME,4680751410,CARD,TAKEAWAY,,,,508,Kitchen knife,2483.0,2,4966.0
80790484,1595689261717,STR8311,POS377,NONPRIME,8670468851,CASH,TAKEAWAY,,,,313,Brewster Chair,2195.0,1,2195.0
88228404,1595689261717,STR7255,POS738,NONPRIME,8582181693,CASH,TAKEAWAY,,,,308,Butterfly chair,857.0,1,857.0
88228404,1595689261717,STR7255,POS738,NONPRIME,8582181693,CASH,TAKEAWAY,,,,353,Recliner,1585.0,1,1585.0
88228404,1595689261717,STR7255,POS738,NONPRIME,8582181693,CASH,TAKEAWAY,,,,418,Wing chair,1431.0,1,1431.0
88228404,1595689261717,STR7255,POS738,NONPRIME,8582181693,CASH,TAKEAWAY,,,,203,Bunk bed,1686.0,2,3372.0
700780,1595689261817,STR7255,POS115,PRIME,1682244797,CASH,HOME-DELIVERY,Darbhanga,Bihar,,428,Cocktail glass,1422.0,1,1422.0
700780,1595689261817,STR7255,POS115,PRIME,1682244797,CASH,HOME-DELIVERY,Darbhanga,Bihar,,538,Grandmother clock,1301.0,1,1301.0
700780,1595689261817,STR7255,POS115,PRIME,1682244797,CASH,HOME-DELIVERY,Darbhanga,Bihar,,598,Grommet Curtains,914.0,2,1828.0
700780,1595689261817,STR7255,POS115,PRIME,1682244797,CASH,HOME-DELIVERY,Darbhanga,Bihar,,633,Cafe Curtains,796.0,1,796.0
47845005,1595689261917,STR7262,POS182,PRIME,5378825053,CASH,HOME-DELIVERY,Darbhanga,Bihar,,648,Bottle opener,321.0,2,642.0
54587408,1595689262024,STR8311,POS975,NONPRIME,4680751410,CARD,TAKEAWAY,,,,268,Floating shelf,1894.0,2,3788.0
54587408,1595689262024,STR8311,POS975,NONPRIME,4680751410,CARD,TAKEAWAY,,,,448,Martini glass,2263.0,1,2263.0
54587408,1595689262024,STR8311,POS975,NONPRIME,4680751410,CARD,TAKEAWAY,,,,613,Goblet Pleat Drapes,1583.0,1,1583.0
54587408,1595689262024,STR8311,POS975,NONPRIME,4680751410,CARD,TAKEAWAY,,,,388,Memory Foam,1884.0,1,1884.0
15727445,1595689262042,STR8311,POS377,NONPRIME,8670468851,CASH,TAKEAWAY,,,,423,Quilt,1485.0,1,1485.0
15727445,1595689262042,STR8311,POS377,NONPRIME,8670468851,CASH,TAKEAWAY,,,,208,Canopy bed,508.0,2,1016.0
14193233,1595689262143,STR8311,POS377,NONPRIME,8670468851,CASH,TAKEAWAY,,,,583,Tab Top Curtains,1329.0,1,1329.0
14193233,1595689262143,STR8311,POS377,NONPRIME,8670468851,CASH,TAKEAWAY,,,,388,Memory Foam,1884.0,1,1884.0
14193233,1595689262143,STR8311,POS377,NONPRIME,8670468851,CASH,TAKEAWAY,,,,563,Chiming clock,2168.0,1,2168.0
14193233,1595689262143,STR8311,POS377,NONPRIME,8670468851,CASH,TAKEAWAY,,,,513,Flip clock,1259.0,1,1259.0
90297241,1595689262143,STR6382,POS661,PRIME,7115250228,CASH,TAKEAWAY,,,,238,Dining table,1582.0,1,1582.0
90297241,1595689262143,STR6382,POS661,PRIME,7115250228,CASH,TAKEAWAY,,,,208,Canopy bed,508.0,2,1016.0
90337118,1595689262244,STR6382,POS265,PRIME,7908234230,CASH,HOME-DELIVERY,Sitapur,Uttar Pradesh,,223,Hammock,1210.0,2,2420.0
90337118,1595689262244,STR6382,POS265,PRIME,7908234230,CASH,HOME-DELIVERY,Sitapur,Uttar Pradesh,,333,Gaming chair,1902.0,1,1902.0
90337118,1595689262244,STR6382,POS265,PRIME,7908234230,CASH,HOME-DELIVERY,Sitapur,Uttar Pradesh,,553,Banjo clock,1651.0,1,1651.0
90337118,1595689262244,STR6382,POS265,PRIME,7908234230,CASH,HOME-DELIVERY,Sitapur,Uttar Pradesh,,268,Floating shelf,1894.0,2,3788.0
48681575,1595689262270,STR7255,POS866,PRIME,5432615113,CASH,TAKEAWAY,,,,613,Goblet Pleat Drapes,1583.0,2,3166.0
48681575,1595689262270,STR7255,POS866,PRIME,5432615113,CASH,TAKEAWAY,,,,658,Chinois,567.0,1,567.0
48681575,1595689262270,STR7255,POS866,PRIME,5432615113,CASH,TAKEAWAY,,,,593,Hanging curtains,1896.0,1,1896.0
48681575,1595689262270,STR7255,POS866,PRIME,5432615113,CASH,TAKEAWAY,,,,553,Banjo clock,1651.0,2,3302.0
99068092,1595689262348,STR6382,POS968,PRIME,4148565252,CASH,HOME-DELIVERY,Mango,Jharkhand,,578,Goblet Pleat Curtains,1765.0,2,3530.0
99068092,1595689262348,STR6382,POS968,PRIME,4148565252,CASH,HOME-DELIVERY,Mango,Jharkhand,,518,Hourglass,1598.0,2,3196.0
99068092,1595689262348,STR6382,POS968,PRIME,4148565252,CASH,HOME-DELIVERY,Mango,Jharkhand,,688,Ladle,570.0,1,570.0
99068092,1595689262348,STR6382,POS968,PRIME,4148565252,CASH,HOME-DELIVERY,Mango,Jharkhand,,673,Dough scraper,980.0,2,1960.0
19946400,1595689262471,STR8311,POS975,NONPRIME,4680751410,CARD,TAKEAWAY,,,,678,Fillet knife,350.0,2,700.0
19946400,1595689262471,STR8311,POS975,NONPRIME,4680751410,CARD,TAKEAWAY,,,,568,Pinch Pleated Curtains,1718.0,1,1718.0
19946400,1595689262471,STR8311,POS975,NONPRIME,4680751410,CARD,TAKEAWAY,,,,438,Lead glass,2069.0,2,4138.0
19946400,1595689262471,STR8311,POS975,NONPRIME,4680751410,CARD,TAKEAWAY,,,,413,Slipcover,1896.0,1,1896.0
78827380,1595689262671,STR7449,POS923,NONPRIME,1422009832,CARD,HOME-DELIVERY,Karnal,Haryana,,578,Goblet Pleat Curtains,1765.0,1,1765.0
49515140,1595689262772,STR7255,POS692,NONPRIME,8891304816,CASH,TAKEAWAY,,,,663,Corkscrew,983.0,2,1966.0
49515140,1595689262772,STR7255,POS692,NONPRIME,8891304816,CASH,TAKEAWAY,,,,293,Bar stool,1148.0,2,2296.0
57571528,1595689262972,STR7449,POS215,PRIME,3453134392,CARD,HOME-DELIVERY,Ratlam,Madhya Pradesh,,578,Goblet Pleat Curtains,1765.0,2,3530.0
57571528,1595689262972,STR7449,POS215,PRIME,3453134392,CARD,HOME-DELIVERY,Ratlam,Madhya Pradesh,,698,Meat grinder,1250.0,1,1250.0
57571528,1595689262972,STR7449,POS215,PRIME,3453134392,CARD,HOME-DELIVERY,Ratlam,Madhya Pradesh,,533,Rolling ball clock,1651.0,1,1651.0
39019763,1595689262972,STR6382,POS265,PRIME,7908234230,CASH,HOME-DELIVERY,Jammu,Jammu and Kashmir,,348,Navy chair,1998.0,2,3996.0
39019763,1595689262972,STR6382,POS265,PRIME,7908234230,CASH,HOME-DELIVERY,Jammu,Jammu and Kashmir,,423,Quilt,1485.0,1,1485.0
39019763,1595689262972,STR6382,POS265,PRIME,7908234230,CASH,HOME-DELIVERY,Jammu,Jammu and Kashmir,,573,Eyelet Curtains,642.0,1,642.0
39019763,1595689262972,STR6382,POS265,PRIME,7908234230,CASH,HOME-DELIVERY,Jammu,Jammu and Kashmir,,333,Gaming chair,1902.0,2,3804.0
27602748,1595689263173,STR7255,POS626,PRIME,2602353115,CARD,TAKEAWAY,,,,218,Sofa bed,895.0,1,895.0
27602748,1595689263173,STR7255,POS626,PRIME,2602353115,CARD,TAKEAWAY,,,,678,Fillet knife,350.0,1,350.0
43221297,1595689263173,STR7255,POS626,PRIME,2602353115,CARD,TAKEAWAY,,,,218,Sofa bed,895.0,1,895.0
43221297,1595689263173,STR7255,POS626,PRIME,2602353115,CARD,TAKEAWAY,,,,678,Fillet knife,350.0,1,350.0
98417153,1595689263273,STR8311,POS975,NONPRIME,4680751410,CARD,TAKEAWAY,,,,438,Lead glass,2069.0,2,4138.0
98417153,1595689263273,STR8311,POS975,NONPRIME,4680751410,CARD,TAKEAWAY,,,,683,Grater,370.0,2,740.0
98417153,1595689263273,STR8311,POS975,NONPRIME,4680751410,CARD,TAKEAWAY,,,,573,Eyelet Curtains,642.0,2,1284.0
92337929,1595689263273,STR7449,POS728,PRIME,5301477438,CASH,TAKEAWAY,,,,698,Meat grinder,1250.0,1,1250.0
14372560,1595689263474,STR8311,POS975,NONPRIME,4680751410,CARD,TAKEAWAY,,,,203,Bunk bed,1686.0,2,3372.0
14372560,1595689263474,STR8311,POS975,NONPRIME,4680751410,CARD,TAKEAWAY,,,,258,Closet,1687.0,2,3374.0
14372560,1595689263474,STR8311,POS975,NONPRIME,4680751410,CARD,TAKEAWAY,,,,488,Bread knife,1077.0,2,2154.0
14372560,1595689263474,STR8311,POS975,NONPRIME,4680751410,CARD,TAKEAWAY,,,,393,Hybrid Mattress,2217.0,2,4434.0
71722349,1595689263574,STR8311,POS224,NONPRIME,2989852024,CASH,TAKEAWAY,,,,523,Oil-lamp clock,1371.0,1,1371.0
71722349,1595689263574,STR8311,POS224,NONPRIME,2989852024,CASH,TAKEAWAY,,,,513,Flip clock,1259.0,1,1259.0
71722349,1595689263574,STR8311,POS224,NONPRIME,2989852024,CASH,TAKEAWAY,,,,663,Corkscrew,983.0,2,1966.0
86463226,1595689263574,STR7449,POS423,PRIME,7691699125,CASH,HOME-DELIVERY,Guna,Madhya Pradesh,,603,Sheer Curtains,1282.0,1,1282.0
86463226,1595689263574,STR7449,POS423,PRIME,7691699125,CASH,HOME-DELIVERY,Guna,Madhya Pradesh,,223,Hammock,1210.0,1,1210.0
73110018,1595689263674,STR1534,POS364,NONPRIME,3006055636,CASH,HOME-DELIVERY,Nellore,Andhra Pradesh,,268,Floating shelf,1894.0,2,3788.0
73110018,1595689263674,STR1534,POS364,NONPRIME,3006055636,CASH,HOME-DELIVERY,Nellore,Andhra Pradesh,,638,Baster,1214.0,1,1214.0
73110018,1595689263674,STR1534,POS364,NONPRIME,3006055636,CASH,HOME-DELIVERY,Nellore,Andhra Pradesh,,643,Blow torch,1955.0,2,3910.0
5677019,1595689263674,STR7449,POS215,PRIME,3453134392,CARD,HOME-DELIVERY,South Dum Dum,West Bengal,,498,Carving knifes,1424.0,1,1424.0
5677019,1595689263674,STR7449,POS215,PRIME,3453134392,CARD,HOME-DELIVERY,South Dum Dum,West Bengal,,448,Martini glass,2263.0,1,2263.0
1874757,1595689263774,STR1534,POS151,NONPRIME,7061658033,CASH,HOME-DELIVERY,Farrukhabad-cum-Fatehgarh,Uttar Pradesh,,543,Lighthouse clock,636.0,2,1272.0
1874757,1595689263774,STR1534,POS151,NONPRIME,7061658033,CASH,HOME-DELIVERY,Farrukhabad-cum-Fatehgarh,Uttar Pradesh,,238,Dining table,1582.0,2,3164.0
67675458,1595689263875,STR6382,POS968,PRIME,4148565252,CASH,HOME-DELIVERY,North Barrackpur,West Bengal,,593,Hanging curtains,1896.0,2,3792.0
67675458,1595689263875,STR6382,POS968,PRIME,4148565252,CASH,HOME-DELIVERY,North Barrackpur,West Bengal,,418,Wing chair,1431.0,1,1431.0
39428230,1595689263975,STR4899,POS447,NONPRIME,5576072500,CARD,TAKEAWAY,,,,393,Hybrid Mattress,2217.0,2,4434.0
39428230,1595689263975,STR4899,POS447,NONPRIME,5576072500,CARD,TAKEAWAY,,,,573,Eyelet Curtains,642.0,1,642.0
39428230,1595689263975,STR4899,POS447,NONPRIME,5576072500,CARD,TAKEAWAY,,,,553,Banjo clock,1651.0,2,3302.0
2688179,1595689263975,STR2699,POS832,NONPRIME,4552039054,CASH,HOME-DELIVERY,Chapra,Bihar,,533,Rolling ball clock,1651.0,1,1651.0
2688179,1595689263975,STR2699,POS832,NONPRIME,4552039054,CASH,HOME-DELIVERY,Chapra,Bihar,,408,Confidante,1242.0,1,1242.0
2688179,1595689263975,STR2699,POS832,NONPRIME,4552039054,CASH,HOME-DELIVERY,Chapra,Bihar,,478,Teapot,885.0,2,1770.0
42878799,1595689263975,STR2952,POS152,PRIME,3027514652,CASH,TAKEAWAY,,,,228,Divan,1083.0,2,2166.0
42878799,1595689263975,STR2952,POS152,PRIME,3027514652,CASH,TAKEAWAY,,,,638,Baster,1214.0,1,1214.0
53320762,1595689264075,STR5494,POS353,NONPRIME,8189067868,CASH,TAKEAWAY,,,,493,Boning knife,513.0,2,1026.0
64951775,1595689264075,STR1955,POS493,PRIME,4405006483,CARD,TAKEAWAY,,,,668,Crab cracker,785.0,1,785.0
64951775,1595689264075,STR1955,POS493,PRIME,4405006483,CARD,TAKEAWAY,,,,368,Stool,888.0,1,888.0
60255959,1595689264075,STR6162,POS279,PRIME,2262471989,CASH,HOME-DELIVERY,Hathras,Uttar Pradesh,,298,Bardic chair,1649.0,1,1649.0
60255959,1595689264075,STR6162,POS279,PRIME,2262471989,CASH,HOME-DELIVERY,Hathras,Uttar Pradesh,,463,Cookie jars,793.0,1,793.0
49562773,1595689264176,STR6162,POS987,NONPRIME,8071065242,CASH,TAKEAWAY,,,,498,Carving knifes,1424.0,2,2848.0
49562773,1595689264176,STR6162,POS987,NONPRIME,8071065242,CASH,TAKEAWAY,,,,698,Meat grinder,1250.0,1,1250.0
49562773,1595689264176,STR6162,POS987,NONPRIME,8071065242,CASH,TAKEAWAY,,,,658,Chinois,567.0,2,1134.0
68174403,1595689264176,STR3781,POS843,NONPRIME,1191112820,CARD,HOME-DELIVERY,Palakkad,Kerala,,383,Innerspring Mattress,655.0,2,1310.0
60522047,1595689264176,STR2952,POS471,NONPRIME,9741556539,CASH,TAKEAWAY,,,,293,Bar stool,1148.0,1,1148.0
24417471,1595689264276,STR7188,POS956,PRIME,4629185211,CARD,TAKEAWAY,,,,383,Innerspring Mattress,655.0,1,655.0
24417471,1595689264276,STR7188,POS956,PRIME,4629185211,CARD,TAKEAWAY,,,,258,Closet,1687.0,1,1687.0
84199921,1595689264276,STR7255,POS692,NONPRIME,8891304816,CASH,TAKEAWAY,,,,443,Margarita glass,2475.0,2,4950.0
78288137,1595689264276,STR5864,POS872,PRIME,7589671731,CASH,HOME-DELIVERY,South Dum Dum,West Bengal,,538,Grandmother clock,1301.0,1,1301.0
78288137,1595689264276,STR5864,POS872,PRIME,7589671731,CASH,HOME-DELIVERY,South Dum Dum,West Bengal,,663,Corkscrew,983.0,1,983.0
78288137,1595689264276,STR5864,POS872,PRIME,7589671731,CASH,HOME-DELIVERY,South Dum Dum,West Bengal,,253,Bathroom cabinet,1513.0,1,1513.0
78883840,1595689264376,STR8513,POS582,PRIME,6705218300,CASH,TAKEAWAY,,,,483,Teacups and saucers,1781.0,2,3562.0
78883840,1595689264376,STR8513,POS582,PRIME,6705218300,CASH,TAKEAWAY,,,,428,Cocktail glass,1422.0,1,1422.0
78883840,1595689264376,STR8513,POS582,PRIME,6705218300,CASH,TAKEAWAY,,,,668,Crab cracker,785.0,2,1570.0
78883840,1595689264376,STR8513,POS582,PRIME,6705218300,CASH,TAKEAWAY,,,,228,Divan,1083.0,1,1083.0
57561730,1595689264376,STR2629,POS253,NONPRIME,2461788838,CARD,HOME-DELIVERY,Ramagundam,Andhra Pradesh,,448,Martini glass,2263.0,2,4526.0
73967264,1595689264376,STR7449,POS923,NONPRIME,1422009832,CARD,HOME-DELIVERY,Darbhanga,Bihar,,353,Recliner,1585.0,2,3170.0
73967264,1595689264376,STR7449,POS923,NONPRIME,1422009832,CARD,HOME-DELIVERY,Darbhanga,Bihar,,323,Chiavari chair,653.0,2,1306.0
17458096,1595689264476,STR8513,POS881,NONPRIME,2599848717,CARD,TAKEAWAY,,,,448,Martini glass,2263.0,2,4526.0
17458096,1595689264476,STR8513,POS881,NONPRIME,2599848717,CARD,TAKEAWAY,,,,563,Chiming clock,2168.0,2,4336.0
17458096,1595689264476,STR8513,POS881,NONPRIME,2599848717,CARD,TAKEAWAY,,,,398,Latex Mattress,773.0,1,773.0
1000952,1595689264476,STR7255,POS738,NONPRIME,8582181693,CASH,TAKEAWAY,,,,208,Canopy bed,508.0,2,1016.0
1000952,1595689264476,STR7255,POS738,NONPRIME,8582181693,CASH,TAKEAWAY,,,,313,Brewster Chair,2195.0,2,4390.0
5806903,1595689264476,STR7449,POS728,PRIME,5301477438,CASH,TAKEAWAY,,,,528,Projection clock,2365.0,2,4730.0
5806903,1595689264476,STR7449,POS728,PRIME,5301477438,CASH,TAKEAWAY,,,,583,Tab Top Curtains,1329.0,2,2658.0
5806903,1595689264476,STR7449,POS728,PRIME,5301477438,CASH,TAKEAWAY,,,,358,Restraint chair,1943.0,2,3886.0
52576951,1595689264577,STR2629,POS285,NONPRIME,6419885098,CASH,TAKEAWAY,,,,658,Chinois,567.0,1,567.0
52576951,1595689264577,STR2629,POS285,NONPRIME,6419885098,CASH,TAKEAWAY,,,,368,Stool,888.0,2,1776.0
52576951,1595689264577,STR2629,POS285,NONPRIME,6419885098,CASH,TAKEAWAY,,,,418,Wing chair,1431.0,1,1431.0
5283461,1595689264577,STR7443,POS394,NONPRIME,7587821520,CASH,TAKEAWAY,,,,478,Teapot,885.0,2,1770.0
5283461,1595689264577,STR7443,POS394,NONPRIME,7587821520,CASH,TAKEAWAY,,,,308,Butterfly chair,857.0,2,1714.0
62373094,1595689264577,STR6382,POS851,NONPRIME,8110266676,CARD,TAKEAWAY,,,,263,Kitchen cabinet,1050.0,2,2100.0
62373094,1595689264577,STR6382,POS851,NONPRIME,8110266676,CARD,TAKEAWAY,,,,688,Ladle,570.0,1,570.0
62373094,1595689264577,STR6382,POS851,NONPRIME,8110266676,CARD,TAKEAWAY,,,,418,Wing chair,1431.0,1,1431.0
37281455,1595689264677,STR1955,POS493,PRIME,4405006483,CARD,TAKEAWAY,,,,608,Pleated Drapes,1684.0,2,3368.0
37281455,1595689264677,STR1955,POS493,PRIME,4405006483,CARD,TAKEAWAY,,,,508,Kitchen knife,2483.0,1,2483.0
37281455,1595689264677,STR1955,POS493,PRIME,4405006483,CARD,TAKEAWAY,,,,263,Kitchen cabinet,1050.0,1,1050.0
42740621,1595689264677,STR5864,POS465,NONPRIME,1211843745,CARD,TAKEAWAY,,,,383,Innerspring Mattress,655.0,1,655.0
20875191,1595689264677,STR2699,POS773,NONPRIME,9327106277,CASH,TAKEAWAY,,,,253,Bathroom cabinet,1513.0,1,1513.0
20875191,1595689264677,STR2699,POS773,NONPRIME,9327106277,CASH,TAKEAWAY,,,,628,Window Scarf,1774.0,1,1774.0
20875191,1595689264677,STR2699,POS773,NONPRIME,9327106277,CASH,TAKEAWAY,,,,558,Balloon clock,1633.0,1,1633.0
20875191,1595689264677,STR2699,POS773,NONPRIME,9327106277,CASH,TAKEAWAY,,,,413,Slipcover,1896.0,1,1896.0
40267100,1595689264778,STR7449,POS351,NONPRIME,9639928743,CASH,TAKEAWAY,,,,513,Flip clock,1259.0,2,2518.0
40267100,1595689264778,STR7449,POS351,NONPRIME,9639928743,CASH,TAKEAWAY,,,,228,Divan,1083.0,1,1083.0
96505922,1595689264778,STR4899,POS954,NONPRIME,3716602332,CASH,HOME-DELIVERY,South Dum Dum,West Bengal,,658,Chinois,567.0,2,1134.0
96505922,1595689264778,STR4899,POS954,NONPRIME,3716602332,CASH,HOME-DELIVERY,South Dum Dum,West Bengal,,283,Portable Lamps,2236.0,1,2236.0
61982730,1595689264778,STR5864,POS945,PRIME,5305473526,CARD,HOME-DELIVERY,Imphal,Manipur,,408,Confidante,1242.0,1,1242.0
61982730,1595689264778,STR5864,POS945,PRIME,5305473526,CARD,HOME-DELIVERY,Imphal,Manipur,,653,Browning tray,375.0,1,375.0
61982730,1595689264778,STR5864,POS945,PRIME,5305473526,CARD,HOME-DELIVERY,Imphal,Manipur,,693,Mandoline,250.0,1,250.0
61982730,1595689264778,STR5864,POS945,PRIME,5305473526,CARD,HOME-DELIVERY,Imphal,Manipur,,353,Recliner,1585.0,2,3170.0
76216064,1595689264878,STR3781,POS129,PRIME,4692642935,CASH,HOME-DELIVERY,Pali,Rajasthan,,393,Hybrid Mattress,2217.0,2,4434.0
76216064,1595689264878,STR3781,POS129,PRIME,4692642935,CASH,HOME-DELIVERY,Pali,Rajasthan,,598,Grommet Curtains,914.0,1,914.0
76216064,1595689264878,STR3781,POS129,PRIME,4692642935,CASH,HOME-DELIVERY,Pali,Rajasthan,,393,Hybrid Mattress,2217.0,2,4434.0
76216064,1595689264878,STR3781,POS129,PRIME,4692642935,CASH,HOME-DELIVERY,Pali,Rajasthan,,358,Restraint chair,1943.0,2,3886.0
1193572,1595689264878,STR5864,POS878,NONPRIME,9728415172,CARD,TAKEAWAY,,,,633,Cafe Curtains,796.0,2,1592.0
1193572,1595689264878,STR5864,POS878,NONPRIME,9728415172,CARD,TAKEAWAY,,,,498,Carving knifes,1424.0,2,2848.0
1193572,1595689264878,STR5864,POS878,NONPRIME,9728415172,CARD,TAKEAWAY,,,,273,Bedroom set,842.0,1,842.0
46077312,1595689264878,STR5864,POS872,PRIME,7589671731,CASH,HOME-DELIVERY,Rishra,West Bengal,,203,Bunk bed,1686.0,2,3372.0
46077312,1595689264878,STR5864,POS872,PRIME,7589671731,CASH,HOME-DELIVERY,Rishra,West Bengal,,633,Cafe Curtains,796.0,2,1592.0
92644881,1595689264978,STR7188,POS825,PRIME,7051101351,CASH,HOME-DELIVERY,Nellore,Andhra Pradesh,,323,Chiavari chair,653.0,1,653.0
92644881,1595689264978,STR7188,POS825,PRIME,7051101351,CASH,HOME-DELIVERY,Nellore,Andhra Pradesh,,458,Wine glass,1644.0,1,1644.0
92644881,1595689264978,STR7188,POS825,PRIME,7051101351,CASH,HOME-DELIVERY,Nellore,Andhra Pradesh,,343,Massage chair,1354.0,2,2708.0
26527451,1595689264978,STR5494,POS384,NONPRIME,6048272250,CARD,HOME-DELIVERY,Ramagundam,Andhra Pradesh,,628,Window Scarf,1774.0,1,1774.0
95012810,1595689264978,STR4899,POS799,PRIME,2325763742,CASH,HOME-DELIVERY,Muzaffarnagar,Uttar Pradesh,,578,Goblet Pleat Curtains,1765.0,2,3530.0
98677429,1595689265079,STR2699,POS773,NONPRIME,9327106277,CASH,TAKEAWAY,,,,453,Shot glass,674.0,1,674.0
5830244,1595689265079,STR5864,POS872,PRIME,7589671731,CASH,HOME-DELIVERY,Mathura,Uttar Pradesh,,223,Hammock,1210.0,2,2420.0
77905554,1595689265079,STR7449,POS423,PRIME,7691699125,CASH,HOME-DELIVERY,Pune,Maharastra,,348,Navy chair,1998.0,1,1998.0
77905554,1595689265079,STR7449,POS423,PRIME,7691699125,CASH,HOME-DELIVERY,Pune,Maharastra,,468,Lunch box,1467.0,1,1467.0
77905554,1595689265079,STR7449,POS423,PRIME,7691699125,CASH,HOME-DELIVERY,Pune,Maharastra,,288,Hutch,1812.0,2,3624.0
77905554,1595689265079,STR7449,POS423,PRIME,7691699125,CASH,HOME-DELIVERY,Pune,Maharastra,,363,Rocking chair,2021.0,1,2021.0
43516742,1595689265179,STR2952,POS152,PRIME,3027514652,CASH,TAKEAWAY,,,,248,TV tray table,1947.0,1,1947.0
43516742,1595689265179,STR2952,POS152,PRIME,3027514652,CASH,TAKEAWAY,,,,488,Bread knife,1077.0,2,2154.0
43659243,1595689265179,STR2952,POS351,NONPRIME,2024774071,CASH,HOME-DELIVERY,Vijayawada,Andhra Pradesh,,228,Divan,1083.0,2,2166.0
43659243,1595689265179,STR2952,POS351,NONPRIME,2024774071,CASH,HOME-DELIVERY,Vijayawada,Andhra Pradesh,,373,Latex Mattress,1313.0,2,2626.0
43659243,1595689265179,STR2952,POS351,NONPRIME,2024774071,CASH,HOME-DELIVERY,Vijayawada,Andhra Pradesh,,513,Flip clock,1259.0,2,2518.0
32965963,1595689265179,STR4899,POS441,NONPRIME,4227803954,CASH,TAKEAWAY,,,,583,Tab Top Curtains,1329.0,1,1329.0
32965963,1595689265179,STR4899,POS441,NONPRIME,4227803954,CASH,TAKEAWAY,,,,628,Window Scarf,1774.0,1,1774.0
32965963,1595689265179,STR4899,POS441,NONPRIME,4227803954,CASH,TAKEAWAY,,,,308,Butterfly chair,857.0,2,1714.0
32965963,1595689265179,STR4899,POS441,NONPRIME,4227803954,CASH,TAKEAWAY,,,,293,Bar stool,1148.0,1,1148.0
94719953,1595689265279,STR8513,POS311,NONPRIME,8111613552,CASH,TAKEAWAY,,,,458,Wine glass,1644.0,1,1644.0
77993231,1595689265279,STR2952,POS477,NONPRIME,3425633108,CASH,TAKEAWAY,,,,328,Dining chair,1223.0,1,1223.0
77993231,1595689265279,STR2952,POS477,NONPRIME,3425633108,CASH,TAKEAWAY,,,,633,Cafe Curtains,796.0,1,796.0
77993231,1595689265279,STR2952,POS477,NONPRIME,3425633108,CASH,TAKEAWAY,,,,478,Teapot,885.0,2,1770.0
77993231,1595689265279,STR2952,POS477,NONPRIME,3425633108,CASH,TAKEAWAY,,,,243,Folding table,738.0,2,1476.0
99390683,1595689265279,STR5646,POS212,NONPRIME,4226427254,CARD,HOME-DELIVERY,Allappuzha,Kerala,,653,Browning tray,375.0,2,750.0
99390683,1595689265279,STR5646,POS212,NONPRIME,4226427254,CARD,HOME-DELIVERY,Allappuzha,Kerala,,558,Balloon clock,1633.0,1,1633.0
99390683,1595689265279,STR5646,POS212,NONPRIME,4226427254,CARD,HOME-DELIVERY,Allappuzha,Kerala,,233,Coffee table,1055.0,1,1055.0
99390683,1595689265279,STR5646,POS212,NONPRIME,4226427254,CARD,HOME-DELIVERY,Allappuzha,Kerala,,603,Sheer Curtains,1282.0,2,2564.0
83490752,1595689265379,STR6347,POS994,PRIME,6296964163,CASH,TAKEAWAY,,,,303,Bench,2251.0,1,2251.0
83490752,1595689265379,STR6347,POS994,PRIME,6296964163,CASH,TAKEAWAY,,,,468,Lunch box,1467.0,2,2934.0
82940797,1595689265379,STR5864,POS872,PRIME,7589671731,CASH,HOME-DELIVERY,Chhindwara,Madhya Pradesh,,698,Meat grinder,1250.0,2,2500.0
82940797,1595689265379,STR5864,POS872,PRIME,7589671731,CASH,HOME-DELIVERY,Chhindwara,Madhya Pradesh,,693,Mandoline,250.0,1,250.0
82940797,1595689265379,STR5864,POS872,PRIME,7589671731,CASH,HOME-DELIVERY,Chhindwara,Madhya Pradesh,,368,Stool,888.0,1,888.0
88411271,1595689265379,STR2699,POS773,NONPRIME,9327106277,CASH,TAKEAWAY,,,,648,Bottle opener,321.0,2,642.0
88411271,1595689265379,STR2699,POS773,NONPRIME,9327106277,CASH,TAKEAWAY,,,,623,Box Pleat Drapes,1683.0,2,3366.0
88411271,1595689265379,STR2699,POS773,NONPRIME,9327106277,CASH,TAKEAWAY,,,,568,Pinch Pleated Curtains,1718.0,2,3436.0
88411271,1595689265379,STR2699,POS773,NONPRIME,9327106277,CASH,TAKEAWAY,,,,663,Corkscrew,983.0,2,1966.0
5004812,1595689265480,STR7262,POS664,NONPRIME,2954913332,CARD,HOME-DELIVERY,Bahraich,Uttar Pradesh,,323,Chiavari chair,653.0,2,1306.0
5004812,1595689265480,STR7262,POS664,NONPRIME,2954913332,CARD,HOME-DELIVERY,Bahraich,Uttar Pradesh,,498,Carving knifes,1424.0,1,1424.0
92680270,1595689265480,STR7443,POS388,PRIME,8714158103,CASH,HOME-DELIVERY,Chennai,Tamil Nadu,,573,Eyelet Curtains,642.0,2,1284.0
92680270,1595689265480,STR7443,POS388,PRIME,8714158103,CASH,HOME-DELIVERY,Chennai,Tamil Nadu,,568,Pinch Pleated Curtains,1718.0,2,3436.0
92680270,1595689265480,STR7443,POS388,PRIME,8714158103,CASH,HOME-DELIVERY,Chennai,Tamil Nadu,,248,TV tray table,1947.0,1,1947.0
92680270,1595689265480,STR7443,POS388,PRIME,8714158103,CASH,HOME-DELIVERY,Chennai,Tamil Nadu,,648,Bottle opener,321.0,2,642.0
52097839,1595689265480,STR4899,POS447,NONPRIME,5576072500,CARD,TAKEAWAY,,,,308,Butterfly chair,857.0,2,1714.0
52097839,1595689265480,STR4899,POS447,NONPRIME,5576072500,CARD,TAKEAWAY,,,,573,Eyelet Curtains,642.0,2,1284.0
52097839,1595689265480,STR4899,POS447,NONPRIME,5576072500,CARD,TAKEAWAY,,,,548,Cartel clock,1500.0,2,3000.0
52097839,1595689265480,STR4899,POS447,NONPRIME,5576072500,CARD,TAKEAWAY,,,,523,Oil-lamp clock,1371.0,1,1371.0
18655088,1595689265580,STR7188,POS664,PRIME,9316477281,CARD,HOME-DELIVERY,Eluru,Andhra Pradesh,,528,Projection clock,2365.0,1,2365.0
18655088,1595689265580,STR7188,POS664,PRIME,9316477281,CARD,HOME-DELIVERY,Eluru,Andhra Pradesh,,428,Cocktail glass,1422.0,1,1422.0
18655088,1595689265580,STR7188,POS664,PRIME,9316477281,CARD,HOME-DELIVERY,Eluru,Andhra Pradesh,,438,Lead glass,2069.0,2,4138.0
65844177,1595689265580,STR3781,POS978,NONPRIME,6244229107,CARD,TAKEAWAY,,,,483,Teacups and saucers,1781.0,1,1781.0
65844177,1595689265580,STR3781,POS978,NONPRIME,6244229107,CARD,TAKEAWAY,,,,668,Crab cracker,785.0,2,1570.0
65844177,1595689265580,STR3781,POS978,NONPRIME,6244229107,CARD,TAKEAWAY,,,,538,Grandmother clock,1301.0,1,1301.0
65844177,1595689265580,STR3781,POS978,NONPRIME,6244229107,CARD,TAKEAWAY,,,,553,Banjo clock,1651.0,2,3302.0
38918134,1595689265580,STR7449,POS923,NONPRIME,1422009832,CARD,HOME-DELIVERY,Varanasi,Uttar Pradesh,,328,Dining chair,1223.0,2,2446.0
38918134,1595689265580,STR7449,POS923,NONPRIME,1422009832,CARD,HOME-DELIVERY,Varanasi,Uttar Pradesh,,618,Pencil Pleat Drapes,1140.0,1,1140.0
38918134,1595689265580,STR7449,POS923,NONPRIME,1422009832,CARD,HOME-DELIVERY,Varanasi,Uttar Pradesh,,413,Slipcover,1896.0,2,3792.0
98840132,1595689265681,STR2629,POS172,NONPRIME,7829975914,CASH,HOME-DELIVERY,North Barrackpur,West Bengal,,538,Grandmother clock,1301.0,2,2602.0
98840132,1595689265681,STR2629,POS172,NONPRIME,7829975914,CASH,HOME-DELIVERY,North Barrackpur,West Bengal,,268,Floating shelf,1894.0,1,1894.0
84380415,1595689265681,STR3781,POS843,NONPRIME,1191112820,CARD,HOME-DELIVERY,Pune,Maharastra,,508,Kitchen knife,2483.0,2,4966.0
84380415,1595689265681,STR3781,POS843,NONPRIME,1191112820,CARD,HOME-DELIVERY,Pune,Maharastra,,533,Rolling ball clock,1651.0,1,1651.0
84380415,1595689265681,STR3781,POS843,NONPRIME,1191112820,CARD,HOME-DELIVERY,Pune,Maharastra,,533,Rolling ball clock,1651.0,1,1651.0
59849583,1595689265681,STR7443,POS388,PRIME,8714158103,CASH,HOME-DELIVERY,Secunderabad,Andhra Pradesh,,598,Grommet Curtains,914.0,1,914.0
59849583,1595689265681,STR7443,POS388,PRIME,8714158103,CASH,HOME-DELIVERY,Secunderabad,Andhra Pradesh,,303,Bench,2251.0,2,4502.0
59849583,1595689265681,STR7443,POS388,PRIME,8714158103,CASH,HOME-DELIVERY,Secunderabad,Andhra Pradesh,,383,Innerspring Mattress,655.0,1,655.0
59849583,1595689265681,STR7443,POS388,PRIME,8714158103,CASH,HOME-DELIVERY,Secunderabad,Andhra Pradesh,,508,Kitchen knife,2483.0,2,4966.0
18843600,1595689265781,STR6162,POS431,NONPRIME,8651346374,CARD,HOME-DELIVERY,Mathura,Uttar Pradesh,,533,Rolling ball clock,1651.0,2,3302.0
18843600,1595689265781,STR6162,POS431,NONPRIME,8651346374,CARD,HOME-DELIVERY,Mathura,Uttar Pradesh,,433,Depression glass,1950.0,2,3900.0
18843600,1595689265781,STR6162,POS431,NONPRIME,8651346374,CARD,HOME-DELIVERY,Mathura,Uttar Pradesh,,273,Bedroom set,842.0,1,842.0
18843600,1595689265781,STR6162,POS431,NONPRIME,8651346374,CARD,HOME-DELIVERY,Mathura,Uttar Pradesh,,348,Navy chair,1998.0,1,1998.0
29035083,1595689265781,STR8311,POS377,NONPRIME,8670468851,CASH,TAKEAWAY,,,,268,Floating shelf,1894.0,1,1894.0
29035083,1595689265781,STR8311,POS377,NONPRIME,8670468851,CASH,TAKEAWAY,,,,558,Balloon clock,1633.0,1,1633.0
86451909,1595689265781,STR5646,POS624,PRIME,8109010950,CASH,TAKEAWAY,,,,318,Bofinger chair,1119.0,2,2238.0
86451909,1595689265781,STR5646,POS624,PRIME,8109010950,CASH,TAKEAWAY,,,,253,Bathroom cabinet,1513.0,1,1513.0
34207314,1595689265882,STR7449,POS923,NONPRIME,1422009832,CARD,HOME-DELIVERY,Delhi,Delhi,,488,Bread knife,1077.0,1,1077.0
34207314,1595689265882,STR7449,POS923,NONPRIME,1422009832,CARD,HOME-DELIVERY,Delhi,Delhi,,488,Bread knife,1077.0,1,1077.0
2249864,1595689265882,STR5646,POS639,PRIME,9711257112,CARD,HOME-DELIVERY,Secunderabad,Andhra Pradesh,,583,Tab Top Curtains,1329.0,1,1329.0
86564399,1595689265882,STR7443,POS411,NONPRIME,4369698403,CARD,HOME-DELIVERY,Kanpur Cantonment,Uttar Pradesh,,538,Grandmother clock,1301.0,1,1301.0
86564399,1595689265882,STR7443,POS411,NONPRIME,4369698403,CARD,HOME-DELIVERY,Kanpur Cantonment,Uttar Pradesh,,533,Rolling ball clock,1651.0,1,1651.0
86564399,1595689265882,STR7443,POS411,NONPRIME,4369698403,CARD,HOME-DELIVERY,Kanpur Cantonment,Uttar Pradesh,,453,Shot glass,674.0,2,1348.0
11017518,1595689265982,STR6162,POS835,NONPRIME,5611417583,CARD,TAKEAWAY,,,,543,Lighthouse clock,636.0,1,636.0
38328916,1595689265982,STR5494,POS384,NONPRIME,6048272250,CARD,HOME-DELIVERY,Dehri,Bihar,,278,Dining set,1940.0,2,3880.0
38328916,1595689265982,STR5494,POS384,NONPRIME,6048272250,CARD,HOME-DELIVERY,Dehri,Bihar,,323,Chiavari chair,653.0,2,1306.0
38328916,1595689265982,STR5494,POS384,NONPRIME,6048272250,CARD,HOME-DELIVERY,Dehri,Bihar,,358,Restraint chair,1943.0,1,1943.0
86743464,1595689265982,STR7255,POS115,PRIME,1682244797,CASH,HOME-DELIVERY,Shahjahanpur,Uttar Pradesh,,608,Pleated Drapes,1684.0,2,3368.0
86743464,1595689265982,STR7255,POS115,PRIME,1682244797,CASH,HOME-DELIVERY,Shahjahanpur,Uttar Pradesh,,478,Teapot,885.0,2,1770.0
60457664,1595689266097,STR1955,POS324,NONPRIME,3916555911,CASH,HOME-DELIVERY,Vijayawada,Andhra Pradesh,,543,Lighthouse clock,636.0,1,636.0
60457664,1595689266097,STR1955,POS324,NONPRIME,3916555911,CASH,HOME-DELIVERY,Vijayawada,Andhra Pradesh,,563,Chiming clock,2168.0,1,2168.0
44464609,1595689266097,STR7188,POS198,PRIME,5733357005,CARD,HOME-DELIVERY,Dehri,Bihar,,228,Divan,1083.0,1,1083.0
44464609,1595689266097,STR7188,POS198,PRIME,5733357005,CARD,HOME-DELIVERY,Dehri,Bihar,,553,Banjo clock,1651.0,2,3302.0
35823880,1595689266097,STR4899,POS447,NONPRIME,5576072500,CARD,TAKEAWAY,,,,403,Adjustable Air Mattress,1417.0,1,1417.0
35823880,1595689266097,STR4899,POS447,NONPRIME,5576072500,CARD,TAKEAWAY,,,,513,Flip clock,1259.0,2,2518.0
35823880,1595689266097,STR4899,POS447,NONPRIME,5576072500,CARD,TAKEAWAY,,,,218,Sofa bed,895.0,1,895.0
35823880,1595689266097,STR4899,POS447,NONPRIME,5576072500,CARD,TAKEAWAY,,,,508,Kitchen knife,2483.0,1,2483.0
45226432,1595689266198,STR2629,POS768,NONPRIME,1360645962,CARD,HOME-DELIVERY,Ingraj Bazar,West Bengal,,343,Massage chair,1354.0,1,1354.0
45226432,1595689266198,STR2629,POS768,NONPRIME,1360645962,CARD,HOME-DELIVERY,Ingraj Bazar,West Bengal,,653,Browning tray,375.0,2,750.0
45226432,1595689266198,STR2629,POS768,NONPRIME,1360645962,CARD,HOME-DELIVERY,Ingraj Bazar,West Bengal,,498,Carving knifes,1424.0,2,2848.0
45226432,1595689266198,STR2629,POS768,NONPRIME,1360645962,CARD,HOME-DELIVERY,Ingraj Bazar,West Bengal,,603,Sheer Curtains,1282.0,1,1282.0
46780419,1595689266198,STR6382,POS661,PRIME,7115250228,CASH,TAKEAWAY,,,,628,Window Scarf,1774.0,1,1774.0
69689155,1595689266198,STR7449,POS423,PRIME,7691699125,CASH,HOME-DELIVERY,Eluru,Andhra Pradesh,,293,Bar stool,1148.0,1,1148.0
69689155,1595689266198,STR7449,POS423,PRIME,7691699125,CASH,HOME-DELIVERY,Eluru,Andhra Pradesh,,508,Kitchen knife,2483.0,2,4966.0
70086510,1595689266298,STR7443,POS411,NONPRIME,4369698403,CARD,HOME-DELIVERY,Nagaon,Assam,,413,Slipcover,1896.0,1,1896.0
70086510,1595689266298,STR7443,POS411,NONPRIME,4369698403,CARD,HOME-DELIVERY,Nagaon,Assam,,248,TV tray table,1947.0,1,1947.0
40325701,1595689266298,STR7255,POS866,PRIME,5432615113,CASH,TAKEAWAY,,,,648,Bottle opener,321.0,2,642.0
40325701,1595689266298,STR7255,POS866,PRIME,5432615113,CASH,TAKEAWAY,,,,398,Latex Mattress,773.0,1,773.0
35990186,1595689266298,STR6382,POS851,NONPRIME,8110266676,CARD,TAKEAWAY,,,,363,Rocking chair,2021.0,2,4042.0
35990186,1595689266298,STR6382,POS851,NONPRIME,8110266676,CARD,TAKEAWAY,,,,563,Chiming clock,2168.0,2,4336.0
35990186,1595689266298,STR6382,POS851,NONPRIME,8110266676,CARD,TAKEAWAY,,,,503,Chef's knife,1973.0,2,3946.0
27995786,1595689266399,STR7449,POS728,PRIME,5301477438,CASH,TAKEAWAY,,,,578,Goblet Pleat Curtains,1765.0,1,1765.0
73632894,1595689266399,STR1534,POS934,PRIME,5525406429,CASH,TAKEAWAY,,,,673,Dough scraper,980.0,1,980.0
73632894,1595689266399,STR1534,POS934,PRIME,5525406429,CASH,TAKEAWAY,,,,333,Gaming chair,1902.0,1,1902.0
73632894,1595689266399,STR1534,POS934,PRIME,5525406429,CASH,TAKEAWAY,,,,578,Goblet Pleat Curtains,1765.0,1,1765.0
14765590,1595689266399,STR5646,POS543,NONPRIME,5947487902,CARD,HOME-DELIVERY,Delhi,Delhi,,418,Wing chair,1431.0,2,2862.0
72707109,1595689266499,STR6162,POS835,NONPRIME,5611417583,CARD,TAKEAWAY,,,,523,Oil-lamp clock,1371.0,2,2742.0
72707109,1595689266499,STR6162,POS835,NONPRIME,5611417583,CARD,TAKEAWAY,,,,248,TV tray table,1947.0,1,1947.0
72707109,1595689266499,STR6162,POS835,NONPRIME,5611417583,CARD,TAKEAWAY,,,,548,Cartel clock,1500.0,1,1500.0
72707109,1595689266499,STR6162,POS835,NONPRIME,5611417583,CARD,TAKEAWAY,,,,238,Dining table,1582.0,2,3164.0
83346566,1595689266499,STR6382,POS968,PRIME,4148565252,CASH,HOME-DELIVERY,Unnao,Uttar Pradesh,,648,Bottle opener,321.0,1,321.0
15629038,1595689266499,STR8311,POS975,NONPRIME,4680751410,CARD,TAKEAWAY,,,,438,Lead glass,2069.0,1,2069.0
15629038,1595689266499,STR8311,POS975,NONPRIME,4680751410,CARD,TAKEAWAY,,,,228,Divan,1083.0,2,2166.0
15629038,1595689266499,STR8311,POS975,NONPRIME,4680751410,CARD,TAKEAWAY,,,,568,Pinch Pleated Curtains,1718.0,2,3436.0
15629038,1595689266499,STR8311,POS975,NONPRIME,4680751410,CARD,TAKEAWAY,,,,543,Lighthouse clock,636.0,1,636.0
92494447,1595689266599,STR8513,POS155,NONPRIME,2389018842,CASH,HOME-DELIVERY,Chapra,Bihar,,408,Confidante,1242.0,2,2484.0
92494447,1595689266599,STR8513,POS155,NONPRIME,2389018842,CASH,HOME-DELIVERY,Chapra,Bihar,,398,Latex Mattress,773.0,1,773.0
92494447,1595689266599,STR8513,POS155,NONPRIME,2389018842,CASH,HOME-DELIVERY,Chapra,Bihar,,698,Meat grinder,1250.0,2,2500.0
92494447,1595689266599,STR8513,POS155,NONPRIME,2389018842,CASH,HOME-DELIVERY,Chapra,Bihar,,238,Dining table,1582.0,2,3164.0
77793040,1595689266599,STR5646,POS639,PRIME,9711257112,CARD,HOME-DELIVERY,Ongole,Andhra Pradesh,,648,Bottle opener,321.0,1,321.0
77793040,1595689266599,STR5646,POS639,PRIME,9711257112,CARD,HOME-DELIVERY,Ongole,Andhra Pradesh,,528,Projection clock,2365.0,1,2365.0
77793040,1595689266599,STR5646,POS639,PRIME,9711257112,CARD,HOME-DELIVERY,Ongole,Andhra Pradesh,,298,Bardic chair,1649.0,2,3298.0
77793040,1595689266599,STR5646,POS639,PRIME,9711257112,CARD,HOME-DELIVERY,Ongole,Andhra Pradesh,,453,Shot glass,674.0,1,674.0
51771296,1595689266599,STR1534,POS364,NONPRIME,3006055636,CASH,HOME-DELIVERY,Tiruvottiyur,Tamil Nadu,,218,Sofa bed,895.0,1,895.0
51771296,1595689266599,STR1534,POS364,NONPRIME,3006055636,CASH,HOME-DELIVERY,Tiruvottiyur,Tamil Nadu,,268,Floating shelf,1894.0,1,1894.0
36723598,1595689266715,STR7188,POS825,PRIME,7051101351,CASH,HOME-DELIVERY,Nagpur,Maharastra,,498,Carving knifes,1424.0,1,1424.0
36723598,1595689266715,STR7188,POS825,PRIME,7051101351,CASH,HOME-DELIVERY,Nagpur,Maharastra,,263,Kitchen cabinet,1050.0,2,2100.0
36723598,1595689266715,STR7188,POS825,PRIME,7051101351,CASH,HOME-DELIVERY,Nagpur,Maharastra,,323,Chiavari chair,653.0,1,653.0
36723598,1595689266715,STR7188,POS825,PRIME,7051101351,CASH,HOME-DELIVERY,Nagpur,Maharastra,,658,Chinois,567.0,2,1134.0
95049015,1595689266715,STR2699,POS779,PRIME,6797767929,CASH,HOME-DELIVERY,Allappuzha,Kerala,,273,Bedroom set,842.0,2,1684.0
95049015,1595689266715,STR2699,POS779,PRIME,6797767929,CASH,HOME-DELIVERY,Allappuzha,Kerala,,293,Bar stool,1148.0,2,2296.0
35256153,1595689266715,STR7449,POS923,NONPRIME,1422009832,CARD,HOME-DELIVERY,Cuddalore,Tamil Nadu,,693,Mandoline,250.0,2,500.0
35256153,1595689266715,STR7449,POS923,NONPRIME,1422009832,CARD,HOME-DELIVERY,Cuddalore,Tamil Nadu,,398,Latex Mattress,773.0,1,773.0
35256153,1595689266715,STR7449,POS923,NONPRIME,1422009832,CARD,HOME-DELIVERY,Cuddalore,Tamil Nadu,,428,Cocktail glass,1422.0,2,2844.0
20063702,1595689266815,STR6347,POS622,PRIME,5697125813,CARD,HOME-DELIVERY,Hyderabad,Andhra Pradesh,,243,Folding table,738.0,2,1476.0
20063702,1595689266815,STR6347,POS622,PRIME,5697125813,CARD,HOME-DELIVERY,Hyderabad,Andhra Pradesh,,323,Chiavari chair,653.0,2,1306.0
20063702,1595689266815,STR6347,POS622,PRIME,5697125813,CARD,HOME-DELIVERY,Hyderabad,Andhra Pradesh,,578,Goblet Pleat Curtains,1765.0,2,3530.0
74304910,1595689266815,STR5646,POS212,NONPRIME,4226427254,CARD,HOME-DELIVERY,Gudivada,Andhra Pradesh,,673,Dough scraper,980.0,2,1960.0
74304910,1595689266815,STR5646,POS212,NONPRIME,4226427254,CARD,HOME-DELIVERY,Gudivada,Andhra Pradesh,,638,Baster,1214.0,1,1214.0
74304910,1595689266815,STR5646,POS212,NONPRIME,4226427254,CARD,HOME-DELIVERY,Gudivada,Andhra Pradesh,,583,Tab Top Curtains,1329.0,2,2658.0
74304910,1595689266815,STR5646,POS212,NONPRIME,4226427254,CARD,HOME-DELIVERY,Gudivada,Andhra Pradesh,,368,Stool,888.0,2,1776.0
57724855,1595689266815,STR2699,POS832,NONPRIME,4552039054,CASH,HOME-DELIVERY,Bellary,Karnataka,,358,Restraint chair,1943.0,1,1943.0
57724855,1595689266815,STR2699,POS832,NONPRIME,4552039054,CASH,HOME-DELIVERY,Bellary,Karnataka,,308,Butterfly chair,857.0,2,1714.0
57724855,1595689266815,STR2699,POS832,NONPRIME,4552039054,CASH,HOME-DELIVERY,Bellary,Karnataka,,353,Recliner,1585.0,2,3170.0
57724855,1595689266815,STR2699,POS832,NONPRIME,4552039054,CASH,HOME-DELIVERY,Bellary,Karnataka,,608,Pleated Drapes,1684.0,2,3368.0
88333312,1595689266916,STR6347,POS927,NONPRIME,3996109634,CARD,HOME-DELIVERY,Serampore,West Bengal,,368,Stool,888.0,1,888.0
88333312,1595689266916,STR6347,POS927,NONPRIME,3996109634,CARD,HOME-DELIVERY,Serampore,West Bengal,,678,Fillet knife,350.0,2,700.0
79947455,1595689266916,STR1955,POS324,NONPRIME,3916555911,CASH,HOME-DELIVERY,Farrukhabad-cum-Fatehgarh,Uttar Pradesh,,258,Closet,1687.0,2,3374.0
79947455,1595689266916,STR1955,POS324,NONPRIME,3916555911,CASH,HOME-DELIVERY,Farrukhabad-cum-Fatehgarh,Uttar Pradesh,,358,Restraint chair,1943.0,2,3886.0
79947455,1595689266916,STR1955,POS324,NONPRIME,3916555911,CASH,HOME-DELIVERY,Farrukhabad-cum-Fatehgarh,Uttar Pradesh,,608,Pleated Drapes,1684.0,2,3368.0
43074116,1595689266916,STR7262,POS182,PRIME,5378825053,CASH,HOME-DELIVERY,Dabgram,West Bengal,,333,Gaming chair,1902.0,1,1902.0
43074116,1595689266916,STR7262,POS182,PRIME,5378825053,CASH,HOME-DELIVERY,Dabgram,West Bengal,,448,Martini glass,2263.0,1,2263.0
43074116,1595689266916,STR7262,POS182,PRIME,5378825053,CASH,HOME-DELIVERY,Dabgram,West Bengal,,503,Chef's knife,1973.0,1,1973.0
43074116,1595689266916,STR7262,POS182,PRIME,5378825053,CASH,HOME-DELIVERY,Dabgram,West Bengal,,333,Gaming chair,1902.0,1,1902.0
6565729,1595689267016,STR2629,POS285,NONPRIME,6419885098,CASH,TAKEAWAY,,,,418,Wing chair,1431.0,1,1431.0
6565729,1595689267016,STR2629,POS285,NONPRIME,6419885098,CASH,TAKEAWAY,,,,603,Sheer Curtains,1282.0,1,1282.0
6565729,1595689267016,STR2629,POS285,NONPRIME,6419885098,CASH,TAKEAWAY,,,,583,Tab Top Curtains,1329.0,2,2658.0
53659899,1595689267016,STR5494,POS722,PRIME,9724245321,CASH,HOME-DELIVERY,South Dum Dum,West Bengal,,568,Pinch Pleated Curtains,1718.0,1,1718.0
53659899,1595689267016,STR5494,POS722,PRIME,9724245321,CASH,HOME-DELIVERY,South Dum Dum,West Bengal,,358,Restraint chair,1943.0,2,3886.0
53659899,1595689267016,STR5494,POS722,PRIME,9724245321,CASH,HOME-DELIVERY,South Dum Dum,West Bengal,,673,Dough scraper,980.0,2,1960.0
53659899,1595689267016,STR5494,POS722,PRIME,9724245321,CASH,HOME-DELIVERY,South Dum Dum,West Bengal,,313,Brewster Chair,2195.0,2,4390.0
59453060,1595689267016,STR5864,POS945,PRIME,5305473526,CARD,HOME-DELIVERY,Guna,Madhya Pradesh,,613,Goblet Pleat Drapes,1583.0,2,3166.0
59453060,1595689267016,STR5864,POS945,PRIME,5305473526,CARD,HOME-DELIVERY,Guna,Madhya Pradesh,,428,Cocktail glass,1422.0,1,1422.0
27698464,1595689267117,STR8513,POS155,NONPRIME,2389018842,CASH,HOME-DELIVERY,Surendranagar,Gujarat,,233,Coffee table,1055.0,1,1055.0
27698464,1595689267117,STR8513,POS155,NONPRIME,2389018842,CASH,HOME-DELIVERY,Surendranagar,Gujarat,,353,Recliner,1585.0,1,1585.0
27698464,1595689267117,STR8513,POS155,NONPRIME,2389018842,CASH,HOME-DELIVERY,Surendranagar,Gujarat,,498,Carving knifes,1424.0,1,1424.0
52633306,1595689267117,STR3781,POS978,NONPRIME,6244229107,CARD,TAKEAWAY,,,,223,Hammock,1210.0,1,1210.0
52633306,1595689267117,STR3781,POS978,NONPRIME,6244229107,CARD,TAKEAWAY,,,,623,Box Pleat Drapes,1683.0,2,3366.0
52633306,1595689267117,STR3781,POS978,NONPRIME,6244229107,CARD,TAKEAWAY,,,,538,Grandmother clock,1301.0,1,1301.0
52633306,1595689267117,STR3781,POS978,NONPRIME,6244229107,CARD,TAKEAWAY,,,,698,Meat grinder,1250.0,1,1250.0
32702996,1595689267117,STR8311,POS224,NONPRIME,2989852024,CASH,TAKEAWAY,,,,363,Rocking chair,2021.0,1,2021.0
66542148,1595689267232,STR5494,POS759,NONPRIME,4937932830,CARD,HOME-DELIVERY,Mathura,Uttar Pradesh,,308,Butterfly chair,857.0,2,1714.0
66542148,1595689267232,STR5494,POS759,NONPRIME,4937932830,CARD,HOME-DELIVERY,Mathura,Uttar Pradesh,,288,Hutch,1812.0,2,3624.0
66542148,1595689267232,STR5494,POS759,NONPRIME,4937932830,CARD,HOME-DELIVERY,Mathura,Uttar Pradesh,,298,Bardic chair,1649.0,2,3298.0
66542148,1595689267232,STR5494,POS759,NONPRIME,4937932830,CARD,HOME-DELIVERY,Mathura,Uttar Pradesh,,693,Mandoline,250.0,1,250.0
55591488,1595689267232,STR7255,POS866,PRIME,5432615113,CASH,TAKEAWAY,,,,493,Boning knife,513.0,2,1026.0
55591488,1595689267232,STR7255,POS866,PRIME,5432615113,CASH,TAKEAWAY,,,,468,Lunch box,1467.0,1,1467.0
55591488,1595689267232,STR7255,POS866,PRIME,5432615113,CASH,TAKEAWAY,,,,648,Bottle opener,321.0,2,642.0
4709521,1595689267232,STR7262,POS576,NONPRIME,2016894106,CARD,TAKEAWAY,,,,348,Navy chair,1998.0,1,1998.0
59589075,1595689267333,STR6162,POS868,NONPRIME,9282685191,CARD,HOME-DELIVERY,South Dum Dum,West Bengal,,253,Bathroom cabinet,1513.0,2,3026.0
59589075,1595689267333,STR6162,POS868,NONPRIME,9282685191,CARD,HOME-DELIVERY,South Dum Dum,West Bengal,,688,Ladle,570.0,1,570.0
59589075,1595689267333,STR6162,POS868,NONPRIME,9282685191,CARD,HOME-DELIVERY,South Dum Dum,West Bengal,,563,Chiming clock,2168.0,2,4336.0
45212371,1595689267333,STR7188,POS664,PRIME,9316477281,CARD,HOME-DELIVERY,Delhi,Delhi,,218,Sofa bed,895.0,2,1790.0
45212371,1595689267333,STR7188,POS664,PRIME,9316477281,CARD,HOME-DELIVERY,Delhi,Delhi,,463,Cookie jars,793.0,1,793.0
7720748,1595689267333,STR5494,POS121,PRIME,9509332022,CARD,TAKEAWAY,,,,613,Goblet Pleat Drapes,1583.0,2,3166.0
7720748,1595689267333,STR5494,POS121,PRIME,9509332022,CARD,TAKEAWAY,,,,348,Navy chair,1998.0,2,3996.0
7720748,1595689267333,STR5494,POS121,PRIME,9509332022,CARD,TAKEAWAY,,,,253,Bathroom cabinet,1513.0,2,3026.0
7720748,1595689267333,STR5494,POS121,PRIME,9509332022,CARD,TAKEAWAY,,,,688,Ladle,570.0,1,570.0
76730361,1595689267433,STR1955,POS992,NONPRIME,1482417862,CASH,TAKEAWAY,,,,363,Rocking chair,2021.0,1,2021.0
76730361,1595689267433,STR1955,POS992,NONPRIME,1482417862,CASH,TAKEAWAY,,,,518,Hourglass,1598.0,2,3196.0
59942092,1595689267433,STR5646,POS543,NONPRIME,5947487902,CARD,HOME-DELIVERY,Jammu,Jammu and Kashmir,,673,Dough scraper,980.0,1,980.0
3470321,1595689267433,STR4899,POS447,NONPRIME,5576072500,CARD,TAKEAWAY,,,,398,Latex Mattress,773.0,2,1546.0
3470321,1595689267433,STR4899,POS447,NONPRIME,5576072500,CARD,TAKEAWAY,,,,518,Hourglass,1598.0,2,3196.0
3470321,1595689267433,STR4899,POS447,NONPRIME,5576072500,CARD,TAKEAWAY,,,,588,Sheer Curtains,801.0,1,801.0
3470321,1595689267433,STR4899,POS447,NONPRIME,5576072500,CARD,TAKEAWAY,,,,288,Hutch,1812.0,1,1812.0
86910195,1595689267533,STR6162,POS279,PRIME,2262471989,CASH,HOME-DELIVERY,Champdani,West Bengal,,608,Pleated Drapes,1684.0,2,3368.0
86910195,1595689267533,STR6162,POS279,PRIME,2262471989,CASH,HOME-DELIVERY,Champdani,West Bengal,,443,Margarita glass,2475.0,1,2475.0
86910195,1595689267533,STR6162,POS279,PRIME,2262471989,CASH,HOME-DELIVERY,Champdani,West Bengal,,293,Bar stool,1148.0,1,1148.0
58995572,1595689267533,STR7449,POS351,NONPRIME,9639928743,CASH,TAKEAWAY,,,,638,Baster,1214.0,2,2428.0
43867240,1595689267533,STR6382,POS661,PRIME,7115250228,CASH,TAKEAWAY,,,,488,Bread knife,1077.0,2,2154.0
43867240,1595689267533,STR6382,POS661,PRIME,7115250228,CASH,TAKEAWAY,,,,468,Lunch box,1467.0,1,1467.0
7429244,1595689267634,STR6347,POS927,NONPRIME,3996109634,CARD,HOME-DELIVERY,Nagpur,Maharastra,,623,Box Pleat Drapes,1683.0,1,1683.0
7429244,1595689267634,STR6347,POS927,NONPRIME,3996109634,CARD,HOME-DELIVERY,Nagpur,Maharastra,,438,Lead glass,2069.0,1,2069.0
66964199,1595689267634,STR4899,POS584,NONPRIME,2502121621,CASH,HOME-DELIVERY,Hassan,Karnataka,,568,Pinch Pleated Curtains,1718.0,2,3436.0
66964199,1595689267634,STR4899,POS584,NONPRIME,2502121621,CASH,HOME-DELIVERY,Hassan,Karnataka,,433,Depression glass,1950.0,1,1950.0
66964199,1595689267634,STR4899,POS584,NONPRIME,2502121621,CASH,HOME-DELIVERY,Hassan,Karnataka,,328,Dining chair,1223.0,2,2446.0
66964199,1595689267634,STR4899,POS584,NONPRIME,2502121621,CASH,HOME-DELIVERY,Hassan,Karnataka,,373,Latex Mattress,1313.0,2,2626.0
22596145,1595689267634,STR5864,POS945,PRIME,5305473526,CARD,HOME-DELIVERY,Ichalkaranji,Maharastra,,443,Margarita glass,2475.0,1,2475.0
22596145,1595689267634,STR5864,POS945,PRIME,5305473526,CARD,HOME-DELIVERY,Ichalkaranji,Maharastra,,208,Canopy bed,508.0,2,1016.0
22596145,1595689267634,STR5864,POS945,PRIME,5305473526,CARD,HOME-DELIVERY,Ichalkaranji,Maharastra,,333,Gaming chair,1902.0,2,3804.0
973619,1595689267749,STR6162,POS987,NONPRIME,8071065242,CASH,TAKEAWAY,,,,503,Chef's knife,1973.0,2,3946.0
15167688,1595689267749,STR4899,POS954,NONPRIME,3716602332,CASH,HOME-DELIVERY,Ichalkaranji,Maharastra,,433,Depression glass,1950.0,1,1950.0
15167688,1595689267749,STR4899,POS954,NONPRIME,3716602332,CASH,HOME-DELIVERY,Ichalkaranji,Maharastra,,408,Confidante,1242.0,2,2484.0
15167688,1595689267749,STR4899,POS954,NONPRIME,3716602332,CASH,HOME-DELIVERY,Ichalkaranji,Maharastra,,598,Grommet Curtains,914.0,2,1828.0
15167688,1595689267749,STR4899,POS954,NONPRIME,3716602332,CASH,HOME-DELIVERY,Ichalkaranji,Maharastra,,288,Hutch,1812.0,2,3624.0
59824526,1595689267749,STR8311,POS935,NONPRIME,5196911608,CARD,TAKEAWAY,,,,623,Box Pleat Drapes,1683.0,1,1683.0
59824526,1595689267749,STR8311,POS935,NONPRIME,5196911608,CARD,TAKEAWAY,,,,533,Rolling ball clock,1651.0,1,1651.0
68814533,1595689267850,STR7188,POS682,NONPRIME,1489226224,CASH,TAKEAWAY,,,,213,Infant bed,1755.0,2,3510.0
68814533,1595689267850,STR7188,POS682,NONPRIME,1489226224,CASH,TAKEAWAY,,,,473,Mason jars,1358.0,1,1358.0
20125578,1595689267850,STR7188,POS825,PRIME,7051101351,CASH,HOME-DELIVERY,Rishra,West Bengal,,368,Stool,888.0,1,888.0
20125578,1595689267850,STR7188,POS825,PRIME,7051101351,CASH,HOME-DELIVERY,Rishra,West Bengal,,238,Dining table,1582.0,1,1582.0
20125578,1595689267850,STR7188,POS825,PRIME,7051101351,CASH,HOME-DELIVERY,Rishra,West Bengal,,373,Latex Mattress,1313.0,2,2626.0
40092763,1595689267850,STR7443,POS388,PRIME,8714158103,CASH,HOME-DELIVERY,Dehri,Bihar,,508,Kitchen knife,2483.0,2,4966.0
15282694,1595689267950,STR7443,POS365,PRIME,8790333340,CASH,HOME-DELIVERY,Pune,Maharastra,,303,Bench,2251.0,1,2251.0
15282694,1595689267950,STR7443,POS365,PRIME,8790333340,CASH,HOME-DELIVERY,Pune,Maharastra,,613,Goblet Pleat Drapes,1583.0,1,1583.0
76900663,1595689267950,STR8311,POS975,NONPRIME,4680751410,CARD,TAKEAWAY,,,,483,Teacups and saucers,1781.0,1,1781.0
76900663,1595689267950,STR8311,POS975,NONPRIME,4680751410,CARD,TAKEAWAY,,,,253,Bathroom cabinet,1513.0,1,1513.0
76900663,1595689267950,STR8311,POS975,NONPRIME,4680751410,CARD,TAKEAWAY,,,,463,Cookie jars,793.0,2,1586.0
76900663,1595689267950,STR8311,POS975,NONPRIME,4680751410,CARD,TAKEAWAY,,,,523,Oil-lamp clock,1371.0,1,1371.0
76645265,1595689267950,STR8311,POS935,NONPRIME,5196911608,CARD,TAKEAWAY,,,,253,Bathroom cabinet,1513.0,1,1513.0
76645265,1595689267950,STR8311,POS935,NONPRIME,5196911608,CARD,TAKEAWAY,,,,448,Martini glass,2263.0,1,2263.0
87684037,1595689268051,STR6162,POS835,NONPRIME,5611417583,CARD,TAKEAWAY,,,,203,Bunk bed,1686.0,1,1686.0
87684037,1595689268051,STR6162,POS835,NONPRIME,5611417583,CARD,TAKEAWAY,,,,388,Memory Foam,1884.0,2,3768.0
89689735,1595689268051,STR6347,POS622,PRIME,5697125813,CARD,HOME-DELIVERY,Gudivada,Andhra Pradesh,,693,Mandoline,250.0,1,250.0
89689735,1595689268051,STR6347,POS622,PRIME,5697125813,CARD,HOME-DELIVERY,Gudivada,Andhra Pradesh,,378,Air Bed,2263.0,2,4526.0
89689735,1595689268051,STR6347,POS622,PRIME,5697125813,CARD,HOME-DELIVERY,Gudivada,Andhra Pradesh,,493,Boning knife,513.0,1,513.0
33849658,1595689268051,STR7443,POS388,PRIME,8714158103,CASH,HOME-DELIVERY,Haridwar,Uttarakhand,,278,Dining set,1940.0,1,1940.0
33849658,1595689268051,STR7443,POS388,PRIME,8714158103,CASH,HOME-DELIVERY,Haridwar,Uttarakhand,,688,Ladle,570.0,2,1140.0
33849658,1595689268051,STR7443,POS388,PRIME,8714158103,CASH,HOME-DELIVERY,Haridwar,Uttarakhand,,563,Chiming clock,2168.0,1,2168.0
33849658,1595689268051,STR7443,POS388,PRIME,8714158103,CASH,HOME-DELIVERY,Haridwar,Uttarakhand,,483,Teacups and saucers,1781.0,2,3562.0
77416300,1595689268151,STR2629,POS647,PRIME,1053863739,CASH,TAKEAWAY,,,,283,Portable Lamps,2236.0,1,2236.0
76498296,1595689268151,STR8513,POS582,PRIME,6705218300,CASH,TAKEAWAY,,,,498,Carving knifes,1424.0,1,1424.0
76498296,1595689268151,STR8513,POS582,PRIME,6705218300,CASH,TAKEAWAY,,,,493,Boning knife,513.0,1,513.0
9036396,1595689268151,STR1534,POS944,NONPRIME,2968880358,CASH,HOME-DELIVERY,Pali,Rajasthan,,248,TV tray table,1947.0,2,3894.0
9036396,1595689268151,STR1534,POS944,NONPRIME,2968880358,CASH,HOME-DELIVERY,Pali,Rajasthan,,443,Margarita glass,2475.0,1,2475.0
92966927,1595689268251,STR2629,POS647,PRIME,1053863739,CASH,TAKEAWAY,,,,458,Wine glass,1644.0,2,3288.0
92966927,1595689268251,STR2629,POS647,PRIME,1053863739,CASH,TAKEAWAY,,,,658,Chinois,567.0,2,1134.0
92966927,1595689268251,STR2629,POS647,PRIME,1053863739,CASH,TAKEAWAY,,,,643,Blow torch,1955.0,1,1955.0
83553340,1595689268251,STR5646,POS624,PRIME,8109010950,CASH,TAKEAWAY,,,,228,Divan,1083.0,1,1083.0
12547004,1595689268251,STR7443,POS365,PRIME,8790333340,CASH,HOME-DELIVERY,Kolkata,West Bengal,,383,Innerspring Mattress,655.0,2,1310.0
55686130,1595689268367,STR2629,POS768,NONPRIME,1360645962,CARD,HOME-DELIVERY,Delhi,Delhi,,498,Carving knifes,1424.0,2,2848.0
55686130,1595689268367,STR2629,POS768,NONPRIME,1360645962,CARD,HOME-DELIVERY,Delhi,Delhi,,643,Blow torch,1955.0,2,3910.0
55686130,1595689268367,STR2629,POS768,NONPRIME,1360645962,CARD,HOME-DELIVERY,Delhi,Delhi,,328,Dining chair,1223.0,1,1223.0
55686130,1595689268367,STR2629,POS768,NONPRIME,1360645962,CARD,HOME-DELIVERY,Delhi,Delhi,,203,Bunk bed,1686.0,2,3372.0
6778384,1595689268367,STR6162,POS868,NONPRIME,9282685191,CARD,HOME-DELIVERY,Arrah,Bihar,,298,Bardic chair,1649.0,2,3298.0
6778384,1595689268367,STR6162,POS868,NONPRIME,9282685191,CARD,HOME-DELIVERY,Arrah,Bihar,,278,Dining set,1940.0,1,1940.0
6778384,1595689268367,STR6162,POS868,NONPRIME,9282685191,CARD,HOME-DELIVERY,Arrah,Bihar,,248,TV tray table,1947.0,2,3894.0
6778384,1595689268367,STR6162,POS868,NONPRIME,9282685191,CARD,HOME-DELIVERY,Arrah,Bihar,,693,Mandoline,250.0,1,250.0
20133819,1595689268367,STR7449,POS728,PRIME,5301477438,CASH,TAKEAWAY,,,,538,Grandmother clock,1301.0,1,1301.0
20133819,1595689268367,STR7449,POS728,PRIME,5301477438,CASH,TAKEAWAY,,,,358,Restraint chair,1943.0,2,3886.0
89602216,1595689268489,STR6347,POS856,NONPRIME,5724653917,CASH,TAKEAWAY,,,,403,Adjustable Air Mattress,1417.0,1,1417.0
89602216,1595689268489,STR6347,POS856,NONPRIME,5724653917,CASH,TAKEAWAY,,,,248,TV tray table,1947.0,2,3894.0
89602216,1595689268489,STR6347,POS856,NONPRIME,5724653917,CASH,TAKEAWAY,,,,698,Meat grinder,1250.0,2,2500.0
89602216,1595689268489,STR6347,POS856,NONPRIME,5724653917,CASH,TAKEAWAY,,,,563,Chiming clock,2168.0,1,2168.0
26215029,1595689268489,STR5646,POS543,NONPRIME,5947487902,CARD,HOME-DELIVERY,Kanpur Cantonment,Uttar Pradesh,,453,Shot glass,674.0,2,1348.0
26215029,1595689268489,STR5646,POS543,NONPRIME,5947487902,CARD,HOME-DELIVERY,Kanpur Cantonment,Uttar Pradesh,,538,Grandmother clock,1301.0,2,2602.0
26215029,1595689268489,STR5646,POS543,NONPRIME,5947487902,CARD,HOME-DELIVERY,Kanpur Cantonment,Uttar Pradesh,,628,Window Scarf,1774.0,1,1774.0
69826602,1595689268489,STR7255,POS692,NONPRIME,8891304816,CASH,TAKEAWAY,,,,203,Bunk bed,1686.0,1,1686.0
69826602,1595689268489,STR7255,POS692,NONPRIME,8891304816,CASH,TAKEAWAY,,,,668,Crab cracker,785.0,1,785.0
69826602,1595689268489,STR7255,POS692,NONPRIME,8891304816,CASH,TAKEAWAY,,,,683,Grater,370.0,2,740.0
69826602,1595689268489,STR7255,POS692,NONPRIME,8891304816,CASH,TAKEAWAY,,,,463,Cookie jars,793.0,1,793.0
70940769,1595689268590,STR8513,POS881,NONPRIME,2599848717,CARD,TAKEAWAY,,,,413,Slipcover,1896.0,1,1896.0
47073774,1595689268590,STR2699,POS773,NONPRIME,9327106277,CASH,TAKEAWAY,,,,538,Grandmother clock,1301.0,1,1301.0
10706823,1595689268590,STR4899,POS584,NONPRIME,2502121621,CASH,HOME-DELIVERY,Arrah,Bihar,,673,Dough scraper,980.0,1,980.0
52752935,1595689268690,STR8513,POS163,PRIME,2762345282,CARD,HOME-DELIVERY,Nagpur,Maharastra,,683,Grater,370.0,2,740.0
52752935,1595689268690,STR8513,POS163,PRIME,2762345282,CARD,HOME-DELIVERY,Nagpur,Maharastra,,393,Hybrid Mattress,2217.0,2,4434.0
52752935,1595689268690,STR8513,POS163,PRIME,2762345282,CARD,HOME-DELIVERY,Nagpur,Maharastra,,513,Flip clock,1259.0,2,2518.0
52752935,1595689268690,STR8513,POS163,PRIME,2762345282,CARD,HOME-DELIVERY,Nagpur,Maharastra,,383,Innerspring Mattress,655.0,1,655.0
46963438,1595689268690,STR5864,POS872,PRIME,7589671731,CASH,HOME-DELIVERY,Allappuzha,Kerala,,413,Slipcover,1896.0,2,3792.0
46963438,1595689268690,STR5864,POS872,PRIME,7589671731,CASH,HOME-DELIVERY,Allappuzha,Kerala,,343,Massage chair,1354.0,2,2708.0
46963438,1595689268690,STR5864,POS872,PRIME,7589671731,CASH,HOME-DELIVERY,Allappuzha,Kerala,,543,Lighthouse clock,636.0,1,636.0
26616490,1595689268690,STR7449,POS728,PRIME,5301477438,CASH,TAKEAWAY,,,,453,Shot glass,674.0,2,1348.0
26616490,1595689268690,STR7449,POS728,PRIME,5301477438,CASH,TAKEAWAY,,,,528,Projection clock,2365.0,2,4730.0
98546189,1595689268790,STR2629,POS172,NONPRIME,7829975914,CASH,HOME-DELIVERY,Dehradun,Uttarakhand,,583,Tab Top Curtains,1329.0,1,1329.0
98546189,1595689268790,STR2629,POS172,NONPRIME,7829975914,CASH,HOME-DELIVERY,Dehradun,Uttarakhand,,663,Corkscrew,983.0,1,983.0
7088800,1595689268790,STR7443,POS388,PRIME,8714158103,CASH,HOME-DELIVERY,Ingraj Bazar,West Bengal,,583,Tab Top Curtains,1329.0,1,1329.0
7088800,1595689268790,STR7443,POS388,PRIME,8714158103,CASH,HOME-DELIVERY,Ingraj Bazar,West Bengal,,503,Chef's knife,1973.0,2,3946.0
7088800,1595689268790,STR7443,POS388,PRIME,8714158103,CASH,HOME-DELIVERY,Ingraj Bazar,West Bengal,,208,Canopy bed,508.0,1,508.0
8786321,1595689268790,STR5646,POS212,NONPRIME,4226427254,CARD,HOME-DELIVERY,Shahjahanpur,Uttar Pradesh,,578,Goblet Pleat Curtains,1765.0,1,1765.0
22387221,1595689268891,STR5864,POS132,NONPRIME,6909538460,CASH,HOME-DELIVERY,South Dum Dum,West Bengal,,523,Oil-lamp clock,1371.0,1,1371.0
22387221,1595689268891,STR5864,POS132,NONPRIME,6909538460,CASH,HOME-DELIVERY,South Dum Dum,West Bengal,,503,Chef's knife,1973.0,1,1973.0
22387221,1595689268891,STR5864,POS132,NONPRIME,6909538460,CASH,HOME-DELIVERY,South Dum Dum,West Bengal,,448,Martini glass,2263.0,2,4526.0
22387221,1595689268891,STR5864,POS132,NONPRIME,6909538460,CASH,HOME-DELIVERY,South Dum Dum,West Bengal,,428,Cocktail glass,1422.0,2,2844.0
31643059,1595689268891,STR7255,POS115,PRIME,1682244797,CASH,HOME-DELIVERY,Jodhpur,Rajasthan,,528,Projection clock,2365.0,1,2365.0
31643059,1595689268891,STR7255,POS115,PRIME,1682244797,CASH,HOME-DELIVERY,Jodhpur,Rajasthan,,333,Gaming chair,1902.0,1,1902.0
31643059,1595689268891,STR7255,POS115,PRIME,1682244797,CASH,HOME-DELIVERY,Jodhpur,Rajasthan,,498,Carving knifes,1424.0,1,1424.0
31643059,1595689268891,STR7255,POS115,PRIME,1682244797,CASH,HOME-DELIVERY,Jodhpur,Rajasthan,,363,Rocking chair,2021.0,2,4042.0
10662243,1595689268891,STR7262,POS576,NONPRIME,2016894106,CARD,TAKEAWAY,,,,413,Slipcover,1896.0,1,1896.0
10662243,1595689268891,STR7262,POS576,NONPRIME,2016894106,CARD,TAKEAWAY,,,,378,Air Bed,2263.0,2,4526.0
10662243,1595689268891,STR7262,POS576,NONPRIME,2016894106,CARD,TAKEAWAY,,,,643,Blow torch,1955.0,1,1955.0
10662243,1595689268891,STR7262,POS576,NONPRIME,2016894106,CARD,TAKEAWAY,,,,598,Grommet Curtains,914.0,2,1828.0
31373723,1595689268991,STR1955,POS493,PRIME,4405006483,CARD,TAKEAWAY,,,,353,Recliner,1585.0,1,1585.0
31373723,1595689268991,STR1955,POS493,PRIME,4405006483,CARD,TAKEAWAY,,,,223,Hammock,1210.0,1,1210.0
31373723,1595689268991,STR1955,POS493,PRIME,4405006483,CARD,TAKEAWAY,,,,308,Butterfly chair,857.0,1,857.0
75143874,1595689268991,STR7443,POS394,NONPRIME,7587821520,CASH,TAKEAWAY,,,,578,Goblet Pleat Curtains,1765.0,2,3530.0
75143874,1595689268991,STR7443,POS394,NONPRIME,7587821520,CASH,TAKEAWAY,,,,203,Bunk bed,1686.0,1,1686.0
75143874,1595689268991,STR7443,POS394,NONPRIME,7587821520,CASH,TAKEAWAY,,,,433,Depression glass,1950.0,1,1950.0
85739991,1595689268991,STR7255,POS692,NONPRIME,8891304816,CASH,TAKEAWAY,,,,328,Dining chair,1223.0,1,1223.0
85739991,1595689268991,STR7255,POS692,NONPRIME,8891304816,CASH,TAKEAWAY,,,,333,Gaming chair,1902.0,2,3804.0
85739991,1595689268991,STR7255,POS692,NONPRIME,8891304816,CASH,TAKEAWAY,,,,398,Latex Mattress,773.0,1,773.0
21430612,1595689269091,STR2629,POS647,PRIME,1053863739,CASH,TAKEAWAY,,,,533,Rolling ball clock,1651.0,2,3302.0
21430612,1595689269091,STR2629,POS647,PRIME,1053863739,CASH,TAKEAWAY,,,,458,Wine glass,1644.0,1,1644.0
21430612,1595689269091,STR2629,POS647,PRIME,1053863739,CASH,TAKEAWAY,,,,308,Butterfly chair,857.0,2,1714.0
21430612,1595689269091,STR2629,POS647,PRIME,1053863739,CASH,TAKEAWAY,,,,533,Rolling ball clock,1651.0,2,3302.0
21430612,1595689269091,STR2629,POS647,PRIME,1053863739,CASH,TAKEAWAY,,,,458,Wine glass,1644.0,1,1644.0
21430612,1595689269091,STR2629,POS647,PRIME,1053863739,CASH,TAKEAWAY,,,,308,Butterfly chair,857.0,2,1714.0
51522669,1595689269091,STR1534,POS934,PRIME,5525406429,CASH,TAKEAWAY,,,,653,Browning tray,375.0,1,375.0
51522669,1595689269091,STR1534,POS934,PRIME,5525406429,CASH,TAKEAWAY,,,,523,Oil-lamp clock,1371.0,2,2742.0
51522669,1595689269091,STR1534,POS934,PRIME,5525406429,CASH,TAKEAWAY,,,,468,Lunch box,1467.0,1,1467.0
51522669,1595689269091,STR1534,POS934,PRIME,5525406429,CASH,TAKEAWAY,,,,613,Goblet Pleat Drapes,1583.0,2,3166.0
63757213,1595689269192,STR2629,POS768,NONPRIME,1360645962,CARD,HOME-DELIVERY,Tambaram,Tamil Nadu,,208,Canopy bed,508.0,2,1016.0
63757213,1595689269192,STR2629,POS768,NONPRIME,1360645962,CARD,HOME-DELIVERY,Tambaram,Tamil Nadu,,358,Restraint chair,1943.0,2,3886.0
13369878,1595689269192,STR8513,POS311,NONPRIME,8111613552,CASH,TAKEAWAY,,,,693,Mandoline,250.0,1,250.0
13369878,1595689269192,STR8513,POS311,NONPRIME,8111613552,CASH,TAKEAWAY,,,,343,Massage chair,1354.0,1,1354.0
36739673,1595689269192,STR2699,POS792,PRIME,7475384243,CASH,HOME-DELIVERY,Chapra,Bihar,,518,Hourglass,1598.0,2,3196.0
36739673,1595689269192,STR2699,POS792,PRIME,7475384243,CASH,HOME-DELIVERY,Chapra,Bihar,,363,Rocking chair,2021.0,1,2021.0
36739673,1595689269192,STR2699,POS792,PRIME,7475384243,CASH,HOME-DELIVERY,Chapra,Bihar,,253,Bathroom cabinet,1513.0,2,3026.0
36739673,1595689269192,STR2699,POS792,PRIME,7475384243,CASH,HOME-DELIVERY,Chapra,Bihar,,408,Confidante,1242.0,2,2484.0
71292310,1595689269292,STR7188,POS682,NONPRIME,1489226224,CASH,TAKEAWAY,,,,598,Grommet Curtains,914.0,2,1828.0
13004534,1595689269292,STR1534,POS364,NONPRIME,3006055636,CASH,HOME-DELIVERY,Puri,Odisha,,463,Cookie jars,793.0,2,1586.0
13004534,1595689269292,STR1534,POS364,NONPRIME,3006055636,CASH,HOME-DELIVERY,Puri,Odisha,,463,Cookie jars,793.0,2,1586.0
74802808,1595689269292,STR7262,POS664,NONPRIME,2954913332,CARD,HOME-DELIVERY,Junagadh,Gujarat,,278,Dining set,1940.0,2,3880.0
74802808,1595689269292,STR7262,POS664,NONPRIME,2954913332,CARD,HOME-DELIVERY,Junagadh,Gujarat,,363,Rocking chair,2021.0,1,2021.0
74802808,1595689269292,STR7262,POS664,NONPRIME,2954913332,CARD,HOME-DELIVERY,Junagadh,Gujarat,,473,Mason jars,1358.0,1,1358.0
62278664,1595689269393,STR8513,POS155,NONPRIME,2389018842,CASH,HOME-DELIVERY,Chapra,Bihar,,383,Innerspring Mattress,655.0,2,1310.0
62278664,1595689269393,STR8513,POS155,NONPRIME,2389018842,CASH,HOME-DELIVERY,Chapra,Bihar,,308,Butterfly chair,857.0,1,857.0
62278664,1595689269393,STR8513,POS155,NONPRIME,2389018842,CASH,HOME-DELIVERY,Chapra,Bihar,,678,Fillet knife,350.0,2,700.0
62278664,1595689269393,STR8513,POS155,NONPRIME,2389018842,CASH,HOME-DELIVERY,Chapra,Bihar,,608,Pleated Drapes,1684.0,2,3368.0
99479450,1595689269393,STR7188,POS956,PRIME,4629185211,CARD,TAKEAWAY,,,,693,Mandoline,250.0,2,500.0
48718846,1595689269393,STR7443,POS333,NONPRIME,5483488802,CASH,HOME-DELIVERY,Bokaro Steel City,Jharkhand,,438,Lead glass,2069.0,1,2069.0
14660380,1595689269493,STR3781,POS494,PRIME,7892154732,CARD,HOME-DELIVERY,Rishra,West Bengal,,488,Bread knife,1077.0,1,1077.0
14660380,1595689269493,STR3781,POS494,PRIME,7892154732,CARD,HOME-DELIVERY,Rishra,West Bengal,,358,Restraint chair,1943.0,2,3886.0
82410122,1595689269493,STR8513,POS881,NONPRIME,2599848717,CARD,TAKEAWAY,,,,553,Banjo clock,1651.0,1,1651.0
82410122,1595689269493,STR8513,POS881,NONPRIME,2599848717,CARD,TAKEAWAY,,,,593,Hanging curtains,1896.0,2,3792.0
82410122,1595689269493,STR8513,POS881,NONPRIME,2599848717,CARD,TAKEAWAY,,,,608,Pleated Drapes,1684.0,2,3368.0
82410122,1595689269493,STR8513,POS881,NONPRIME,2599848717,CARD,TAKEAWAY,,,,418,Wing chair,1431.0,1,1431.0
83893667,1595689269493,STR6347,POS856,NONPRIME,5724653917,CASH,TAKEAWAY,,,,488,Bread knife,1077.0,1,1077.0
83893667,1595689269493,STR6347,POS856,NONPRIME,5724653917,CASH,TAKEAWAY,,,,628,Window Scarf,1774.0,2,3548.0
78576294,1595689269593,STR1955,POS324,NONPRIME,3916555911,CASH,HOME-DELIVERY,Varanasi,Uttar Pradesh,,678,Fillet knife,350.0,1,350.0
78576294,1595689269593,STR1955,POS324,NONPRIME,3916555911,CASH,HOME-DELIVERY,Varanasi,Uttar Pradesh,,463,Cookie jars,793.0,1,793.0
78576294,1595689269593,STR1955,POS324,NONPRIME,3916555911,CASH,HOME-DELIVERY,Varanasi,Uttar Pradesh,,488,Bread knife,1077.0,2,2154.0
78576294,1595689269593,STR1955,POS324,NONPRIME,3916555911,CASH,HOME-DELIVERY,Varanasi,Uttar Pradesh,,443,Margarita glass,2475.0,2,4950.0
27790936,1595689269593,STR1955,POS493,PRIME,4405006483,CARD,TAKEAWAY,,,,418,Wing chair,1431.0,1,1431.0
27790936,1595689269593,STR1955,POS493,PRIME,4405006483,CARD,TAKEAWAY,,,,658,Chinois,567.0,1,567.0
27790936,1595689269593,STR1955,POS493,PRIME,4405006483,CARD,TAKEAWAY,,,,438,Lead glass,2069.0,2,4138.0
69153974,1595689269593,STR7255,POS626,PRIME,2602353115,CARD,TAKEAWAY,,,,453,Shot glass,674.0,1,674.0
69153974,1595689269593,STR7255,POS626,PRIME,2602353115,CARD,TAKEAWAY,,,,578,Goblet Pleat Curtains,1765.0,2,3530.0
69153974,1595689269593,STR7255,POS626,PRIME,2602353115,CARD,TAKEAWAY,,,,593,Hanging curtains,1896.0,2,3792.0
69153974,1595689269593,STR7255,POS626,PRIME,2602353115,CARD,TAKEAWAY,,,,343,Massage chair,1354.0,2,2708.0
99299052,1595689269694,STR1955,POS837,NONPRIME,7136581152,CASH,HOME-DELIVERY,Tambaram,Tamil Nadu,,613,Goblet Pleat Drapes,1583.0,2,3166.0
99299052,1595689269694,STR1955,POS837,NONPRIME,7136581152,CASH,HOME-DELIVERY,Tambaram,Tamil Nadu,,318,Bofinger chair,1119.0,1,1119.0
99299052,1595689269694,STR1955,POS837,NONPRIME,7136581152,CASH,HOME-DELIVERY,Tambaram,Tamil Nadu,,648,Bottle opener,321.0,2,642.0
99299052,1595689269694,STR1955,POS837,NONPRIME,7136581152,CASH,HOME-DELIVERY,Tambaram,Tamil Nadu,,343,Massage chair,1354.0,2,2708.0
79656886,1595689269694,STR3781,POS978,NONPRIME,6244229107,CARD,TAKEAWAY,,,,603,Sheer Curtains,1282.0,2,2564.0
79656886,1595689269694,STR3781,POS978,NONPRIME,6244229107,CARD,TAKEAWAY,,,,688,Ladle,570.0,1,570.0
79656886,1595689269694,STR3781,POS978,NONPRIME,6244229107,CARD,TAKEAWAY,,,,318,Bofinger chair,1119.0,1,1119.0
79656886,1595689269694,STR3781,POS978,NONPRIME,6244229107,CARD,TAKEAWAY,,,,293,Bar stool,1148.0,2,2296.0
57822659,1595689269694,STR6162,POS987,NONPRIME,8071065242,CASH,TAKEAWAY,,,,333,Gaming chair,1902.0,2,3804.0
57822659,1595689269694,STR6162,POS987,NONPRIME,8071065242,CASH,TAKEAWAY,,,,273,Bedroom set,842.0,1,842.0
57822659,1595689269694,STR6162,POS987,NONPRIME,8071065242,CASH,TAKEAWAY,,,,218,Sofa bed,895.0,1,895.0
36322515,1595689269794,STR7188,POS956,PRIME,4629185211,CARD,TAKEAWAY,,,,273,Bedroom set,842.0,2,1684.0
36322515,1595689269794,STR7188,POS956,PRIME,4629185211,CARD,TAKEAWAY,,,,573,Eyelet Curtains,642.0,2,1284.0
36322515,1595689269794,STR7188,POS956,PRIME,4629185211,CARD,TAKEAWAY,,,,283,Portable Lamps,2236.0,1,2236.0
60510111,1595689269794,STR1955,POS769,PRIME,8154556937,CARD,HOME-DELIVERY,Nagpur,Maharastra,,228,Divan,1083.0,1,1083.0
60510111,1595689269794,STR1955,POS769,PRIME,8154556937,CARD,HOME-DELIVERY,Nagpur,Maharastra,,398,Latex Mattress,773.0,2,1546.0
64789864,1595689269794,STR5646,POS968,PRIME,2220404140,CASH,HOME-DELIVERY,Bahraich,Uttar Pradesh,,223,Hammock,1210.0,2,2420.0
64789864,1595689269794,STR5646,POS968,PRIME,2220404140,CASH,HOME-DELIVERY,Bahraich,Uttar Pradesh,,438,Lead glass,2069.0,1,2069.0
69117131,1595689269895,STR3781,POS494,PRIME,7892154732,CARD,HOME-DELIVERY,Jaipur,Rajasthan,,488,Bread knife,1077.0,1,1077.0
69117131,1595689269895,STR3781,POS494,PRIME,7892154732,CARD,HOME-DELIVERY,Jaipur,Rajasthan,,558,Balloon clock,1633.0,1,1633.0
69117131,1595689269895,STR3781,POS494,PRIME,7892154732,CARD,HOME-DELIVERY,Jaipur,Rajasthan,,323,Chiavari chair,653.0,2,1306.0
54850432,1595689269895,STR7262,POS733,PRIME,1518460232,CASH,TAKEAWAY,,,,678,Fillet knife,350.0,1,350.0
62160877,1595689269895,STR7255,POS692,NONPRIME,8891304816,CASH,TAKEAWAY,,,,223,Hammock,1210.0,1,1210.0
62160877,1595689269895,STR7255,POS692,NONPRIME,8891304816,CASH,TAKEAWAY,,,,608,Pleated Drapes,1684.0,2,3368.0
67609664,1595689269995,STR6162,POS279,PRIME,2262471989,CASH,HOME-DELIVERY,Sitapur,Uttar Pradesh,,438,Lead glass,2069.0,2,4138.0
67609664,1595689269995,STR6162,POS279,PRIME,2262471989,CASH,HOME-DELIVERY,Sitapur,Uttar Pradesh,,238,Dining table,1582.0,2,3164.0
68026406,1595689269995,STR5646,POS968,PRIME,2220404140,CASH,HOME-DELIVERY,Mathura,Uttar Pradesh,,408,Confidante,1242.0,1,1242.0
68026406,1595689269995,STR5646,POS968,PRIME,2220404140,CASH,HOME-DELIVERY,Mathura,Uttar Pradesh,,268,Floating shelf,1894.0,1,1894.0
68026406,1595689269995,STR5646,POS968,PRIME,2220404140,CASH,HOME-DELIVERY,Mathura,Uttar Pradesh,,658,Chinois,567.0,2,1134.0
2982405,1595689269995,STR5646,POS212,NONPRIME,4226427254,CARD,HOME-DELIVERY,Jammu,Jammu and Kashmir,,533,Rolling ball clock,1651.0,2,3302.0
2982405,1595689269995,STR5646,POS212,NONPRIME,4226427254,CARD,HOME-DELIVERY,Jammu,Jammu and Kashmir,,533,Rolling ball clock,1651.0,2,3302.0
2982405,1595689269995,STR5646,POS212,NONPRIME,4226427254,CARD,HOME-DELIVERY,Jammu,Jammu and Kashmir,,488,Bread knife,1077.0,1,1077.0
32535074,1595689270095,STR4899,POS584,NONPRIME,2502121621,CASH,HOME-DELIVERY,Imphal,Manipur,,558,Balloon clock,1633.0,1,1633.0
32535074,1595689270095,STR4899,POS584,NONPRIME,2502121621,CASH,HOME-DELIVERY,Imphal,Manipur,,543,Lighthouse clock,636.0,2,1272.0
32535074,1595689270095,STR4899,POS584,NONPRIME,2502121621,CASH,HOME-DELIVERY,Imphal,Manipur,,343,Massage chair,1354.0,1,1354.0
32535074,1595689270095,STR4899,POS584,NONPRIME,2502121621,CASH,HOME-DELIVERY,Imphal,Manipur,,318,Bofinger chair,1119.0,1,1119.0
96953643,1595689270095,STR2699,POS792,PRIME,7475384243,CASH,HOME-DELIVERY,Bokaro Steel City,Jharkhand,,683,Grater,370.0,2,740.0
96953643,1595689270095,STR2699,POS792,PRIME,7475384243,CASH,HOME-DELIVERY,Bokaro Steel City,Jharkhand,,208,Canopy bed,508.0,1,508.0
96953643,1595689270095,STR2699,POS792,PRIME,7475384243,CASH,HOME-DELIVERY,Bokaro Steel City,Jharkhand,,668,Crab cracker,785.0,1,785.0
96953643,1595689270095,STR2699,POS792,PRIME,7475384243,CASH,HOME-DELIVERY,Bokaro Steel City,Jharkhand,,688,Ladle,570.0,2,1140.0
93615447,1595689270095,STR8311,POS728,PRIME,8490473378,CASH,HOME-DELIVERY,Jammu,Jammu and Kashmir,,658,Chinois,567.0,1,567.0
93615447,1595689270095,STR8311,POS728,PRIME,8490473378,CASH,HOME-DELIVERY,Jammu,Jammu and Kashmir,,293,Bar stool,1148.0,1,1148.0
93615447,1595689270095,STR8311,POS728,PRIME,8490473378,CASH,HOME-DELIVERY,Jammu,Jammu and Kashmir,,348,Navy chair,1998.0,2,3996.0
25958250,1595689270195,STR1534,POS364,NONPRIME,3006055636,CASH,HOME-DELIVERY,Jodhpur,Rajasthan,,678,Fillet knife,350.0,1,350.0
25958250,1595689270195,STR1534,POS364,NONPRIME,3006055636,CASH,HOME-DELIVERY,Jodhpur,Rajasthan,,653,Browning tray,375.0,2,750.0
25958250,1595689270195,STR1534,POS364,NONPRIME,3006055636,CASH,HOME-DELIVERY,Jodhpur,Rajasthan,,433,Depression glass,1950.0,1,1950.0
96514157,1595689270195,STR6382,POS265,PRIME,7908234230,CASH,HOME-DELIVERY,Surendranagar,Gujarat,,323,Chiavari chair,653.0,2,1306.0
96514157,1595689270195,STR6382,POS265,PRIME,7908234230,CASH,HOME-DELIVERY,Surendranagar,Gujarat,,338,Kneeling chairs,442.0,2,884.0
91020592,1595689270195,STR5646,POS543,NONPRIME,5947487902,CARD,HOME-DELIVERY,Mathura,Uttar Pradesh,,368,Stool,888.0,1,888.0
91020592,1595689270195,STR5646,POS543,NONPRIME,5947487902,CARD,HOME-DELIVERY,Mathura,Uttar Pradesh,,683,Grater,370.0,1,370.0
16074303,1595689270296,STR2629,POS172,NONPRIME,7829975914,CASH,HOME-DELIVERY,Agra,Uttar Pradesh,,203,Bunk bed,1686.0,2,3372.0
16074303,1595689270296,STR2629,POS172,NONPRIME,7829975914,CASH,HOME-DELIVERY,Agra,Uttar Pradesh,,348,Navy chair,1998.0,2,3996.0
88779237,1595689270296,STR5646,POS968,PRIME,2220404140,CASH,HOME-DELIVERY,Jodhpur,Rajasthan,,568,Pinch Pleated Curtains,1718.0,1,1718.0
7329499,1595689270296,STR8311,POS975,NONPRIME,4680751410,CARD,TAKEAWAY,,,,668,Crab cracker,785.0,2,1570.0
31431291,1595689270396,STR6162,POS279,PRIME,2262471989,CASH,HOME-DELIVERY,Chapra,Bihar,,648,Bottle opener,321.0,1,321.0
31431291,1595689270396,STR6162,POS279,PRIME,2262471989,CASH,HOME-DELIVERY,Chapra,Bihar,,568,Pinch Pleated Curtains,1718.0,1,1718.0
31431291,1595689270396,STR6162,POS279,PRIME,2262471989,CASH,HOME-DELIVERY,Chapra,Bihar,,663,Corkscrew,983.0,2,1966.0
90075451,1595689270396,STR5494,POS121,PRIME,9509332022,CARD,TAKEAWAY,,,,378,Air Bed,2263.0,2,4526.0
90075451,1595689270396,STR5494,POS121,PRIME,9509332022,CARD,TAKEAWAY,,,,683,Grater,370.0,2,740.0
90075451,1595689270396,STR5494,POS121,PRIME,9509332022,CARD,TAKEAWAY,,,,203,Bunk bed,1686.0,1,1686.0
95592643,1595689270396,STR4899,POS954,NONPRIME,3716602332,CASH,HOME-DELIVERY,Ambala Sadar,Haryana,,363,Rocking chair,2021.0,1,2021.0
95592643,1595689270396,STR4899,POS954,NONPRIME,3716602332,CASH,HOME-DELIVERY,Ambala Sadar,Haryana,,633,Cafe Curtains,796.0,1,796.0
95592643,1595689270396,STR4899,POS954,NONPRIME,3716602332,CASH,HOME-DELIVERY,Ambala Sadar,Haryana,,288,Hutch,1812.0,1,1812.0
8682120,1595689270497,STR6162,POS835,NONPRIME,5611417583,CARD,TAKEAWAY,,,,513,Flip clock,1259.0,2,2518.0
40839617,1595689270497,STR1534,POS944,NONPRIME,2968880358,CASH,HOME-DELIVERY,Jammu,Jammu and Kashmir,,348,Navy chair,1998.0,1,1998.0
40839617,1595689270497,STR1534,POS944,NONPRIME,2968880358,CASH,HOME-DELIVERY,Jammu,Jammu and Kashmir,,613,Goblet Pleat Drapes,1583.0,2,3166.0
40839617,1595689270497,STR1534,POS944,NONPRIME,2968880358,CASH,HOME-DELIVERY,Jammu,Jammu and Kashmir,,618,Pencil Pleat Drapes,1140.0,1,1140.0
64996606,1595689270497,STR4899,POS447,NONPRIME,5576072500,CARD,TAKEAWAY,,,,448,Martini glass,2263.0,1,2263.0
37314242,1595689270597,STR3781,POS444,NONPRIME,9223558893,CASH,TAKEAWAY,,,,613,Goblet Pleat Drapes,1583.0,1,1583.0
37314242,1595689270597,STR3781,POS444,NONPRIME,9223558893,CASH,TAKEAWAY,,,,298,Bardic chair,1649.0,1,1649.0
37314242,1595689270597,STR3781,POS444,NONPRIME,9223558893,CASH,TAKEAWAY,,,,398,Latex Mattress,773.0,2,1546.0
27282348,1595689270597,STR4899,POS441,NONPRIME,4227803954,CASH,TAKEAWAY,,,,448,Martini glass,2263.0,2,4526.0
27282348,1595689270597,STR4899,POS441,NONPRIME,4227803954,CASH,TAKEAWAY,,,,618,Pencil Pleat Drapes,1140.0,2,2280.0
27282348,1595689270597,STR4899,POS441,NONPRIME,4227803954,CASH,TAKEAWAY,,,,448,Martini glass,2263.0,2,4526.0
27282348,1595689270597,STR4899,POS441,NONPRIME,4227803954,CASH,TAKEAWAY,,,,643,Blow torch,1955.0,2,3910.0
20833506,1595689270597,STR6382,POS851,NONPRIME,8110266676,CARD,TAKEAWAY,,,,228,Divan,1083.0,1,1083.0
49488866,1595689270697,STR3781,POS444,NONPRIME,9223558893,CASH,TAKEAWAY,,,,468,Lunch box,1467.0,2,2934.0
49488866,1595689270697,STR3781,POS444,NONPRIME,9223558893,CASH,TAKEAWAY,,,,643,Blow torch,1955.0,1,1955.0
49488866,1595689270697,STR3781,POS444,NONPRIME,9223558893,CASH,TAKEAWAY,,,,693,Mandoline,250.0,1,250.0
94201418,1595689270697,STR7443,POS365,PRIME,8790333340,CASH,HOME-DELIVERY,Bokaro Steel City,Jharkhand,,258,Closet,1687.0,2,3374.0
94201418,1595689270697,STR7443,POS365,PRIME,8790333340,CASH,HOME-DELIVERY,Bokaro Steel City,Jharkhand,,538,Grandmother clock,1301.0,1,1301.0
94201418,1595689270697,STR7443,POS365,PRIME,8790333340,CASH,HOME-DELIVERY,Bokaro Steel City,Jharkhand,,528,Projection clock,2365.0,1,2365.0
94201418,1595689270697,STR7443,POS365,PRIME,8790333340,CASH,HOME-DELIVERY,Bokaro Steel City,Jharkhand,,673,Dough scraper,980.0,2,1960.0
8749479,1595689270697,STR5864,POS872,PRIME,7589671731,CASH,HOME-DELIVERY,Imphal,Manipur,,593,Hanging curtains,1896.0,2,3792.0
8749479,1595689270697,STR5864,POS872,PRIME,7589671731,CASH,HOME-DELIVERY,Imphal,Manipur,,308,Butterfly chair,857.0,2,1714.0
8749479,1595689270697,STR5864,POS872,PRIME,7589671731,CASH,HOME-DELIVERY,Imphal,Manipur,,383,Innerspring Mattress,655.0,1,655.0
8749479,1595689270697,STR5864,POS872,PRIME,7589671731,CASH,HOME-DELIVERY,Imphal,Manipur,,423,Quilt,1485.0,1,1485.0
91509413,1595689270798,STR2629,POS253,NONPRIME,2461788838,CARD,HOME-DELIVERY,Bharatpur,Rajasthan,,528,Projection clock,2365.0,2,4730.0
91509413,1595689270798,STR2629,POS253,NONPRIME,2461788838,CARD,HOME-DELIVERY,Bharatpur,Rajasthan,,503,Chef's knife,1973.0,1,1973.0
91509413,1595689270798,STR2629,POS253,NONPRIME,2461788838,CARD,HOME-DELIVERY,Bharatpur,Rajasthan,,653,Browning tray,375.0,2,750.0
54315437,1595689270798,STR5864,POS872,PRIME,7589671731,CASH,HOME-DELIVERY,Pali,Rajasthan,,238,Dining table,1582.0,2,3164.0
54315437,1595689270798,STR5864,POS872,PRIME,7589671731,CASH,HOME-DELIVERY,Pali,Rajasthan,,273,Bedroom set,842.0,1,842.0
84526449,1595689270798,STR2952,POS152,PRIME,3027514652,CASH,TAKEAWAY,,,,458,Wine glass,1644.0,2,3288.0
4014389,1595689270898,STR5494,POS353,NONPRIME,8189067868,CASH,TAKEAWAY,,,,268,Floating shelf,1894.0,1,1894.0
36524242,1595689270898,STR3781,POS129,PRIME,4692642935,CASH,HOME-DELIVERY,Guna,Madhya Pradesh,,643,Blow torch,1955.0,1,1955.0
35058148,1595689270898,STR1534,POS135,PRIME,5582740626,CARD,TAKEAWAY,,,,668,Crab cracker,785.0,1,785.0
35058148,1595689270898,STR1534,POS135,PRIME,5582740626,CARD,TAKEAWAY,,,,658,Chinois,567.0,1,567.0
35058148,1595689270898,STR1534,POS135,PRIME,5582740626,CARD,TAKEAWAY,,,,633,Cafe Curtains,796.0,2,1592.0
95067626,1595689270999,STR2629,POS172,NONPRIME,7829975914,CASH,HOME-DELIVERY,Jammu,Jammu and Kashmir,,233,Coffee table,1055.0,1,1055.0
95067626,1595689270999,STR2629,POS172,NONPRIME,7829975914,CASH,HOME-DELIVERY,Jammu,Jammu and Kashmir,,408,Confidante,1242.0,1,1242.0
17921881,1595689270999,STR1955,POS324,NONPRIME,3916555911,CASH,HOME-DELIVERY,Raigarh,Chhattisgarh,,398,Latex Mattress,773.0,1,773.0
27927027,1595689270999,STR5646,POS968,PRIME,2220404140,CASH,HOME-DELIVERY,Pali,Rajasthan,,288,Hutch,1812.0,2,3624.0
27582761,1595689271099,STR2629,POS647,PRIME,1053863739,CASH,TAKEAWAY,,,,483,Teacups and saucers,1781.0,1,1781.0
27582761,1595689271099,STR2629,POS647,PRIME,1053863739,CASH,TAKEAWAY,,,,608,Pleated Drapes,1684.0,2,3368.0
27582761,1595689271099,STR2629,POS647,PRIME,1053863739,CASH,TAKEAWAY,,,,403,Adjustable Air Mattress,1417.0,1,1417.0
68779313,1595689271099,STR5864,POS872,PRIME,7589671731,CASH,HOME-DELIVERY,Sitapur,Uttar Pradesh,,243,Folding table,738.0,2,1476.0
68779313,1595689271099,STR5864,POS872,PRIME,7589671731,CASH,HOME-DELIVERY,Sitapur,Uttar Pradesh,,283,Portable Lamps,2236.0,2,4472.0
69885603,1595689271099,STR7255,POS115,PRIME,1682244797,CASH,HOME-DELIVERY,Ingraj Bazar,West Bengal,,618,Pencil Pleat Drapes,1140.0,1,1140.0
69885603,1595689271099,STR7255,POS115,PRIME,1682244797,CASH,HOME-DELIVERY,Ingraj Bazar,West Bengal,,648,Bottle opener,321.0,2,642.0
69885603,1595689271099,STR7255,POS115,PRIME,1682244797,CASH,HOME-DELIVERY,Ingraj Bazar,West Bengal,,613,Goblet Pleat Drapes,1583.0,1,1583.0
69885603,1595689271099,STR7255,POS115,PRIME,1682244797,CASH,HOME-DELIVERY,Ingraj Bazar,West Bengal,,553,Banjo clock,1651.0,2,3302.0
80892932,1595689271199,STR7188,POS825,PRIME,7051101351,CASH,HOME-DELIVERY,Raigarh,Chhattisgarh,,498,Carving knifes,1424.0,1,1424.0
42127776,1595689271199,STR8311,POS935,NONPRIME,5196911608,CARD,TAKEAWAY,,,,473,Mason jars,1358.0,2,2716.0
70991756,1595689271199,STR7255,POS692,NONPRIME,8891304816,CASH,TAKEAWAY,,,,513,Flip clock,1259.0,1,1259.0
70991756,1595689271199,STR7255,POS692,NONPRIME,8891304816,CASH,TAKEAWAY,,,,533,Rolling ball clock,1651.0,1,1651.0
70991756,1595689271199,STR7255,POS692,NONPRIME,8891304816,CASH,TAKEAWAY,,,,433,Depression glass,1950.0,2,3900.0
70991756,1595689271199,STR7255,POS692,NONPRIME,8891304816,CASH,TAKEAWAY,,,,268,Floating shelf,1894.0,2,3788.0
49721293,1595689271299,STR5494,POS722,PRIME,9724245321,CASH,HOME-DELIVERY,Raigarh,Chhattisgarh,,533,Rolling ball clock,1651.0,1,1651.0
49721293,1595689271299,STR5494,POS722,PRIME,9724245321,CASH,HOME-DELIVERY,Raigarh,Chhattisgarh,,393,Hybrid Mattress,2217.0,2,4434.0
49721293,1595689271299,STR5494,POS722,PRIME,9724245321,CASH,HOME-DELIVERY,Raigarh,Chhattisgarh,,443,Margarita glass,2475.0,1,2475.0
49721293,1595689271299,STR5494,POS722,PRIME,9724245321,CASH,HOME-DELIVERY,Raigarh,Chhattisgarh,,593,Hanging curtains,1896.0,2,3792.0
8112141,1595689271299,STR6347,POS927,NONPRIME,3996109634,CARD,HOME-DELIVERY,Nagpur,Maharastra,,353,Recliner,1585.0,1,1585.0
8112141,1595689271299,STR6347,POS927,NONPRIME,3996109634,CARD,HOME-DELIVERY,Nagpur,Maharastra,,383,Innerspring Mattress,655.0,1,655.0
8112141,1595689271299,STR6347,POS927,NONPRIME,3996109634,CARD,HOME-DELIVERY,Nagpur,Maharastra,,328,Dining chair,1223.0,1,1223.0
10041166,1595689271299,STR8513,POS881,NONPRIME,2599848717,CARD,TAKEAWAY,,,,648,Bottle opener,321.0,1,321.0
10041166,1595689271299,STR8513,POS881,NONPRIME,2599848717,CARD,TAKEAWAY,,,,443,Margarita glass,2475.0,1,2475.0
10041166,1595689271299,STR8513,POS881,NONPRIME,2599848717,CARD,TAKEAWAY,,,,698,Meat grinder,1250.0,2,2500.0
10041166,1595689271299,STR8513,POS881,NONPRIME,2599848717,CARD,TAKEAWAY,,,,598,Grommet Curtains,914.0,2,1828.0
59852214,1595689271415,STR8513,POS311,NONPRIME,8111613552,CASH,TAKEAWAY,,,,248,TV tray table,1947.0,1,1947.0
33537309,1595689271415,STR7443,POS388,PRIME,8714158103,CASH,HOME-DELIVERY,Ongole,Andhra Pradesh,,228,Divan,1083.0,1,1083.0
33537309,1595689271415,STR7443,POS388,PRIME,8714158103,CASH,HOME-DELIVERY,Ongole,Andhra Pradesh,,508,Kitchen knife,2483.0,2,4966.0
33537309,1595689271415,STR7443,POS388,PRIME,8714158103,CASH,HOME-DELIVERY,Ongole,Andhra Pradesh,,393,Hybrid Mattress,2217.0,2,4434.0
33537309,1595689271415,STR7443,POS388,PRIME,8714158103,CASH,HOME-DELIVERY,Ongole,Andhra Pradesh,,278,Dining set,1940.0,1,1940.0
85329621,1595689271415,STR1534,POS934,PRIME,5525406429,CASH,TAKEAWAY,,,,293,Bar stool,1148.0,2,2296.0
85329621,1595689271415,STR1534,POS934,PRIME,5525406429,CASH,TAKEAWAY,,,,493,Boning knife,513.0,1,513.0
85329621,1595689271415,STR1534,POS934,PRIME,5525406429,CASH,TAKEAWAY,,,,528,Projection clock,2365.0,1,2365.0
5776902,1595689271515,STR8513,POS582,PRIME,6705218300,CASH,TAKEAWAY,,,,668,Crab cracker,785.0,1,785.0
12259256,1595689271515,STR6347,POS994,PRIME,6296964163,CASH,TAKEAWAY,,,,323,Chiavari chair,653.0,2,1306.0
50386080,1595689271515,STR7449,POS423,PRIME,7691699125,CASH,HOME-DELIVERY,Ahmadnagar,Maharastra,,268,Floating shelf,1894.0,1,1894.0
20528409,1595689271616,STR1955,POS324,NONPRIME,3916555911,CASH,HOME-DELIVERY,Karnal,Haryana,,233,Coffee table,1055.0,1,1055.0
20528409,1595689271616,STR1955,POS324,NONPRIME,3916555911,CASH,HOME-DELIVERY,Karnal,Haryana,,643,Blow torch,1955.0,1,1955.0
89292137,1595689271616,STR6162,POS868,NONPRIME,9282685191,CARD,HOME-DELIVERY,Mangalore,Karnataka,,548,Cartel clock,1500.0,2,3000.0
89292137,1595689271616,STR6162,POS868,NONPRIME,9282685191,CARD,HOME-DELIVERY,Mangalore,Karnataka,,238,Dining table,1582.0,1,1582.0
72316240,1595689271616,STR2952,POS351,NONPRIME,2024774071,CASH,HOME-DELIVERY,Hathras,Uttar Pradesh,,623,Box Pleat Drapes,1683.0,1,1683.0
29460919,1595689271716,STR3781,POS843,NONPRIME,1191112820,CARD,HOME-DELIVERY,Puri,Odisha,,593,Hanging curtains,1896.0,2,3792.0
29460919,1595689271716,STR3781,POS843,NONPRIME,1191112820,CARD,HOME-DELIVERY,Puri,Odisha,,358,Restraint chair,1943.0,2,3886.0
1506443,1595689271716,STR6162,POS431,NONPRIME,8651346374,CARD,HOME-DELIVERY,Jodhpur,Rajasthan,,218,Sofa bed,895.0,2,1790.0
1506443,1595689271716,STR6162,POS431,NONPRIME,8651346374,CARD,HOME-DELIVERY,Jodhpur,Rajasthan,,658,Chinois,567.0,2,1134.0
1506443,1595689271716,STR6162,POS431,NONPRIME,8651346374,CARD,HOME-DELIVERY,Jodhpur,Rajasthan,,673,Dough scraper,980.0,2,1960.0
1506443,1595689271716,STR6162,POS431,NONPRIME,8651346374,CARD,HOME-DELIVERY,Jodhpur,Rajasthan,,253,Bathroom cabinet,1513.0,2,3026.0
55542199,1595689271716,STR6347,POS927,NONPRIME,3996109634,CARD,HOME-DELIVERY,Dehradun,Uttarakhand,,328,Dining chair,1223.0,1,1223.0
55542199,1595689271716,STR6347,POS927,NONPRIME,3996109634,CARD,HOME-DELIVERY,Dehradun,Uttarakhand,,228,Divan,1083.0,1,1083.0
55542199,1595689271716,STR6347,POS927,NONPRIME,3996109634,CARD,HOME-DELIVERY,Dehradun,Uttarakhand,,518,Hourglass,1598.0,2,3196.0
55542199,1595689271716,STR6347,POS927,NONPRIME,3996109634,CARD,HOME-DELIVERY,Dehradun,Uttarakhand,,458,Wine glass,1644.0,1,1644.0
84546846,1595689271817,STR2629,POS253,NONPRIME,2461788838,CARD,HOME-DELIVERY,Jammu,Jammu and Kashmir,,683,Grater,370.0,2,740.0
84546846,1595689271817,STR2629,POS253,NONPRIME,2461788838,CARD,HOME-DELIVERY,Jammu,Jammu and Kashmir,,393,Hybrid Mattress,2217.0,1,2217.0
85556599,1595689271817,STR5494,POS121,PRIME,9509332022,CARD,TAKEAWAY,,,,313,Brewster Chair,2195.0,1,2195.0
85556599,1595689271817,STR5494,POS121,PRIME,9509332022,CARD,TAKEAWAY,,,,618,Pencil Pleat Drapes,1140.0,2,2280.0
13489609,1595689271817,STR7255,POS115,PRIME,1682244797,CASH,HOME-DELIVERY,Tiruvottiyur,Tamil Nadu,,568,Pinch Pleated Curtains,1718.0,1,1718.0
13489609,1595689271817,STR7255,POS115,PRIME,1682244797,CASH,HOME-DELIVERY,Tiruvottiyur,Tamil Nadu,,243,Folding table,738.0,1,738.0
13489609,1595689271817,STR7255,POS115,PRIME,1682244797,CASH,HOME-DELIVERY,Tiruvottiyur,Tamil Nadu,,428,Cocktail glass,1422.0,1,1422.0
90869005,1595689271917,STR5494,POS384,NONPRIME,6048272250,CARD,HOME-DELIVERY,Ahmadnagar,Maharastra,,298,Bardic chair,1649.0,2,3298.0
4969169,1595689271917,STR6162,POS987,NONPRIME,8071065242,CASH,TAKEAWAY,,,,518,Hourglass,1598.0,1,1598.0
4969169,1595689271917,STR6162,POS987,NONPRIME,8071065242,CASH,TAKEAWAY,,,,453,Shot glass,674.0,2,1348.0
4969169,1595689271917,STR6162,POS987,NONPRIME,8071065242,CASH,TAKEAWAY,,,,473,Mason jars,1358.0,2,2716.0
26063318,1595689271917,STR7188,POS664,PRIME,9316477281,CARD,HOME-DELIVERY,Muzaffarpur,Bihar,,333,Gaming chair,1902.0,2,3804.0
26063318,1595689271917,STR7188,POS664,PRIME,9316477281,CARD,HOME-DELIVERY,Muzaffarpur,Bihar,,408,Confidante,1242.0,1,1242.0
26063318,1595689271917,STR7188,POS664,PRIME,9316477281,CARD,HOME-DELIVERY,Muzaffarpur,Bihar,,473,Mason jars,1358.0,2,2716.0
26063318,1595689271917,STR7188,POS664,PRIME,9316477281,CARD,HOME-DELIVERY,Muzaffarpur,Bihar,,448,Martini glass,2263.0,1,2263.0
71917073,1595689272017,STR1534,POS135,PRIME,5582740626,CARD,TAKEAWAY,,,,503,Chef's knife,1973.0,1,1973.0
71917073,1595689272017,STR1534,POS135,PRIME,5582740626,CARD,TAKEAWAY,,,,333,Gaming chair,1902.0,1,1902.0
71917073,1595689272017,STR1534,POS135,PRIME,5582740626,CARD,TAKEAWAY,,,,233,Coffee table,1055.0,2,2110.0
71917073,1595689272017,STR1534,POS135,PRIME,5582740626,CARD,TAKEAWAY,,,,343,Massage chair,1354.0,2,2708.0
86099681,1595689272017,STR7443,POS333,NONPRIME,5483488802,CASH,HOME-DELIVERY,Karnal,Haryana,,288,Hutch,1812.0,2,3624.0
33888375,1595689272017,STR5646,POS624,PRIME,8109010950,CASH,TAKEAWAY,,,,243,Folding table,738.0,2,1476.0
60550011,1595689272118,STR5646,POS543,NONPRIME,5947487902,CARD,HOME-DELIVERY,Guna,Madhya Pradesh,,673,Dough scraper,980.0,1,980.0
60550011,1595689272118,STR5646,POS543,NONPRIME,5947487902,CARD,HOME-DELIVERY,Guna,Madhya Pradesh,,418,Wing chair,1431.0,1,1431.0
43209946,1595689272118,STR7262,POS664,NONPRIME,2954913332,CARD,HOME-DELIVERY,Banda,Uttar Pradesh,,328,Dining chair,1223.0,2,2446.0
43209946,1595689272118,STR7262,POS664,NONPRIME,2954913332,CARD,HOME-DELIVERY,Banda,Uttar Pradesh,,248,TV tray table,1947.0,1,1947.0
43209946,1595689272118,STR7262,POS664,NONPRIME,2954913332,CARD,HOME-DELIVERY,Banda,Uttar Pradesh,,588,Sheer Curtains,801.0,2,1602.0
43209946,1595689272118,STR7262,POS664,NONPRIME,2954913332,CARD,HOME-DELIVERY,Banda,Uttar Pradesh,,328,Dining chair,1223.0,2,2446.0
43209946,1595689272118,STR7262,POS664,NONPRIME,2954913332,CARD,HOME-DELIVERY,Banda,Uttar Pradesh,,248,TV tray table,1947.0,1,1947.0
43209946,1595689272118,STR7262,POS664,NONPRIME,2954913332,CARD,HOME-DELIVERY,Banda,Uttar Pradesh,,588,Sheer Curtains,801.0,2,1602.0
27092013,1595689272218,STR8513,POS155,NONPRIME,2389018842,CASH,HOME-DELIVERY,Nagaon,Assam,,513,Flip clock,1259.0,1,1259.0
20883941,1595689272218,STR4899,POS447,NONPRIME,5576072500,CARD,TAKEAWAY,,,,323,Chiavari chair,653.0,2,1306.0
20883941,1595689272218,STR4899,POS447,NONPRIME,5576072500,CARD,TAKEAWAY,,,,338,Kneeling chairs,442.0,1,442.0
24258284,1595689272218,STR2699,POS832,NONPRIME,4552039054,CASH,HOME-DELIVERY,Ahmadnagar,Maharastra,,278,Dining set,1940.0,2,3880.0
24258284,1595689272218,STR2699,POS832,NONPRIME,4552039054,CASH,HOME-DELIVERY,Ahmadnagar,Maharastra,,268,Floating shelf,1894.0,2,3788.0
71706826,1595689272318,STR3781,POS843,NONPRIME,1191112820,CARD,HOME-DELIVERY,Secunderabad,Andhra Pradesh,,523,Oil-lamp clock,1371.0,1,1371.0
71706826,1595689272318,STR3781,POS843,NONPRIME,1191112820,CARD,HOME-DELIVERY,Secunderabad,Andhra Pradesh,,633,Cafe Curtains,796.0,1,796.0
71706826,1595689272318,STR3781,POS843,NONPRIME,1191112820,CARD,HOME-DELIVERY,Secunderabad,Andhra Pradesh,,593,Hanging curtains,1896.0,2,3792.0
71706826,1595689272318,STR3781,POS843,NONPRIME,1191112820,CARD,HOME-DELIVERY,Secunderabad,Andhra Pradesh,,323,Chiavari chair,653.0,2,1306.0
47250031,1595689272318,STR6162,POS835,NONPRIME,5611417583,CARD,TAKEAWAY,,,,683,Grater,370.0,2,740.0
47250031,1595689272318,STR6162,POS835,NONPRIME,5611417583,CARD,TAKEAWAY,,,,318,Bofinger chair,1119.0,2,2238.0
63721679,1595689272318,STR2952,POS351,NONPRIME,2024774071,CASH,HOME-DELIVERY,Eluru,Andhra Pradesh,,233,Coffee table,1055.0,2,2110.0
98611923,1595689272419,STR6162,POS279,PRIME,2262471989,CASH,HOME-DELIVERY,Rishra,West Bengal,,588,Sheer Curtains,801.0,2,1602.0
98611923,1595689272419,STR6162,POS279,PRIME,2262471989,CASH,HOME-DELIVERY,Rishra,West Bengal,,333,Gaming chair,1902.0,2,3804.0
98611923,1595689272419,STR6162,POS279,PRIME,2262471989,CASH,HOME-DELIVERY,Rishra,West Bengal,,673,Dough scraper,980.0,1,980.0
69158643,1595689272419,STR7443,POS388,PRIME,8714158103,CASH,HOME-DELIVERY,Kolkata,West Bengal,,338,Kneeling chairs,442.0,2,884.0
69158643,1595689272419,STR7443,POS388,PRIME,8714158103,CASH,HOME-DELIVERY,Kolkata,West Bengal,,398,Latex Mattress,773.0,1,773.0
69158643,1595689272419,STR7443,POS388,PRIME,8714158103,CASH,HOME-DELIVERY,Kolkata,West Bengal,,358,Restraint chair,1943.0,1,1943.0
34378593,1595689272419,STR7262,POS581,NONPRIME,6218924818,CARD,TAKEAWAY,,,,353,Recliner,1585.0,2,3170.0
34378593,1595689272419,STR7262,POS581,NONPRIME,6218924818,CARD,TAKEAWAY,,,,448,Martini glass,2263.0,1,2263.0
19836124,1595689272519,STR7449,POS423,PRIME,7691699125,CASH,HOME-DELIVERY,Serampore,West Bengal,,633,Cafe Curtains,796.0,2,1592.0
19836124,1595689272519,STR7449,POS423,PRIME,7691699125,CASH,HOME-DELIVERY,Serampore,West Bengal,,443,Margarita glass,2475.0,1,2475.0
19836124,1595689272519,STR7449,POS423,PRIME,7691699125,CASH,HOME-DELIVERY,Serampore,West Bengal,,593,Hanging curtains,1896.0,1,1896.0
61961317,1595689272519,STR5864,POS465,NONPRIME,1211843745,CARD,TAKEAWAY,,,,698,Meat grinder,1250.0,1,1250.0
61961317,1595689272519,STR5864,POS465,NONPRIME,1211843745,CARD,TAKEAWAY,,,,398,Latex Mattress,773.0,2,1546.0
23855151,1595689272519,STR5864,POS878,NONPRIME,9728415172,CARD,TAKEAWAY,,,,358,Restraint chair,1943.0,1,1943.0
23855151,1595689272519,STR5864,POS878,NONPRIME,9728415172,CARD,TAKEAWAY,,,,208,Canopy bed,508.0,1,508.0
23855151,1595689272519,STR5864,POS878,NONPRIME,9728415172,CARD,TAKEAWAY,,,,518,Hourglass,1598.0,1,1598.0
23855151,1595689272519,STR5864,POS878,NONPRIME,9728415172,CARD,TAKEAWAY,,,,563,Chiming clock,2168.0,2,4336.0
49504896,1595689272619,STR5494,POS121,PRIME,9509332022,CARD,TAKEAWAY,,,,348,Navy chair,1998.0,2,3996.0
49504896,1595689272619,STR5494,POS121,PRIME,9509332022,CARD,TAKEAWAY,,,,503,Chef's knife,1973.0,2,3946.0
49504896,1595689272619,STR5494,POS121,PRIME,9509332022,CARD,TAKEAWAY,,,,363,Rocking chair,2021.0,1,2021.0
26583018,1595689272619,STR8513,POS155,NONPRIME,2389018842,CASH,HOME-DELIVERY,Jammu,Jammu and Kashmir,,438,Lead glass,2069.0,2,4138.0
89075310,1595689272619,STR4899,POS799,PRIME,2325763742,CASH,HOME-DELIVERY,Bahraich,Uttar Pradesh,,413,Slipcover,1896.0,2,3792.0
29703976,1595689272720,STR6382,POS968,PRIME,4148565252,CASH,HOME-DELIVERY,Eluru,Andhra Pradesh,,643,Blow torch,1955.0,1,1955.0
29703976,1595689272720,STR6382,POS968,PRIME,4148565252,CASH,HOME-DELIVERY,Eluru,Andhra Pradesh,,648,Bottle opener,321.0,1,321.0
29703976,1595689272720,STR6382,POS968,PRIME,4148565252,CASH,HOME-DELIVERY,Eluru,Andhra Pradesh,,238,Dining table,1582.0,2,3164.0
66637200,1595689272720,STR7449,POS423,PRIME,7691699125,CASH,HOME-DELIVERY,Gonda,Uttar Pradesh,,488,Bread knife,1077.0,1,1077.0
8104586,1595689272720,STR5646,POS639,PRIME,9711257112,CARD,HOME-DELIVERY,Dehradun,Uttarakhand,,403,Adjustable Air Mattress,1417.0,2,2834.0
8104586,1595689272720,STR5646,POS639,PRIME,9711257112,CARD,HOME-DELIVERY,Dehradun,Uttarakhand,,648,Bottle opener,321.0,1,321.0
8104586,1595689272720,STR5646,POS639,PRIME,9711257112,CARD,HOME-DELIVERY,Dehradun,Uttarakhand,,658,Chinois,567.0,1,567.0
8104586,1595689272720,STR5646,POS639,PRIME,9711257112,CARD,HOME-DELIVERY,Dehradun,Uttarakhand,,258,Closet,1687.0,2,3374.0
17635985,1595689272820,STR1955,POS324,NONPRIME,3916555911,CASH,HOME-DELIVERY,Unnao,Uttar Pradesh,,278,Dining set,1940.0,2,3880.0
29861907,1595689272820,STR8513,POS881,NONPRIME,2599848717,CARD,TAKEAWAY,,,,463,Cookie jars,793.0,2,1586.0
24201582,1595689272820,STR1534,POS151,NONPRIME,7061658033,CASH,HOME-DELIVERY,Mandasor,Madhya Pradesh,,603,Sheer Curtains,1282.0,1,1282.0
24201582,1595689272820,STR1534,POS151,NONPRIME,7061658033,CASH,HOME-DELIVERY,Mandasor,Madhya Pradesh,,513,Flip clock,1259.0,1,1259.0
65351547,1595689272921,STR6162,POS431,NONPRIME,8651346374,CARD,HOME-DELIVERY,Serampore,West Bengal,,518,Hourglass,1598.0,1,1598.0
9965511,1595689272921,STR1955,POS837,NONPRIME,7136581152,CASH,HOME-DELIVERY,Patna,Bihar,,498,Carving knifes,1424.0,1,1424.0
9965511,1595689272921,STR1955,POS837,NONPRIME,7136581152,CASH,HOME-DELIVERY,Patna,Bihar,,608,Pleated Drapes,1684.0,2,3368.0
74821314,1595689272921,STR1534,POS151,NONPRIME,7061658033,CASH,HOME-DELIVERY,Bokaro Steel City,Jharkhand,,323,Chiavari chair,653.0,2,1306.0
88461359,1595689273036,STR5646,POS543,NONPRIME,5947487902,CARD,HOME-DELIVERY,Guna,Madhya Pradesh,,488,Bread knife,1077.0,1,1077.0
88461359,1595689273036,STR5646,POS543,NONPRIME,5947487902,CARD,HOME-DELIVERY,Guna,Madhya Pradesh,,408,Confidante,1242.0,2,2484.0
88461359,1595689273036,STR5646,POS543,NONPRIME,5947487902,CARD,HOME-DELIVERY,Guna,Madhya Pradesh,,283,Portable Lamps,2236.0,1,2236.0
88461359,1595689273036,STR5646,POS543,NONPRIME,5947487902,CARD,HOME-DELIVERY,Guna,Madhya Pradesh,,558,Balloon clock,1633.0,2,3266.0
65209904,1595689273036,STR7443,POS388,PRIME,8714158103,CASH,HOME-DELIVERY,Mathura,Uttar Pradesh,,418,Wing chair,1431.0,2,2862.0
65209904,1595689273036,STR7443,POS388,PRIME,8714158103,CASH,HOME-DELIVERY,Mathura,Uttar Pradesh,,348,Navy chair,1998.0,2,3996.0
65209904,1595689273036,STR7443,POS388,PRIME,8714158103,CASH,HOME-DELIVERY,Mathura,Uttar Pradesh,,553,Banjo clock,1651.0,2,3302.0
26343352,1595689273036,STR5864,POS132,NONPRIME,6909538460,CASH,HOME-DELIVERY,Dehri,Bihar,,243,Folding table,738.0,2,1476.0
26343352,1595689273036,STR5864,POS132,NONPRIME,6909538460,CASH,HOME-DELIVERY,Dehri,Bihar,,428,Cocktail glass,1422.0,2,2844.0
26343352,1595689273036,STR5864,POS132,NONPRIME,6909538460,CASH,HOME-DELIVERY,Dehri,Bihar,,248,TV tray table,1947.0,2,3894.0
26343352,1595689273036,STR5864,POS132,NONPRIME,6909538460,CASH,HOME-DELIVERY,Dehri,Bihar,,673,Dough scraper,980.0,1,980.0
76620756,1595689273136,STR7188,POS198,PRIME,5733357005,CARD,HOME-DELIVERY,Multan,Punjab,,423,Quilt,1485.0,1,1485.0
76620756,1595689273136,STR7188,POS198,PRIME,5733357005,CARD,HOME-DELIVERY,Multan,Punjab,,398,Latex Mattress,773.0,2,1546.0
14824075,1595689273136,STR2699,POS832,NONPRIME,4552039054,CASH,HOME-DELIVERY,Bokaro Steel City,Jharkhand,,358,Restraint chair,1943.0,1,1943.0
14824075,1595689273136,STR2699,POS832,NONPRIME,4552039054,CASH,HOME-DELIVERY,Bokaro Steel City,Jharkhand,,383,Innerspring Mattress,655.0,1,655.0
14824075,1595689273136,STR2699,POS832,NONPRIME,4552039054,CASH,HOME-DELIVERY,Bokaro Steel City,Jharkhand,,648,Bottle opener,321.0,1,321.0
60637913,1595689273136,STR5864,POS465,NONPRIME,1211843745,CARD,TAKEAWAY,,,,343,Massage chair,1354.0,1,1354.0
60637913,1595689273136,STR5864,POS465,NONPRIME,1211843745,CARD,TAKEAWAY,,,,523,Oil-lamp clock,1371.0,1,1371.0
60637913,1595689273136,STR5864,POS465,NONPRIME,1211843745,CARD,TAKEAWAY,,,,543,Lighthouse clock,636.0,1,636.0
90843810,1595689273237,STR5864,POS132,NONPRIME,6909538460,CASH,HOME-DELIVERY,Mathura,Uttar Pradesh,,428,Cocktail glass,1422.0,1,1422.0
42684313,1595689273237,STR6382,POS851,NONPRIME,8110266676,CARD,TAKEAWAY,,,,688,Ladle,570.0,2,1140.0
42684313,1595689273237,STR6382,POS851,NONPRIME,8110266676,CARD,TAKEAWAY,,,,238,Dining table,1582.0,2,3164.0
42684313,1595689273237,STR6382,POS851,NONPRIME,8110266676,CARD,TAKEAWAY,,,,208,Canopy bed,508.0,1,508.0
42684313,1595689273237,STR6382,POS851,NONPRIME,8110266676,CARD,TAKEAWAY,,,,618,Pencil Pleat Drapes,1140.0,1,1140.0
31604095,1595689273237,STR7255,POS692,NONPRIME,8891304816,CASH,TAKEAWAY,,,,488,Bread knife,1077.0,2,2154.0
49746938,1595689273337,STR2952,POS663,NONPRIME,7928716562,CASH,HOME-DELIVERY,Satna,Madhya Pradesh,,658,Chinois,567.0,2,1134.0
49746938,1595689273337,STR2952,POS663,NONPRIME,7928716562,CASH,HOME-DELIVERY,Satna,Madhya Pradesh,,473,Mason jars,1358.0,2,2716.0
49746938,1595689273337,STR2952,POS663,NONPRIME,7928716562,CASH,HOME-DELIVERY,Satna,Madhya Pradesh,,663,Corkscrew,983.0,2,1966.0
49746938,1595689273337,STR2952,POS663,NONPRIME,7928716562,CASH,HOME-DELIVERY,Satna,Madhya Pradesh,,208,Canopy bed,508.0,1,508.0
24912984,1595689273337,STR3781,POS444,NONPRIME,9223558893,CASH,TAKEAWAY,,,,573,Eyelet Curtains,642.0,2,1284.0
24912984,1595689273337,STR3781,POS444,NONPRIME,9223558893,CASH,TAKEAWAY,,,,408,Confidante,1242.0,1,1242.0
24912984,1595689273337,STR3781,POS444,NONPRIME,9223558893,CASH,TAKEAWAY,,,,478,Teapot,885.0,2,1770.0
24912984,1595689273337,STR3781,POS444,NONPRIME,9223558893,CASH,TAKEAWAY,,,,573,Eyelet Curtains,642.0,2,1284.0
24912984,1595689273337,STR3781,POS444,NONPRIME,9223558893,CASH,TAKEAWAY,,,,408,Confidante,1242.0,1,1242.0
24912984,1595689273337,STR3781,POS444,NONPRIME,9223558893,CASH,TAKEAWAY,,,,478,Teapot,885.0,2,1770.0
90685174,1595689273438,STR6347,POS856,NONPRIME,5724653917,CASH,TAKEAWAY,,,,558,Balloon clock,1633.0,2,3266.0
90685174,1595689273438,STR6347,POS856,NONPRIME,5724653917,CASH,TAKEAWAY,,,,323,Chiavari chair,653.0,1,653.0
12433136,1595689273438,STR2629,POS253,NONPRIME,2461788838,CARD,HOME-DELIVERY,Adoni,Andhra Pradesh,,283,Portable Lamps,2236.0,2,4472.0
12433136,1595689273438,STR2629,POS253,NONPRIME,2461788838,CARD,HOME-DELIVERY,Adoni,Andhra Pradesh,,583,Tab Top Curtains,1329.0,2,2658.0
12433136,1595689273438,STR2629,POS253,NONPRIME,2461788838,CARD,HOME-DELIVERY,Adoni,Andhra Pradesh,,658,Chinois,567.0,2,1134.0
12433136,1595689273438,STR2629,POS253,NONPRIME,2461788838,CARD,HOME-DELIVERY,Adoni,Andhra Pradesh,,348,Navy chair,1998.0,1,1998.0
45656417,1595689273438,STR2952,POS663,NONPRIME,7928716562,CASH,HOME-DELIVERY,Eluru,Andhra Pradesh,,613,Goblet Pleat Drapes,1583.0,2,3166.0
56145238,1595689273553,STR8513,POS582,PRIME,6705218300,CASH,TAKEAWAY,,,,448,Martini glass,2263.0,2,4526.0
65265850,1595689273553,STR6347,POS622,PRIME,5697125813,CARD,HOME-DELIVERY,Shivapuri,Madhya Pradesh,,453,Shot glass,674.0,2,1348.0
65265850,1595689273553,STR6347,POS622,PRIME,5697125813,CARD,HOME-DELIVERY,Shivapuri,Madhya Pradesh,,348,Navy chair,1998.0,1,1998.0
65265850,1595689273553,STR6347,POS622,PRIME,5697125813,CARD,HOME-DELIVERY,Shivapuri,Madhya Pradesh,,473,Mason jars,1358.0,2,2716.0
40741822,1595689273553,STR7262,POS733,PRIME,1518460232,CASH,TAKEAWAY,,,,478,Teapot,885.0,1,885.0
61581210,1595689273654,STR3781,POS129,PRIME,4692642935,CASH,HOME-DELIVERY,Mango,Jharkhand,,688,Ladle,570.0,2,1140.0
13963373,1595689273654,STR8311,POS224,NONPRIME,2989852024,CASH,TAKEAWAY,,,,638,Baster,1214.0,1,1214.0
82664033,1595689273654,STR1534,POS135,PRIME,5582740626,CARD,TAKEAWAY,,,,423,Quilt,1485.0,2,2970.0
82664033,1595689273654,STR1534,POS135,PRIME,5582740626,CARD,TAKEAWAY,,,,508,Kitchen knife,2483.0,1,2483.0
82664033,1595689273654,STR1534,POS135,PRIME,5582740626,CARD,TAKEAWAY,,,,313,Brewster Chair,2195.0,2,4390.0
25196207,1595689273754,STR8513,POS155,NONPRIME,2389018842,CASH,HOME-DELIVERY,Murwara,Madhya Pradesh,,683,Grater,370.0,1,370.0
74762884,1595689273754,STR5494,POS722,PRIME,9724245321,CASH,HOME-DELIVERY,Faridabad,Haryana,,673,Dough scraper,980.0,2,1960.0
74762884,1595689273754,STR5494,POS722,PRIME,9724245321,CASH,HOME-DELIVERY,Faridabad,Haryana,,488,Bread knife,1077.0,1,1077.0
74762884,1595689273754,STR5494,POS722,PRIME,9724245321,CASH,HOME-DELIVERY,Faridabad,Haryana,,403,Adjustable Air Mattress,1417.0,2,2834.0
74762884,1595689273754,STR5494,POS722,PRIME,9724245321,CASH,HOME-DELIVERY,Faridabad,Haryana,,653,Browning tray,375.0,2,750.0
53486363,1595689273754,STR3781,POS978,NONPRIME,6244229107,CARD,TAKEAWAY,,,,568,Pinch Pleated Curtains,1718.0,1,1718.0
53486363,1595689273754,STR3781,POS978,NONPRIME,6244229107,CARD,TAKEAWAY,,,,203,Bunk bed,1686.0,1,1686.0
53486363,1595689273754,STR3781,POS978,NONPRIME,6244229107,CARD,TAKEAWAY,,,,613,Goblet Pleat Drapes,1583.0,2,3166.0
53486363,1595689273754,STR3781,POS978,NONPRIME,6244229107,CARD,TAKEAWAY,,,,298,Bardic chair,1649.0,1,1649.0
74269447,1595689273854,STR7443,POS365,PRIME,8790333340,CASH,HOME-DELIVERY,Jodhpur,Rajasthan,,578,Goblet Pleat Curtains,1765.0,2,3530.0
74269447,1595689273854,STR7443,POS365,PRIME,8790333340,CASH,HOME-DELIVERY,Jodhpur,Rajasthan,,663,Corkscrew,983.0,1,983.0
20251764,1595689273854,STR4899,POS799,PRIME,2325763742,CASH,HOME-DELIVERY,Murwara,Madhya Pradesh,,518,Hourglass,1598.0,2,3196.0
20251764,1595689273854,STR4899,POS799,PRIME,2325763742,CASH,HOME-DELIVERY,Murwara,Madhya Pradesh,,458,Wine glass,1644.0,1,1644.0
20251764,1595689273854,STR4899,POS799,PRIME,2325763742,CASH,HOME-DELIVERY,Murwara,Madhya Pradesh,,498,Carving knifes,1424.0,2,2848.0
33743105,1595689273854,STR1534,POS135,PRIME,5582740626,CARD,TAKEAWAY,,,,538,Grandmother clock,1301.0,1,1301.0
33743105,1595689273854,STR1534,POS135,PRIME,5582740626,CARD,TAKEAWAY,,,,273,Bedroom set,842.0,2,1684.0
33743105,1595689273854,STR1534,POS135,PRIME,5582740626,CARD,TAKEAWAY,,,,333,Gaming chair,1902.0,2,3804.0
24966488,1595689273955,STR8311,POS975,NONPRIME,4680751410,CARD,TAKEAWAY,,,,598,Grommet Curtains,914.0,2,1828.0
24966488,1595689273955,STR8311,POS975,NONPRIME,4680751410,CARD,TAKEAWAY,,,,313,Brewster Chair,2195.0,1,2195.0
45415924,1595689273955,STR1534,POS151,NONPRIME,7061658033,CASH,HOME-DELIVERY,Gudivada,Andhra Pradesh,,223,Hammock,1210.0,1,1210.0
31364163,1595689273955,STR2952,POS471,NONPRIME,9741556539,CASH,TAKEAWAY,,,,373,Latex Mattress,1313.0,2,2626.0
31364163,1595689273955,STR2952,POS471,NONPRIME,9741556539,CASH,TAKEAWAY,,,,423,Quilt,1485.0,1,1485.0
31364163,1595689273955,STR2952,POS471,NONPRIME,9741556539,CASH,TAKEAWAY,,,,508,Kitchen knife,2483.0,2,4966.0
31364163,1595689273955,STR2952,POS471,NONPRIME,9741556539,CASH,TAKEAWAY,,,,673,Dough scraper,980.0,1,980.0
88305923,1595689274055,STR2629,POS172,NONPRIME,7829975914,CASH,HOME-DELIVERY,Faridabad,Haryana,,293,Bar stool,1148.0,2,2296.0
88305923,1595689274055,STR2629,POS172,NONPRIME,7829975914,CASH,HOME-DELIVERY,Faridabad,Haryana,,408,Confidante,1242.0,1,1242.0
88305923,1595689274055,STR2629,POS172,NONPRIME,7829975914,CASH,HOME-DELIVERY,Faridabad,Haryana,,473,Mason jars,1358.0,2,2716.0
31656250,1595689274055,STR5864,POS945,PRIME,5305473526,CARD,HOME-DELIVERY,Rishra,West Bengal,,233,Coffee table,1055.0,1,1055.0
31656250,1595689274055,STR5864,POS945,PRIME,5305473526,CARD,HOME-DELIVERY,Rishra,West Bengal,,443,Margarita glass,2475.0,2,4950.0
31656250,1595689274055,STR5864,POS945,PRIME,5305473526,CARD,HOME-DELIVERY,Rishra,West Bengal,,218,Sofa bed,895.0,1,895.0
31656250,1595689274055,STR5864,POS945,PRIME,5305473526,CARD,HOME-DELIVERY,Rishra,West Bengal,,473,Mason jars,1358.0,2,2716.0
99389273,1595689274055,STR2699,POS832,NONPRIME,4552039054,CASH,HOME-DELIVERY,Palakkad,Kerala,,658,Chinois,567.0,1,567.0
76899885,1595689274155,STR3781,POS843,NONPRIME,1191112820,CARD,HOME-DELIVERY,Chapra,Bihar,,523,Oil-lamp clock,1371.0,1,1371.0
76899885,1595689274155,STR3781,POS843,NONPRIME,1191112820,CARD,HOME-DELIVERY,Chapra,Bihar,,293,Bar stool,1148.0,2,2296.0
76899885,1595689274155,STR3781,POS843,NONPRIME,1191112820,CARD,HOME-DELIVERY,Chapra,Bihar,,508,Kitchen knife,2483.0,2,4966.0
77611266,1595689274155,STR5494,POS121,PRIME,9509332022,CARD,TAKEAWAY,,,,648,Bottle opener,321.0,1,321.0
18379869,1595689274155,STR7262,POS576,NONPRIME,2016894106,CARD,TAKEAWAY,,,,498,Carving knifes,1424.0,2,2848.0
18379869,1595689274155,STR7262,POS576,NONPRIME,2016894106,CARD,TAKEAWAY,,,,293,Bar stool,1148.0,2,2296.0
18379869,1595689274155,STR7262,POS576,NONPRIME,2016894106,CARD,TAKEAWAY,,,,243,Folding table,738.0,1,738.0
76913108,1595689274256,STR7188,POS825,PRIME,7051101351,CASH,HOME-DELIVERY,Shivapuri,Madhya Pradesh,,448,Martini glass,2263.0,2,4526.0
1674312,1595689274256,STR7443,POS365,PRIME,8790333340,CASH,HOME-DELIVERY,Serampore,West Bengal,,678,Fillet knife,350.0,1,350.0
1674312,1595689274256,STR7443,POS365,PRIME,8790333340,CASH,HOME-DELIVERY,Serampore,West Bengal,,308,Butterfly chair,857.0,1,857.0
73171410,1595689274256,STR8311,POS728,PRIME,8490473378,CASH,HOME-DELIVERY,Pali,Rajasthan,,613,Goblet Pleat Drapes,1583.0,1,1583.0
73171410,1595689274256,STR8311,POS728,PRIME,8490473378,CASH,HOME-DELIVERY,Pali,Rajasthan,,433,Depression glass,1950.0,2,3900.0
28402963,1595689274356,STR7188,POS956,PRIME,4629185211,CARD,TAKEAWAY,,,,373,Latex Mattress,1313.0,2,2626.0
28402963,1595689274356,STR7188,POS956,PRIME,4629185211,CARD,TAKEAWAY,,,,378,Air Bed,2263.0,1,2263.0
28402963,1595689274356,STR7188,POS956,PRIME,4629185211,CARD,TAKEAWAY,,,,543,Lighthouse clock,636.0,1,636.0
28402963,1595689274356,STR7188,POS956,PRIME,4629185211,CARD,TAKEAWAY,,,,408,Confidante,1242.0,2,2484.0
85069016,1595689274356,STR8311,POS975,NONPRIME,4680751410,CARD,TAKEAWAY,,,,478,Teapot,885.0,1,885.0
85069016,1595689274356,STR8311,POS975,NONPRIME,4680751410,CARD,TAKEAWAY,,,,658,Chinois,567.0,1,567.0
34820882,1595689274356,STR2699,POS792,PRIME,7475384243,CASH,HOME-DELIVERY,Nagpur,Maharastra,,643,Blow torch,1955.0,1,1955.0
34820882,1595689274356,STR2699,POS792,PRIME,7475384243,CASH,HOME-DELIVERY,Nagpur,Maharastra,,548,Cartel clock,1500.0,1,1500.0
34820882,1595689274356,STR2699,POS792,PRIME,7475384243,CASH,HOME-DELIVERY,Nagpur,Maharastra,,503,Chef's knife,1973.0,2,3946.0
297595,1595689274472,STR2629,POS647,PRIME,1053863739,CASH,TAKEAWAY,,,,673,Dough scraper,980.0,1,980.0
297595,1595689274472,STR2629,POS647,PRIME,1053863739,CASH,TAKEAWAY,,,,473,Mason jars,1358.0,1,1358.0
297595,1595689274472,STR2629,POS647,PRIME,1053863739,CASH,TAKEAWAY,,,,273,Bedroom set,842.0,2,1684.0
96386498,1595689274472,STR5494,POS759,NONPRIME,4937932830,CARD,HOME-DELIVERY,Muzaffarnagar,Uttar Pradesh,,253,Bathroom cabinet,1513.0,1,1513.0
96386498,1595689274472,STR5494,POS759,NONPRIME,4937932830,CARD,HOME-DELIVERY,Muzaffarnagar,Uttar Pradesh,,368,Stool,888.0,2,1776.0
96386498,1595689274472,STR5494,POS759,NONPRIME,4937932830,CARD,HOME-DELIVERY,Muzaffarnagar,Uttar Pradesh,,563,Chiming clock,2168.0,2,4336.0
96386498,1595689274472,STR5494,POS759,NONPRIME,4937932830,CARD,HOME-DELIVERY,Muzaffarnagar,Uttar Pradesh,,213,Infant bed,1755.0,2,3510.0
83485926,1595689274472,STR7255,POS738,NONPRIME,8582181693,CASH,TAKEAWAY,,,,538,Grandmother clock,1301.0,1,1301.0
83485926,1595689274472,STR7255,POS738,NONPRIME,8582181693,CASH,TAKEAWAY,,,,208,Canopy bed,508.0,2,1016.0
83485926,1595689274472,STR7255,POS738,NONPRIME,8582181693,CASH,TAKEAWAY,,,,648,Bottle opener,321.0,2,642.0
83485926,1595689274472,STR7255,POS738,NONPRIME,8582181693,CASH,TAKEAWAY,,,,588,Sheer Curtains,801.0,2,1602.0
74305856,1595689274572,STR2629,POS253,NONPRIME,2461788838,CARD,HOME-DELIVERY,Dehradun,Uttarakhand,,223,Hammock,1210.0,2,2420.0
93895808,1595689274572,STR4899,POS447,NONPRIME,5576072500,CARD,TAKEAWAY,,,,488,Bread knife,1077.0,1,1077.0
93895808,1595689274572,STR4899,POS447,NONPRIME,5576072500,CARD,TAKEAWAY,,,,498,Carving knifes,1424.0,1,1424.0
93895808,1595689274572,STR4899,POS447,NONPRIME,5576072500,CARD,TAKEAWAY,,,,508,Kitchen knife,2483.0,2,4966.0
93895808,1595689274572,STR4899,POS447,NONPRIME,5576072500,CARD,TAKEAWAY,,,,423,Quilt,1485.0,2,2970.0
79018816,1595689274572,STR7262,POS182,PRIME,5378825053,CASH,HOME-DELIVERY,Shivapuri,Madhya Pradesh,,323,Chiavari chair,653.0,1,653.0
79018816,1595689274572,STR7262,POS182,PRIME,5378825053,CASH,HOME-DELIVERY,Shivapuri,Madhya Pradesh,,323,Chiavari chair,653.0,1,653.0
79018816,1595689274572,STR7262,POS182,PRIME,5378825053,CASH,HOME-DELIVERY,Shivapuri,Madhya Pradesh,,413,Slipcover,1896.0,1,1896.0
63131802,1595689274672,STR4899,POS954,NONPRIME,3716602332,CASH,HOME-DELIVERY,Gudivada,Andhra Pradesh,,518,Hourglass,1598.0,1,1598.0
63131802,1595689274672,STR4899,POS954,NONPRIME,3716602332,CASH,HOME-DELIVERY,Gudivada,Andhra Pradesh,,413,Slipcover,1896.0,1,1896.0
14198596,1595689274672,STR1534,POS944,NONPRIME,2968880358,CASH,HOME-DELIVERY,Hassan,Karnataka,,483,Teacups and saucers,1781.0,1,1781.0
14198596,1595689274672,STR1534,POS944,NONPRIME,2968880358,CASH,HOME-DELIVERY,Hassan,Karnataka,,608,Pleated Drapes,1684.0,1,1684.0
14198596,1595689274672,STR1534,POS944,NONPRIME,2968880358,CASH,HOME-DELIVERY,Hassan,Karnataka,,228,Divan,1083.0,2,2166.0
14198596,1595689274672,STR1534,POS944,NONPRIME,2968880358,CASH,HOME-DELIVERY,Hassan,Karnataka,,678,Fillet knife,350.0,2,700.0
57429415,1595689274672,STR7449,POS728,PRIME,5301477438,CASH,TAKEAWAY,,,,378,Air Bed,2263.0,1,2263.0
57429415,1595689274672,STR7449,POS728,PRIME,5301477438,CASH,TAKEAWAY,,,,493,Boning knife,513.0,1,513.0
57429415,1595689274672,STR7449,POS728,PRIME,5301477438,CASH,TAKEAWAY,,,,328,Dining chair,1223.0,1,1223.0
57429415,1595689274672,STR7449,POS728,PRIME,5301477438,CASH,TAKEAWAY,,,,628,Window Scarf,1774.0,1,1774.0
44045341,1595689274773,STR5494,POS353,NONPRIME,8189067868,CASH,TAKEAWAY,,,,313,Brewster Chair,2195.0,1,2195.0
44045341,1595689274773,STR5494,POS353,NONPRIME,8189067868,CASH,TAKEAWAY,,,,693,Mandoline,250.0,2,500.0
30852434,1595689274773,STR8513,POS163,PRIME,2762345282,CARD,HOME-DELIVERY,Bellary,Karnataka,,663,Corkscrew,983.0,1,983.0
30852434,1595689274773,STR8513,POS163,PRIME,2762345282,CARD,HOME-DELIVERY,Bellary,Karnataka,,608,Pleated Drapes,1684.0,1,1684.0
14601199,1595689274773,STR5646,POS968,PRIME,2220404140,CASH,HOME-DELIVERY,Chennai,Tamil Nadu,,623,Box Pleat Drapes,1683.0,1,1683.0
65931256,1595689274873,STR5494,POS722,PRIME,9724245321,CASH,HOME-DELIVERY,Agra,Uttar Pradesh,,268,Floating shelf,1894.0,2,3788.0
65931256,1595689274873,STR5494,POS722,PRIME,9724245321,CASH,HOME-DELIVERY,Agra,Uttar Pradesh,,688,Ladle,570.0,2,1140.0
65931256,1595689274873,STR5494,POS722,PRIME,9724245321,CASH,HOME-DELIVERY,Agra,Uttar Pradesh,,423,Quilt,1485.0,2,2970.0
65931256,1595689274873,STR5494,POS722,PRIME,9724245321,CASH,HOME-DELIVERY,Agra,Uttar Pradesh,,443,Margarita glass,2475.0,2,4950.0
65931256,1595689274873,STR5494,POS722,PRIME,9724245321,CASH,HOME-DELIVERY,Agra,Uttar Pradesh,,268,Floating shelf,1894.0,2,3788.0
65931256,1595689274873,STR5494,POS722,PRIME,9724245321,CASH,HOME-DELIVERY,Agra,Uttar Pradesh,,688,Ladle,570.0,2,1140.0
65931256,1595689274873,STR5494,POS722,PRIME,9724245321,CASH,HOME-DELIVERY,Agra,Uttar Pradesh,,423,Quilt,1485.0,2,2970.0
65931256,1595689274873,STR5494,POS722,PRIME,9724245321,CASH,HOME-DELIVERY,Agra,Uttar Pradesh,,443,Margarita glass,2475.0,2,4950.0
37620687,1595689274873,STR7262,POS182,PRIME,5378825053,CASH,HOME-DELIVERY,Jodhpur,Rajasthan,,658,Chinois,567.0,2,1134.0
37620687,1595689274873,STR7262,POS182,PRIME,5378825053,CASH,HOME-DELIVERY,Jodhpur,Rajasthan,,693,Mandoline,250.0,1,250.0
37620687,1595689274873,STR7262,POS182,PRIME,5378825053,CASH,HOME-DELIVERY,Jodhpur,Rajasthan,,268,Floating shelf,1894.0,2,3788.0
37620687,1595689274873,STR7262,POS182,PRIME,5378825053,CASH,HOME-DELIVERY,Jodhpur,Rajasthan,,473,Mason jars,1358.0,1,1358.0
45557254,1595689274973,STR7188,POS198,PRIME,5733357005,CARD,HOME-DELIVERY,Alandur,Tamil Nadu,,223,Hammock,1210.0,1,1210.0
45557254,1595689274973,STR7188,POS198,PRIME,5733357005,CARD,HOME-DELIVERY,Alandur,Tamil Nadu,,433,Depression glass,1950.0,1,1950.0
89645599,1595689274973,STR7255,POS866,PRIME,5432615113,CASH,TAKEAWAY,,,,508,Kitchen knife,2483.0,1,2483.0
89645599,1595689274973,STR7255,POS866,PRIME,5432615113,CASH,TAKEAWAY,,,,678,Fillet knife,350.0,2,700.0
89645599,1595689274973,STR7255,POS866,PRIME,5432615113,CASH,TAKEAWAY,,,,603,Sheer Curtains,1282.0,1,1282.0
70546149,1595689274973,STR6382,POS661,PRIME,7115250228,CASH,TAKEAWAY,,,,388,Memory Foam,1884.0,1,1884.0
79007605,1595689275074,STR6162,POS835,NONPRIME,5611417583,CARD,TAKEAWAY,,,,223,Hammock,1210.0,1,1210.0
27957908,1595689275074,STR4899,POS799,PRIME,2325763742,CASH,HOME-DELIVERY,Bellary,Karnataka,,593,Hanging curtains,1896.0,2,3792.0
97263899,1595689275074,STR5646,POS968,PRIME,2220404140,CASH,HOME-DELIVERY,Pali,Rajasthan,,463,Cookie jars,793.0,1,793.0
97263899,1595689275074,STR5646,POS968,PRIME,2220404140,CASH,HOME-DELIVERY,Pali,Rajasthan,,498,Carving knifes,1424.0,1,1424.0
97263899,1595689275074,STR5646,POS968,PRIME,2220404140,CASH,HOME-DELIVERY,Pali,Rajasthan,,443,Margarita glass,2475.0,2,4950.0
97263899,1595689275074,STR5646,POS968,PRIME,2220404140,CASH,HOME-DELIVERY,Pali,Rajasthan,,523,Oil-lamp clock,1371.0,1,1371.0
18403985,1595689275174,STR2629,POS172,NONPRIME,7829975914,CASH,HOME-DELIVERY,Varanasi,Uttar Pradesh,,328,Dining chair,1223.0,1,1223.0
18403985,1595689275174,STR2629,POS172,NONPRIME,7829975914,CASH,HOME-DELIVERY,Varanasi,Uttar Pradesh,,353,Recliner,1585.0,1,1585.0
18403985,1595689275174,STR2629,POS172,NONPRIME,7829975914,CASH,HOME-DELIVERY,Varanasi,Uttar Pradesh,,293,Bar stool,1148.0,2,2296.0
34352116,1595689275174,STR3781,POS978,NONPRIME,6244229107,CARD,TAKEAWAY,,,,383,Innerspring Mattress,655.0,2,1310.0
34352116,1595689275174,STR3781,POS978,NONPRIME,6244229107,CARD,TAKEAWAY,,,,578,Goblet Pleat Curtains,1765.0,2,3530.0
34352116,1595689275174,STR3781,POS978,NONPRIME,6244229107,CARD,TAKEAWAY,,,,673,Dough scraper,980.0,2,1960.0
34352116,1595689275174,STR3781,POS978,NONPRIME,6244229107,CARD,TAKEAWAY,,,,398,Latex Mattress,773.0,2,1546.0
56932527,1595689275174,STR2952,POS471,NONPRIME,9741556539,CASH,TAKEAWAY,,,,368,Stool,888.0,1,888.0
56932527,1595689275174,STR2952,POS471,NONPRIME,9741556539,CASH,TAKEAWAY,,,,433,Depression glass,1950.0,2,3900.0
56932527,1595689275174,STR2952,POS471,NONPRIME,9741556539,CASH,TAKEAWAY,,,,643,Blow torch,1955.0,2,3910.0
63793687,1595689275274,STR7262,POS664,NONPRIME,2954913332,CARD,HOME-DELIVERY,Farrukhabad-cum-Fatehgarh,Uttar Pradesh,,508,Kitchen knife,2483.0,1,2483.0
63793687,1595689275274,STR7262,POS664,NONPRIME,2954913332,CARD,HOME-DELIVERY,Farrukhabad-cum-Fatehgarh,Uttar Pradesh,,323,Chiavari chair,653.0,1,653.0
86689291,1595689275274,STR5646,POS624,PRIME,8109010950,CASH,TAKEAWAY,,,,233,Coffee table,1055.0,2,2110.0
86689291,1595689275274,STR5646,POS624,PRIME,8109010950,CASH,TAKEAWAY,,,,473,Mason jars,1358.0,1,1358.0
86689291,1595689275274,STR5646,POS624,PRIME,8109010950,CASH,TAKEAWAY,,,,558,Balloon clock,1633.0,1,1633.0
86689291,1595689275274,STR5646,POS624,PRIME,8109010950,CASH,TAKEAWAY,,,,518,Hourglass,1598.0,2,3196.0
62353523,1595689275274,STR4899,POS447,NONPRIME,5576072500,CARD,TAKEAWAY,,,,423,Quilt,1485.0,1,1485.0
62353523,1595689275274,STR4899,POS447,NONPRIME,5576072500,CARD,TAKEAWAY,,,,463,Cookie jars,793.0,1,793.0
73069572,1595689275375,STR8513,POS163,PRIME,2762345282,CARD,HOME-DELIVERY,Faridabad,Haryana,,568,Pinch Pleated Curtains,1718.0,1,1718.0
73069572,1595689275375,STR8513,POS163,PRIME,2762345282,CARD,HOME-DELIVERY,Faridabad,Haryana,,428,Cocktail glass,1422.0,1,1422.0
73069572,1595689275375,STR8513,POS163,PRIME,2762345282,CARD,HOME-DELIVERY,Faridabad,Haryana,,328,Dining chair,1223.0,1,1223.0
35294872,1595689275375,STR5646,POS639,PRIME,9711257112,CARD,HOME-DELIVERY,Dehradun,Uttarakhand,,463,Cookie jars,793.0,2,1586.0
35294872,1595689275375,STR5646,POS639,PRIME,9711257112,CARD,HOME-DELIVERY,Dehradun,Uttarakhand,,603,Sheer Curtains,1282.0,1,1282.0
34036752,1595689275375,STR7443,POS388,PRIME,8714158103,CASH,HOME-DELIVERY,Chapra,Bihar,,628,Window Scarf,1774.0,2,3548.0
34036752,1595689275375,STR7443,POS388,PRIME,8714158103,CASH,HOME-DELIVERY,Chapra,Bihar,,648,Bottle opener,321.0,1,321.0
34036752,1595689275375,STR7443,POS388,PRIME,8714158103,CASH,HOME-DELIVERY,Chapra,Bihar,,508,Kitchen knife,2483.0,1,2483.0
69178727,1595689275475,STR1955,POS493,PRIME,4405006483,CARD,TAKEAWAY,,,,528,Projection clock,2365.0,1,2365.0
23443242,1595689275475,STR5864,POS132,NONPRIME,6909538460,CASH,HOME-DELIVERY,Jaipur,Rajasthan,,388,Memory Foam,1884.0,2,3768.0
23443242,1595689275475,STR5864,POS132,NONPRIME,6909538460,CASH,HOME-DELIVERY,Jaipur,Rajasthan,,468,Lunch box,1467.0,2,2934.0
23443242,1595689275475,STR5864,POS132,NONPRIME,6909538460,CASH,HOME-DELIVERY,Jaipur,Rajasthan,,623,Box Pleat Drapes,1683.0,2,3366.0
1418834,1595689275475,STR1534,POS151,NONPRIME,7061658033,CASH,HOME-DELIVERY,Delhi,Delhi,,638,Baster,1214.0,1,1214.0
1418834,1595689275475,STR1534,POS151,NONPRIME,7061658033,CASH,HOME-DELIVERY,Delhi,Delhi,,323,Chiavari chair,653.0,1,653.0
1418834,1595689275475,STR1534,POS151,NONPRIME,7061658033,CASH,HOME-DELIVERY,Delhi,Delhi,,448,Martini glass,2263.0,2,4526.0
1418834,1595689275475,STR1534,POS151,NONPRIME,7061658033,CASH,HOME-DELIVERY,Delhi,Delhi,,668,Crab cracker,785.0,2,1570.0
73452428,1595689275575,STR2629,POS172,NONPRIME,7829975914,CASH,HOME-DELIVERY,Mandasor,Madhya Pradesh,,343,Massage chair,1354.0,2,2708.0
37008553,1595689275575,STR2952,POS152,PRIME,3027514652,CASH,TAKEAWAY,,,,488,Bread knife,1077.0,2,2154.0
37008553,1595689275575,STR2952,POS152,PRIME,3027514652,CASH,TAKEAWAY,,,,423,Quilt,1485.0,1,1485.0
37008553,1595689275575,STR2952,POS152,PRIME,3027514652,CASH,TAKEAWAY,,,,223,Hammock,1210.0,2,2420.0
37008553,1595689275575,STR2952,POS152,PRIME,3027514652,CASH,TAKEAWAY,,,,353,Recliner,1585.0,1,1585.0
52097332,1595689275575,STR8311,POS728,PRIME,8490473378,CASH,HOME-DELIVERY,Champdani,West Bengal,,393,Hybrid Mattress,2217.0,1,2217.0
52097332,1595689275575,STR8311,POS728,PRIME,8490473378,CASH,HOME-DELIVERY,Champdani,West Bengal,,573,Eyelet Curtains,642.0,1,642.0
52097332,1595689275575,STR8311,POS728,PRIME,8490473378,CASH,HOME-DELIVERY,Champdani,West Bengal,,578,Goblet Pleat Curtains,1765.0,1,1765.0
80471332,1595689275691,STR2629,POS172,NONPRIME,7829975914,CASH,HOME-DELIVERY,Dehri,Bihar,,263,Kitchen cabinet,1050.0,1,1050.0
54944503,1595689275691,STR6347,POS622,PRIME,5697125813,CARD,HOME-DELIVERY,Arrah,Bihar,,263,Kitchen cabinet,1050.0,1,1050.0
54944503,1595689275691,STR6347,POS622,PRIME,5697125813,CARD,HOME-DELIVERY,Arrah,Bihar,,363,Rocking chair,2021.0,1,2021.0
54944503,1595689275691,STR6347,POS622,PRIME,5697125813,CARD,HOME-DELIVERY,Arrah,Bihar,,378,Air Bed,2263.0,2,4526.0
54944503,1595689275691,STR6347,POS622,PRIME,5697125813,CARD,HOME-DELIVERY,Arrah,Bihar,,638,Baster,1214.0,2,2428.0
37946638,1595689275691,STR8311,POS377,NONPRIME,8670468851,CASH,TAKEAWAY,,,,563,Chiming clock,2168.0,2,4336.0
37946638,1595689275691,STR8311,POS377,NONPRIME,8670468851,CASH,TAKEAWAY,,,,393,Hybrid Mattress,2217.0,2,4434.0
37946638,1595689275691,STR8311,POS377,NONPRIME,8670468851,CASH,TAKEAWAY,,,,688,Ladle,570.0,1,570.0
68308552,1595689275791,STR6162,POS987,NONPRIME,8071065242,CASH,TAKEAWAY,,,,588,Sheer Curtains,801.0,1,801.0
68308552,1595689275791,STR6162,POS987,NONPRIME,8071065242,CASH,TAKEAWAY,,,,678,Fillet knife,350.0,1,350.0
68308552,1595689275791,STR6162,POS987,NONPRIME,8071065242,CASH,TAKEAWAY,,,,683,Grater,370.0,1,370.0
68308552,1595689275791,STR6162,POS987,NONPRIME,8071065242,CASH,TAKEAWAY,,,,518,Hourglass,1598.0,1,1598.0
66413326,1595689275791,STR6162,POS431,NONPRIME,8651346374,CARD,HOME-DELIVERY,Ongole,Andhra Pradesh,,448,Martini glass,2263.0,1,2263.0
66413326,1595689275791,STR6162,POS431,NONPRIME,8651346374,CARD,HOME-DELIVERY,Ongole,Andhra Pradesh,,458,Wine glass,1644.0,2,3288.0
66413326,1595689275791,STR6162,POS431,NONPRIME,8651346374,CARD,HOME-DELIVERY,Ongole,Andhra Pradesh,,268,Floating shelf,1894.0,1,1894.0
66413326,1595689275791,STR6162,POS431,NONPRIME,8651346374,CARD,HOME-DELIVERY,Ongole,Andhra Pradesh,,548,Cartel clock,1500.0,1,1500.0
29814044,1595689275791,STR1534,POS364,NONPRIME,3006055636,CASH,HOME-DELIVERY,Jodhpur,Rajasthan,,568,Pinch Pleated Curtains,1718.0,2,3436.0
29814044,1595689275791,STR1534,POS364,NONPRIME,3006055636,CASH,HOME-DELIVERY,Jodhpur,Rajasthan,,473,Mason jars,1358.0,1,1358.0
29814044,1595689275791,STR1534,POS364,NONPRIME,3006055636,CASH,HOME-DELIVERY,Jodhpur,Rajasthan,,273,Bedroom set,842.0,2,1684.0
29814044,1595689275791,STR1534,POS364,NONPRIME,3006055636,CASH,HOME-DELIVERY,Jodhpur,Rajasthan,,698,Meat grinder,1250.0,2,2500.0
50993443,1595689275892,STR5494,POS121,PRIME,9509332022,CARD,TAKEAWAY,,,,668,Crab cracker,785.0,1,785.0
50993443,1595689275892,STR5494,POS121,PRIME,9509332022,CARD,TAKEAWAY,,,,573,Eyelet Curtains,642.0,1,642.0
50993443,1595689275892,STR5494,POS121,PRIME,9509332022,CARD,TAKEAWAY,,,,528,Projection clock,2365.0,2,4730.0
49432722,1595689275892,STR6162,POS987,NONPRIME,8071065242,CASH,TAKEAWAY,,,,313,Brewster Chair,2195.0,1,2195.0
62344964,1595689275892,STR7255,POS626,PRIME,2602353115,CARD,TAKEAWAY,,,,578,Goblet Pleat Curtains,1765.0,2,3530.0
62344964,1595689275892,STR7255,POS626,PRIME,2602353115,CARD,TAKEAWAY,,,,543,Lighthouse clock,636.0,2,1272.0
62344964,1595689275892,STR7255,POS626,PRIME,2602353115,CARD,TAKEAWAY,,,,453,Shot glass,674.0,1,674.0
91819491,1595689275992,STR7188,POS825,PRIME,7051101351,CASH,HOME-DELIVERY,Murwara,Madhya Pradesh,,443,Margarita glass,2475.0,2,4950.0
91819491,1595689275992,STR7188,POS825,PRIME,7051101351,CASH,HOME-DELIVERY,Murwara,Madhya Pradesh,,413,Slipcover,1896.0,2,3792.0
86900713,1595689275992,STR3781,POS843,NONPRIME,1191112820,CARD,HOME-DELIVERY,Ingraj Bazar,West Bengal,,363,Rocking chair,2021.0,1,2021.0
86900713,1595689275992,STR3781,POS843,NONPRIME,1191112820,CARD,HOME-DELIVERY,Ingraj Bazar,West Bengal,,558,Balloon clock,1633.0,2,3266.0
86900713,1595689275992,STR3781,POS843,NONPRIME,1191112820,CARD,HOME-DELIVERY,Ingraj Bazar,West Bengal,,518,Hourglass,1598.0,1,1598.0
33659120,1595689275992,STR6347,POS994,PRIME,6296964163,CASH,TAKEAWAY,,,,238,Dining table,1582.0,1,1582.0
33659120,1595689275992,STR6347,POS994,PRIME,6296964163,CASH,TAKEAWAY,,,,283,Portable Lamps,2236.0,1,2236.0
33659120,1595689275992,STR6347,POS994,PRIME,6296964163,CASH,TAKEAWAY,,,,458,Wine glass,1644.0,1,1644.0
33659120,1595689275992,STR6347,POS994,PRIME,6296964163,CASH,TAKEAWAY,,,,638,Baster,1214.0,1,1214.0
20135283,1595689276114,STR5494,POS722,PRIME,9724245321,CASH,HOME-DELIVERY,Muzaffarnagar,Uttar Pradesh,,618,Pencil Pleat Drapes,1140.0,1,1140.0
66528816,1595689276114,STR6347,POS622,PRIME,5697125813,CARD,HOME-DELIVERY,Raigarh,Chhattisgarh,,383,Innerspring Mattress,655.0,2,1310.0
66528816,1595689276114,STR6347,POS622,PRIME,5697125813,CARD,HOME-DELIVERY,Raigarh,Chhattisgarh,,278,Dining set,1940.0,2,3880.0
89344783,1595689276114,STR3781,POS129,PRIME,4692642935,CASH,HOME-DELIVERY,Puri,Odisha,,663,Corkscrew,983.0,2,1966.0
89344783,1595689276114,STR3781,POS129,PRIME,4692642935,CASH,HOME-DELIVERY,Puri,Odisha,,558,Balloon clock,1633.0,1,1633.0
55742504,1595689276215,STR1955,POS992,NONPRIME,1482417862,CASH,TAKEAWAY,,,,233,Coffee table,1055.0,2,2110.0
79425634,1595689276215,STR2699,POS832,NONPRIME,4552039054,CASH,HOME-DELIVERY,Sitapur,Uttar Pradesh,,388,Memory Foam,1884.0,1,1884.0
79425634,1595689276215,STR2699,POS832,NONPRIME,4552039054,CASH,HOME-DELIVERY,Sitapur,Uttar Pradesh,,408,Confidante,1242.0,2,2484.0
72532295,1595689276215,STR6382,POS265,PRIME,7908234230,CASH,HOME-DELIVERY,Chapra,Bihar,,658,Chinois,567.0,1,567.0
72532295,1595689276215,STR6382,POS265,PRIME,7908234230,CASH,HOME-DELIVERY,Chapra,Bihar,,343,Massage chair,1354.0,2,2708.0
15967449,1595689276315,STR7443,POS333,NONPRIME,5483488802,CASH,HOME-DELIVERY,Shivapuri,Madhya Pradesh,,688,Ladle,570.0,1,570.0
47931847,1595689276315,STR6382,POS851,NONPRIME,8110266676,CARD,TAKEAWAY,,,,663,Corkscrew,983.0,1,983.0
47931847,1595689276315,STR6382,POS851,NONPRIME,8110266676,CARD,TAKEAWAY,,,,553,Banjo clock,1651.0,1,1651.0
47931847,1595689276315,STR6382,POS851,NONPRIME,8110266676,CARD,TAKEAWAY,,,,583,Tab Top Curtains,1329.0,1,1329.0
47931847,1595689276315,STR6382,POS851,NONPRIME,8110266676,CARD,TAKEAWAY,,,,533,Rolling ball clock,1651.0,1,1651.0
5277403,1595689276315,STR2952,POS152,PRIME,3027514652,CASH,TAKEAWAY,,,,518,Hourglass,1598.0,1,1598.0
5277403,1595689276315,STR2952,POS152,PRIME,3027514652,CASH,TAKEAWAY,,,,283,Portable Lamps,2236.0,2,4472.0
5277403,1595689276315,STR2952,POS152,PRIME,3027514652,CASH,TAKEAWAY,,,,368,Stool,888.0,2,1776.0
27457457,1595689276415,STR6347,POS333,NONPRIME,9740604930,CARD,HOME-DELIVERY,Karnal,Haryana,,433,Depression glass,1950.0,2,3900.0
27457457,1595689276415,STR6347,POS333,NONPRIME,9740604930,CARD,HOME-DELIVERY,Karnal,Haryana,,458,Wine glass,1644.0,1,1644.0
92843798,1595689276415,STR3781,POS444,NONPRIME,9223558893,CASH,TAKEAWAY,,,,343,Massage chair,1354.0,1,1354.0
92843798,1595689276415,STR3781,POS444,NONPRIME,9223558893,CASH,TAKEAWAY,,,,608,Pleated Drapes,1684.0,1,1684.0
92843798,1595689276415,STR3781,POS444,NONPRIME,9223558893,CASH,TAKEAWAY,,,,608,Pleated Drapes,1684.0,1,1684.0
82975772,1595689276415,STR2952,POS351,NONPRIME,2024774071,CASH,HOME-DELIVERY,Serampore,West Bengal,,408,Confidante,1242.0,1,1242.0
82975772,1595689276415,STR2952,POS351,NONPRIME,2024774071,CASH,HOME-DELIVERY,Serampore,West Bengal,,268,Floating shelf,1894.0,2,3788.0
82975772,1595689276415,STR2952,POS351,NONPRIME,2024774071,CASH,HOME-DELIVERY,Serampore,West Bengal,,593,Hanging curtains,1896.0,2,3792.0
82186381,1595689276531,STR2629,POS768,NONPRIME,1360645962,CARD,HOME-DELIVERY,Secunderabad,Andhra Pradesh,,338,Kneeling chairs,442.0,2,884.0
52524174,1595689276531,STR3781,POS978,NONPRIME,6244229107,CARD,TAKEAWAY,,,,458,Wine glass,1644.0,1,1644.0
52524174,1595689276531,STR3781,POS978,NONPRIME,6244229107,CARD,TAKEAWAY,,,,308,Butterfly chair,857.0,2,1714.0
96024720,1595689276531,STR2699,POS779,PRIME,6797767929,CASH,HOME-DELIVERY,Shahjahanpur,Uttar Pradesh,,668,Crab cracker,785.0,1,785.0
20200973,1595689276631,STR2629,POS253,NONPRIME,2461788838,CARD,HOME-DELIVERY,Hassan,Karnataka,,213,Infant bed,1755.0,1,1755.0
20200973,1595689276631,STR2629,POS253,NONPRIME,2461788838,CARD,HOME-DELIVERY,Hassan,Karnataka,,513,Flip clock,1259.0,1,1259.0
20200973,1595689276631,STR2629,POS253,NONPRIME,2461788838,CARD,HOME-DELIVERY,Hassan,Karnataka,,498,Carving knifes,1424.0,1,1424.0
9856695,1595689276631,STR6347,POS994,PRIME,6296964163,CASH,TAKEAWAY,,,,278,Dining set,1940.0,2,3880.0
10452074,1595689276631,STR5646,POS624,PRIME,8109010950,CASH,TAKEAWAY,,,,318,Bofinger chair,1119.0,2,2238.0
10452074,1595689276631,STR5646,POS624,PRIME,8109010950,CASH,TAKEAWAY,,,,558,Balloon clock,1633.0,1,1633.0
6091731,1595689276731,STR6162,POS987,NONPRIME,8071065242,CASH,TAKEAWAY,,,,308,Butterfly chair,857.0,1,857.0
6091731,1595689276731,STR6162,POS987,NONPRIME,8071065242,CASH,TAKEAWAY,,,,418,Wing chair,1431.0,1,1431.0
63558659,1595689276731,STR3781,POS129,PRIME,4692642935,CASH,HOME-DELIVERY,Ganganagar,Rajasthan,,508,Kitchen knife,2483.0,2,4966.0
63558659,1595689276731,STR3781,POS129,PRIME,4692642935,CASH,HOME-DELIVERY,Ganganagar,Rajasthan,,453,Shot glass,674.0,1,674.0
63558659,1595689276731,STR3781,POS129,PRIME,4692642935,CASH,HOME-DELIVERY,Ganganagar,Rajasthan,,353,Recliner,1585.0,2,3170.0
2852514,1595689276731,STR7255,POS866,PRIME,5432615113,CASH,TAKEAWAY,,,,223,Hammock,1210.0,1,1210.0
2852514,1595689276731,STR7255,POS866,PRIME,5432615113,CASH,TAKEAWAY,,,,263,Kitchen cabinet,1050.0,2,2100.0
73575460,1595689276832,STR1955,POS992,NONPRIME,1482417862,CASH,TAKEAWAY,,,,568,Pinch Pleated Curtains,1718.0,1,1718.0
73575460,1595689276832,STR1955,POS992,NONPRIME,1482417862,CASH,TAKEAWAY,,,,673,Dough scraper,980.0,1,980.0
73575460,1595689276832,STR1955,POS992,NONPRIME,1482417862,CASH,TAKEAWAY,,,,438,Lead glass,2069.0,1,2069.0
73575460,1595689276832,STR1955,POS992,NONPRIME,1482417862,CASH,TAKEAWAY,,,,348,Navy chair,1998.0,2,3996.0
19926744,1595689276832,STR3781,POS843,NONPRIME,1191112820,CARD,HOME-DELIVERY,Hassan,Karnataka,,383,Innerspring Mattress,655.0,1,655.0
19926744,1595689276832,STR3781,POS843,NONPRIME,1191112820,CARD,HOME-DELIVERY,Hassan,Karnataka,,673,Dough scraper,980.0,1,980.0
19926744,1595689276832,STR3781,POS843,NONPRIME,1191112820,CARD,HOME-DELIVERY,Hassan,Karnataka,,608,Pleated Drapes,1684.0,2,3368.0
19926744,1595689276832,STR3781,POS843,NONPRIME,1191112820,CARD,HOME-DELIVERY,Hassan,Karnataka,,578,Goblet Pleat Curtains,1765.0,2,3530.0
97864157,1595689276832,STR4899,POS954,NONPRIME,3716602332,CASH,HOME-DELIVERY,Darbhanga,Bihar,,343,Massage chair,1354.0,2,2708.0
97864157,1595689276832,STR4899,POS954,NONPRIME,3716602332,CASH,HOME-DELIVERY,Darbhanga,Bihar,,328,Dining chair,1223.0,2,2446.0
43155196,1595689276932,STR6162,POS431,NONPRIME,8651346374,CARD,HOME-DELIVERY,Dehradun,Uttarakhand,,298,Bardic chair,1649.0,2,3298.0
41093812,1595689276932,STR7262,POS581,NONPRIME,6218924818,CARD,TAKEAWAY,,,,223,Hammock,1210.0,1,1210.0
41093812,1595689276932,STR7262,POS581,NONPRIME,6218924818,CARD,TAKEAWAY,,,,578,Goblet Pleat Curtains,1765.0,1,1765.0
71577231,1595689276932,STR8311,POS224,NONPRIME,2989852024,CASH,TAKEAWAY,,,,628,Window Scarf,1774.0,2,3548.0
79997614,1595689277032,STR6162,POS835,NONPRIME,5611417583,CARD,TAKEAWAY,,,,583,Tab Top Curtains,1329.0,1,1329.0
8349406,1595689277032,STR6347,POS927,NONPRIME,3996109634,CARD,HOME-DELIVERY,Faridabad,Haryana,,298,Bardic chair,1649.0,1,1649.0
8349406,1595689277032,STR6347,POS927,NONPRIME,3996109634,CARD,HOME-DELIVERY,Faridabad,Haryana,,528,Projection clock,2365.0,1,2365.0
8349406,1595689277032,STR6347,POS927,NONPRIME,3996109634,CARD,HOME-DELIVERY,Faridabad,Haryana,,643,Blow torch,1955.0,2,3910.0
74568246,1595689277032,STR7449,POS215,PRIME,3453134392,CARD,HOME-DELIVERY,Guna,Madhya Pradesh,,538,Grandmother clock,1301.0,1,1301.0
74568246,1595689277032,STR7449,POS215,PRIME,3453134392,CARD,HOME-DELIVERY,Guna,Madhya Pradesh,,463,Cookie jars,793.0,2,1586.0
74568246,1595689277032,STR7449,POS215,PRIME,3453134392,CARD,HOME-DELIVERY,Guna,Madhya Pradesh,,588,Sheer Curtains,801.0,2,1602.0
68213773,1595689277133,STR6347,POS622,PRIME,5697125813,CARD,HOME-DELIVERY,Gonda,Uttar Pradesh,,383,Innerspring Mattress,655.0,1,655.0
68213773,1595689277133,STR6347,POS622,PRIME,5697125813,CARD,HOME-DELIVERY,Gonda,Uttar Pradesh,,418,Wing chair,1431.0,1,1431.0
68213773,1595689277133,STR6347,POS622,PRIME,5697125813,CARD,HOME-DELIVERY,Gonda,Uttar Pradesh,,568,Pinch Pleated Curtains,1718.0,1,1718.0
68213773,1595689277133,STR6347,POS622,PRIME,5697125813,CARD,HOME-DELIVERY,Gonda,Uttar Pradesh,,243,Folding table,738.0,1,738.0
21516087,1595689277133,STR3781,POS494,PRIME,7892154732,CARD,HOME-DELIVERY,Chapra,Bihar,,538,Grandmother clock,1301.0,2,2602.0
77405710,1595689277133,STR2699,POS832,NONPRIME,4552039054,CASH,HOME-DELIVERY,Bharatpur,Rajasthan,,323,Chiavari chair,653.0,2,1306.0
77405710,1595689277133,STR2699,POS832,NONPRIME,4552039054,CASH,HOME-DELIVERY,Bharatpur,Rajasthan,,428,Cocktail glass,1422.0,1,1422.0
77405710,1595689277133,STR2699,POS832,NONPRIME,4552039054,CASH,HOME-DELIVERY,Bharatpur,Rajasthan,,448,Martini glass,2263.0,2,4526.0
63113920,1595689277233,STR1955,POS324,NONPRIME,3916555911,CASH,HOME-DELIVERY,Pali,Rajasthan,,653,Browning tray,375.0,1,375.0
63113920,1595689277233,STR1955,POS324,NONPRIME,3916555911,CASH,HOME-DELIVERY,Pali,Rajasthan,,693,Mandoline,250.0,1,250.0
63113920,1595689277233,STR1955,POS324,NONPRIME,3916555911,CASH,HOME-DELIVERY,Pali,Rajasthan,,358,Restraint chair,1943.0,1,1943.0
63113920,1595689277233,STR1955,POS324,NONPRIME,3916555911,CASH,HOME-DELIVERY,Pali,Rajasthan,,458,Wine glass,1644.0,2,3288.0
60866689,1595689277233,STR8311,POS975,NONPRIME,4680751410,CARD,TAKEAWAY,,,,558,Balloon clock,1633.0,1,1633.0
60866689,1595689277233,STR8311,POS975,NONPRIME,4680751410,CARD,TAKEAWAY,,,,418,Wing chair,1431.0,2,2862.0
60866689,1595689277233,STR8311,POS975,NONPRIME,4680751410,CARD,TAKEAWAY,,,,263,Kitchen cabinet,1050.0,2,2100.0
60866689,1595689277233,STR8311,POS975,NONPRIME,4680751410,CARD,TAKEAWAY,,,,238,Dining table,1582.0,2,3164.0
52461706,1595689277233,STR2952,POS477,NONPRIME,3425633108,CASH,TAKEAWAY,,,,408,Confidante,1242.0,2,2484.0
52461706,1595689277233,STR2952,POS477,NONPRIME,3425633108,CASH,TAKEAWAY,,,,488,Bread knife,1077.0,1,1077.0
52461706,1595689277233,STR2952,POS477,NONPRIME,3425633108,CASH,TAKEAWAY,,,,418,Wing chair,1431.0,2,2862.0
52461706,1595689277233,STR2952,POS477,NONPRIME,3425633108,CASH,TAKEAWAY,,,,353,Recliner,1585.0,2,3170.0
2156686,1595689277333,STR6347,POS622,PRIME,5697125813,CARD,HOME-DELIVERY,Rishra,West Bengal,,518,Hourglass,1598.0,1,1598.0
2156686,1595689277333,STR6347,POS622,PRIME,5697125813,CARD,HOME-DELIVERY,Rishra,West Bengal,,273,Bedroom set,842.0,2,1684.0
2156686,1595689277333,STR6347,POS622,PRIME,5697125813,CARD,HOME-DELIVERY,Rishra,West Bengal,,403,Adjustable Air Mattress,1417.0,2,2834.0
74735347,1595689277333,STR7262,POS182,PRIME,5378825053,CASH,HOME-DELIVERY,Farrukhabad-cum-Fatehgarh,Uttar Pradesh,,623,Box Pleat Drapes,1683.0,2,3366.0
74735347,1595689277333,STR7262,POS182,PRIME,5378825053,CASH,HOME-DELIVERY,Farrukhabad-cum-Fatehgarh,Uttar Pradesh,,648,Bottle opener,321.0,1,321.0
74735347,1595689277333,STR7262,POS182,PRIME,5378825053,CASH,HOME-DELIVERY,Farrukhabad-cum-Fatehgarh,Uttar Pradesh,,548,Cartel clock,1500.0,2,3000.0
74735347,1595689277333,STR7262,POS182,PRIME,5378825053,CASH,HOME-DELIVERY,Farrukhabad-cum-Fatehgarh,Uttar Pradesh,,558,Balloon clock,1633.0,2,3266.0
99325067,1595689277333,STR2699,POS832,NONPRIME,4552039054,CASH,HOME-DELIVERY,Varanasi,Uttar Pradesh,,683,Grater,370.0,1,370.0
77091419,1595689277434,STR1955,POS493,PRIME,4405006483,CARD,TAKEAWAY,,,,253,Bathroom cabinet,1513.0,1,1513.0
77091419,1595689277434,STR1955,POS493,PRIME,4405006483,CARD,TAKEAWAY,,,,308,Butterfly chair,857.0,2,1714.0
77091419,1595689277434,STR1955,POS493,PRIME,4405006483,CARD,TAKEAWAY,,,,498,Carving knifes,1424.0,1,1424.0
97960907,1595689277434,STR6382,POS851,NONPRIME,8110266676,CARD,TAKEAWAY,,,,433,Depression glass,1950.0,1,1950.0
97960907,1595689277434,STR6382,POS851,NONPRIME,8110266676,CARD,TAKEAWAY,,,,253,Bathroom cabinet,1513.0,1,1513.0
97960907,1595689277434,STR6382,POS851,NONPRIME,8110266676,CARD,TAKEAWAY,,,,228,Divan,1083.0,2,2166.0
1578218,1595689277434,STR7262,POS733,PRIME,1518460232,CASH,TAKEAWAY,,,,388,Memory Foam,1884.0,2,3768.0
32519080,1595689277534,STR6162,POS431,NONPRIME,8651346374,CARD,HOME-DELIVERY,Chapra,Bihar,,508,Kitchen knife,2483.0,2,4966.0
21398692,1595689277534,STR1955,POS837,NONPRIME,7136581152,CASH,HOME-DELIVERY,Arrah,Bihar,,538,Grandmother clock,1301.0,2,2602.0
21398692,1595689277534,STR1955,POS837,NONPRIME,7136581152,CASH,HOME-DELIVERY,Arrah,Bihar,,368,Stool,888.0,2,1776.0
46717079,1595689277534,STR8311,POS975,NONPRIME,4680751410,CARD,TAKEAWAY,,,,268,Floating shelf,1894.0,1,1894.0
46717079,1595689277534,STR8311,POS975,NONPRIME,4680751410,CARD,TAKEAWAY,,,,218,Sofa bed,895.0,2,1790.0
46717079,1595689277534,STR8311,POS975,NONPRIME,4680751410,CARD,TAKEAWAY,,,,488,Bread knife,1077.0,1,1077.0
46717079,1595689277534,STR8311,POS975,NONPRIME,4680751410,CARD,TAKEAWAY,,,,538,Grandmother clock,1301.0,2,2602.0
64935910,1595689277634,STR7188,POS682,NONPRIME,1489226224,CASH,TAKEAWAY,,,,403,Adjustable Air Mattress,1417.0,1,1417.0
32647098,1595689277634,STR4899,POS954,NONPRIME,3716602332,CASH,HOME-DELIVERY,Mathura,Uttar Pradesh,,518,Hourglass,1598.0,1,1598.0
67289556,1595689277634,STR7262,POS182,PRIME,5378825053,CASH,HOME-DELIVERY,Kanpur Cantonment,Uttar Pradesh,,343,Massage chair,1354.0,1,1354.0
67289556,1595689277634,STR7262,POS182,PRIME,5378825053,CASH,HOME-DELIVERY,Kanpur Cantonment,Uttar Pradesh,,293,Bar stool,1148.0,1,1148.0
25432060,1595689277735,STR2629,POS172,NONPRIME,7829975914,CASH,HOME-DELIVERY,Madurai,Tamil Nadu,,533,Rolling ball clock,1651.0,2,3302.0
25432060,1595689277735,STR2629,POS172,NONPRIME,7829975914,CASH,HOME-DELIVERY,Madurai,Tamil Nadu,,673,Dough scraper,980.0,2,1960.0
69675040,1595689277735,STR5864,POS878,NONPRIME,9728415172,CARD,TAKEAWAY,,,,398,Latex Mattress,773.0,1,773.0
69675040,1595689277735,STR5864,POS878,NONPRIME,9728415172,CARD,TAKEAWAY,,,,283,Portable Lamps,2236.0,1,2236.0
58968624,1595689277735,STR2699,POS566,PRIME,7543202868,CARD,HOME-DELIVERY,South Dum Dum,West Bengal,,248,TV tray table,1947.0,2,3894.0
58968624,1595689277735,STR2699,POS566,PRIME,7543202868,CARD,HOME-DELIVERY,South Dum Dum,West Bengal,,648,Bottle opener,321.0,1,321.0
58968624,1595689277735,STR2699,POS566,PRIME,7543202868,CARD,HOME-DELIVERY,South Dum Dum,West Bengal,,258,Closet,1687.0,1,1687.0
58968624,1595689277735,STR2699,POS566,PRIME,7543202868,CARD,HOME-DELIVERY,South Dum Dum,West Bengal,,313,Brewster Chair,2195.0,2,4390.0
79413405,1595689277850,STR5494,POS121,PRIME,9509332022,CARD,TAKEAWAY,,,,348,Navy chair,1998.0,1,1998.0
79413405,1595689277850,STR5494,POS121,PRIME,9509332022,CARD,TAKEAWAY,,,,443,Margarita glass,2475.0,1,2475.0
79413405,1595689277850,STR5494,POS121,PRIME,9509332022,CARD,TAKEAWAY,,,,658,Chinois,567.0,1,567.0
89610655,1595689277850,STR5646,POS968,PRIME,2220404140,CASH,HOME-DELIVERY,Gudivada,Andhra Pradesh,,623,Box Pleat Drapes,1683.0,1,1683.0
89610655,1595689277850,STR5646,POS968,PRIME,2220404140,CASH,HOME-DELIVERY,Gudivada,Andhra Pradesh,,563,Chiming clock,2168.0,1,2168.0
89610655,1595689277850,STR5646,POS968,PRIME,2220404140,CASH,HOME-DELIVERY,Gudivada,Andhra Pradesh,,238,Dining table,1582.0,1,1582.0
89610655,1595689277850,STR5646,POS968,PRIME,2220404140,CASH,HOME-DELIVERY,Gudivada,Andhra Pradesh,,343,Massage chair,1354.0,2,2708.0
32848132,1595689277850,STR6382,POS661,PRIME,7115250228,CASH,TAKEAWAY,,,,653,Browning tray,375.0,1,375.0
32848132,1595689277850,STR6382,POS661,PRIME,7115250228,CASH,TAKEAWAY,,,,233,Coffee table,1055.0,1,1055.0
32848132,1595689277850,STR6382,POS661,PRIME,7115250228,CASH,TAKEAWAY,,,,658,Chinois,567.0,1,567.0
32848132,1595689277850,STR6382,POS661,PRIME,7115250228,CASH,TAKEAWAY,,,,613,Goblet Pleat Drapes,1583.0,1,1583.0
99553201,1595689277951,STR2629,POS285,NONPRIME,6419885098,CASH,TAKEAWAY,,,,683,Grater,370.0,2,740.0
99553201,1595689277951,STR2629,POS285,NONPRIME,6419885098,CASH,TAKEAWAY,,,,298,Bardic chair,1649.0,1,1649.0
99553201,1595689277951,STR2629,POS285,NONPRIME,6419885098,CASH,TAKEAWAY,,,,558,Balloon clock,1633.0,1,1633.0
99553201,1595689277951,STR2629,POS285,NONPRIME,6419885098,CASH,TAKEAWAY,,,,238,Dining table,1582.0,2,3164.0
76450958,1595689277951,STR3781,POS843,NONPRIME,1191112820,CARD,HOME-DELIVERY,Puri,Odisha,,488,Bread knife,1077.0,1,1077.0
38281085,1595689277951,STR1955,POS992,NONPRIME,1482417862,CASH,TAKEAWAY,,,,608,Pleated Drapes,1684.0,2,3368.0
38281085,1595689277951,STR1955,POS992,NONPRIME,1482417862,CASH,TAKEAWAY,,,,388,Memory Foam,1884.0,2,3768.0
15809255,1595689278051,STR7188,POS956,PRIME,4629185211,CARD,TAKEAWAY,,,,488,Bread knife,1077.0,1,1077.0
15809255,1595689278051,STR7188,POS956,PRIME,4629185211,CARD,TAKEAWAY,,,,288,Hutch,1812.0,1,1812.0
19850856,1595689278051,STR1534,POS934,PRIME,5525406429,CASH,TAKEAWAY,,,,573,Eyelet Curtains,642.0,1,642.0
8990681,1595689278051,STR5864,POS878,NONPRIME,9728415172,CARD,TAKEAWAY,,,,208,Canopy bed,508.0,1,508.0
8990681,1595689278051,STR5864,POS878,NONPRIME,9728415172,CARD,TAKEAWAY,,,,683,Grater,370.0,1,370.0
8990681,1595689278051,STR5864,POS878,NONPRIME,9728415172,CARD,TAKEAWAY,,,,378,Air Bed,2263.0,2,4526.0
8990681,1595689278051,STR5864,POS878,NONPRIME,9728415172,CARD,TAKEAWAY,,,,453,Shot glass,674.0,2,1348.0
501922,1595689278152,STR8513,POS311,NONPRIME,8111613552,CASH,TAKEAWAY,,,,293,Bar stool,1148.0,1,1148.0
501922,1595689278152,STR8513,POS311,NONPRIME,8111613552,CASH,TAKEAWAY,,,,258,Closet,1687.0,2,3374.0
501922,1595689278152,STR8513,POS311,NONPRIME,8111613552,CASH,TAKEAWAY,,,,353,Recliner,1585.0,1,1585.0
65050314,1595689278152,STR5864,POS878,NONPRIME,9728415172,CARD,TAKEAWAY,,,,433,Depression glass,1950.0,2,3900.0
65050314,1595689278152,STR5864,POS878,NONPRIME,9728415172,CARD,TAKEAWAY,,,,443,Margarita glass,2475.0,2,4950.0
65050314,1595689278152,STR5864,POS878,NONPRIME,9728415172,CARD,TAKEAWAY,,,,558,Balloon clock,1633.0,1,1633.0
65050314,1595689278152,STR5864,POS878,NONPRIME,9728415172,CARD,TAKEAWAY,,,,683,Grater,370.0,2,740.0
23730804,1595689278152,STR8311,POS975,NONPRIME,4680751410,CARD,TAKEAWAY,,,,518,Hourglass,1598.0,1,1598.0
23730804,1595689278152,STR8311,POS975,NONPRIME,4680751410,CARD,TAKEAWAY,,,,363,Rocking chair,2021.0,2,4042.0
95526583,1595689278252,STR5494,POS384,NONPRIME,6048272250,CARD,HOME-DELIVERY,Junagadh,Gujarat,,473,Mason jars,1358.0,1,1358.0
95526583,1595689278252,STR5494,POS384,NONPRIME,6048272250,CARD,HOME-DELIVERY,Junagadh,Gujarat,,303,Bench,2251.0,1,2251.0
89292254,1595689278252,STR1955,POS493,PRIME,4405006483,CARD,TAKEAWAY,,,,258,Closet,1687.0,2,3374.0
89292254,1595689278252,STR1955,POS493,PRIME,4405006483,CARD,TAKEAWAY,,,,418,Wing chair,1431.0,2,2862.0
89292254,1595689278252,STR1955,POS493,PRIME,4405006483,CARD,TAKEAWAY,,,,278,Dining set,1940.0,2,3880.0
89292254,1595689278252,STR1955,POS493,PRIME,4405006483,CARD,TAKEAWAY,,,,353,Recliner,1585.0,2,3170.0
57007791,1595689278252,STR5864,POS872,PRIME,7589671731,CASH,HOME-DELIVERY,Dabgram,West Bengal,,448,Martini glass,2263.0,2,4526.0
11667959,1595689278368,STR8513,POS311,NONPRIME,8111613552,CASH,TAKEAWAY,,,,318,Bofinger chair,1119.0,1,1119.0
34969032,1595689278368,STR2952,POS152,PRIME,3027514652,CASH,TAKEAWAY,,,,208,Canopy bed,508.0,1,508.0
34969032,1595689278368,STR2952,POS152,PRIME,3027514652,CASH,TAKEAWAY,,,,493,Boning knife,513.0,2,1026.0
34969032,1595689278368,STR2952,POS152,PRIME,3027514652,CASH,TAKEAWAY,,,,398,Latex Mattress,773.0,1,773.0
66311783,1595689278368,STR5864,POS132,NONPRIME,6909538460,CASH,HOME-DELIVERY,Jodhpur,Rajasthan,,383,Innerspring Mattress,655.0,1,655.0
6154510,1595689278468,STR5494,POS759,NONPRIME,4937932830,CARD,HOME-DELIVERY,Chennai,Tamil Nadu,,508,Kitchen knife,2483.0,2,4966.0
41033232,1595689278468,STR8311,POS728,PRIME,8490473378,CASH,HOME-DELIVERY,South Dum Dum,West Bengal,,593,Hanging curtains,1896.0,1,1896.0
86582666,1595689278468,STR1534,POS151,NONPRIME,7061658033,CASH,HOME-DELIVERY,Hassan,Karnataka,,238,Dining table,1582.0,1,1582.0
86582666,1595689278468,STR1534,POS151,NONPRIME,7061658033,CASH,HOME-DELIVERY,Hassan,Karnataka,,603,Sheer Curtains,1282.0,2,2564.0
86582666,1595689278468,STR1534,POS151,NONPRIME,7061658033,CASH,HOME-DELIVERY,Hassan,Karnataka,,378,Air Bed,2263.0,1,2263.0
86582666,1595689278468,STR1534,POS151,NONPRIME,7061658033,CASH,HOME-DELIVERY,Hassan,Karnataka,,478,Teapot,885.0,2,1770.0
1708270,1595689278568,STR8311,POS224,NONPRIME,2989852024,CASH,TAKEAWAY,,,,283,Portable Lamps,2236.0,1,2236.0
1708270,1595689278568,STR8311,POS224,NONPRIME,2989852024,CASH,TAKEAWAY,,,,268,Floating shelf,1894.0,1,1894.0
1708270,1595689278568,STR8311,POS224,NONPRIME,2989852024,CASH,TAKEAWAY,,,,338,Kneeling chairs,442.0,2,884.0
1708270,1595689278568,STR8311,POS224,NONPRIME,2989852024,CASH,TAKEAWAY,,,,268,Floating shelf,1894.0,1,1894.0
87260355,1595689278568,STR6382,POS661,PRIME,7115250228,CASH,TAKEAWAY,,,,503,Chef's knife,1973.0,2,3946.0
87260355,1595689278568,STR6382,POS661,PRIME,7115250228,CASH,TAKEAWAY,,,,428,Cocktail glass,1422.0,1,1422.0
75424694,1595689278568,STR5864,POS945,PRIME,5305473526,CARD,HOME-DELIVERY,Bokaro Steel City,Jharkhand,,508,Kitchen knife,2483.0,2,4966.0
75424694,1595689278568,STR5864,POS945,PRIME,5305473526,CARD,HOME-DELIVERY,Bokaro Steel City,Jharkhand,,683,Grater,370.0,1,370.0
75424694,1595689278568,STR5864,POS945,PRIME,5305473526,CARD,HOME-DELIVERY,Bokaro Steel City,Jharkhand,,458,Wine glass,1644.0,2,3288.0
75424694,1595689278568,STR5864,POS945,PRIME,5305473526,CARD,HOME-DELIVERY,Bokaro Steel City,Jharkhand,,458,Wine glass,1644.0,2,3288.0
86639216,1595689278669,STR6162,POS835,NONPRIME,5611417583,CARD,TAKEAWAY,,,,308,Butterfly chair,857.0,1,857.0
86639216,1595689278669,STR6162,POS835,NONPRIME,5611417583,CARD,TAKEAWAY,,,,648,Bottle opener,321.0,2,642.0
86639216,1595689278669,STR6162,POS835,NONPRIME,5611417583,CARD,TAKEAWAY,,,,568,Pinch Pleated Curtains,1718.0,1,1718.0
86639216,1595689278669,STR6162,POS835,NONPRIME,5611417583,CARD,TAKEAWAY,,,,323,Chiavari chair,653.0,2,1306.0
89137056,1595689278669,STR7449,POS728,PRIME,5301477438,CASH,TAKEAWAY,,,,388,Memory Foam,1884.0,2,3768.0
89137056,1595689278669,STR7449,POS728,PRIME,5301477438,CASH,TAKEAWAY,,,,283,Portable Lamps,2236.0,2,4472.0
89137056,1595689278669,STR7449,POS728,PRIME,5301477438,CASH,TAKEAWAY,,,,638,Baster,1214.0,1,1214.0
89137056,1595689278669,STR7449,POS728,PRIME,5301477438,CASH,TAKEAWAY,,,,623,Box Pleat Drapes,1683.0,1,1683.0
76604901,1595689278669,STR6382,POS265,PRIME,7908234230,CASH,HOME-DELIVERY,Guna,Madhya Pradesh,,333,Gaming chair,1902.0,1,1902.0
21584561,1595689278769,STR4899,POS447,NONPRIME,5576072500,CARD,TAKEAWAY,,,,373,Latex Mattress,1313.0,1,1313.0
21584561,1595689278769,STR4899,POS447,NONPRIME,5576072500,CARD,TAKEAWAY,,,,313,Brewster Chair,2195.0,1,2195.0
21584561,1595689278769,STR4899,POS447,NONPRIME,5576072500,CARD,TAKEAWAY,,,,248,TV tray table,1947.0,1,1947.0
21584561,1595689278769,STR4899,POS447,NONPRIME,5576072500,CARD,TAKEAWAY,,,,208,Canopy bed,508.0,2,1016.0
40730145,1595689278769,STR3781,POS129,PRIME,4692642935,CASH,HOME-DELIVERY,Murwara,Madhya Pradesh,,418,Wing chair,1431.0,1,1431.0
50306362,1595689278769,STR7449,POS923,NONPRIME,1422009832,CARD,HOME-DELIVERY,Dehri,Bihar,,543,Lighthouse clock,636.0,2,1272.0
50306362,1595689278769,STR7449,POS923,NONPRIME,1422009832,CARD,HOME-DELIVERY,Dehri,Bihar,,598,Grommet Curtains,914.0,1,914.0
50306362,1595689278769,STR7449,POS923,NONPRIME,1422009832,CARD,HOME-DELIVERY,Dehri,Bihar,,638,Baster,1214.0,1,1214.0
6501076,1595689278885,STR3781,POS843,NONPRIME,1191112820,CARD,HOME-DELIVERY,Hathras,Uttar Pradesh,,208,Canopy bed,508.0,1,508.0
75777123,1595689278885,STR2699,POS832,NONPRIME,4552039054,CASH,HOME-DELIVERY,Dabgram,West Bengal,,378,Air Bed,2263.0,1,2263.0
75777123,1595689278885,STR2699,POS832,NONPRIME,4552039054,CASH,HOME-DELIVERY,Dabgram,West Bengal,,403,Adjustable Air Mattress,1417.0,2,2834.0
75777123,1595689278885,STR2699,POS832,NONPRIME,4552039054,CASH,HOME-DELIVERY,Dabgram,West Bengal,,523,Oil-lamp clock,1371.0,2,2742.0
10856971,1595689278885,STR7449,POS215,PRIME,3453134392,CARD,HOME-DELIVERY,Katihar,Bihar,,613,Goblet Pleat Drapes,1583.0,2,3166.0
10856971,1595689278885,STR7449,POS215,PRIME,3453134392,CARD,HOME-DELIVERY,Katihar,Bihar,,633,Cafe Curtains,796.0,2,1592.0
10856971,1595689278885,STR7449,POS215,PRIME,3453134392,CARD,HOME-DELIVERY,Katihar,Bihar,,628,Window Scarf,1774.0,1,1774.0
85620376,1595689278985,STR5646,POS639,PRIME,9711257112,CARD,HOME-DELIVERY,Bokaro Steel City,Jharkhand,,598,Grommet Curtains,914.0,1,914.0
85620376,1595689278985,STR5646,POS639,PRIME,9711257112,CARD,HOME-DELIVERY,Bokaro Steel City,Jharkhand,,323,Chiavari chair,653.0,2,1306.0
7812375,1595689278985,STR7443,POS411,NONPRIME,4369698403,CARD,HOME-DELIVERY,Rishra,West Bengal,,393,Hybrid Mattress,2217.0,1,2217.0
7812375,1595689278985,STR7443,POS411,NONPRIME,4369698403,CARD,HOME-DELIVERY,Rishra,West Bengal,,648,Bottle opener,321.0,1,321.0
23310572,1595689278985,STR7255,POS692,NONPRIME,8891304816,CASH,TAKEAWAY,,,,688,Ladle,570.0,2,1140.0
33460210,1595689279085,STR5494,POS353,NONPRIME,8189067868,CASH,TAKEAWAY,,,,493,Boning knife,513.0,1,513.0
33460210,1595689279085,STR5494,POS353,NONPRIME,8189067868,CASH,TAKEAWAY,,,,373,Latex Mattress,1313.0,2,2626.0
33460210,1595689279085,STR5494,POS353,NONPRIME,8189067868,CASH,TAKEAWAY,,,,573,Eyelet Curtains,642.0,2,1284.0
33460210,1595689279085,STR5494,POS353,NONPRIME,8189067868,CASH,TAKEAWAY,,,,623,Box Pleat Drapes,1683.0,2,3366.0
52481451,1595689279085,STR2952,POS351,NONPRIME,2024774071,CASH,HOME-DELIVERY,Multan,Punjab,,378,Air Bed,2263.0,2,4526.0
52481451,1595689279085,STR2952,POS351,NONPRIME,2024774071,CASH,HOME-DELIVERY,Multan,Punjab,,658,Chinois,567.0,2,1134.0
28142591,1595689279085,STR7262,POS182,PRIME,5378825053,CASH,HOME-DELIVERY,Bharatpur,Rajasthan,,578,Goblet Pleat Curtains,1765.0,2,3530.0
28142591,1595689279085,STR7262,POS182,PRIME,5378825053,CASH,HOME-DELIVERY,Bharatpur,Rajasthan,,518,Hourglass,1598.0,2,3196.0
28142591,1595689279085,STR7262,POS182,PRIME,5378825053,CASH,HOME-DELIVERY,Bharatpur,Rajasthan,,333,Gaming chair,1902.0,1,1902.0
49119860,1595689279186,STR3781,POS978,NONPRIME,6244229107,CARD,TAKEAWAY,,,,328,Dining chair,1223.0,1,1223.0
49119860,1595689279186,STR3781,POS978,NONPRIME,6244229107,CARD,TAKEAWAY,,,,623,Box Pleat Drapes,1683.0,1,1683.0
49119860,1595689279186,STR3781,POS978,NONPRIME,6244229107,CARD,TAKEAWAY,,,,313,Brewster Chair,2195.0,2,4390.0
49119860,1595689279186,STR3781,POS978,NONPRIME,6244229107,CARD,TAKEAWAY,,,,248,TV tray table,1947.0,1,1947.0
10699626,1595689279186,STR7262,POS733,PRIME,1518460232,CASH,TAKEAWAY,,,,453,Shot glass,674.0,1,674.0
35477838,1595689279186,STR4899,POS799,PRIME,2325763742,CASH,HOME-DELIVERY,Jaipur,Rajasthan,,213,Infant bed,1755.0,2,3510.0
35477838,1595689279186,STR4899,POS799,PRIME,2325763742,CASH,HOME-DELIVERY,Jaipur,Rajasthan,,583,Tab Top Curtains,1329.0,1,1329.0
35477838,1595689279186,STR4899,POS799,PRIME,2325763742,CASH,HOME-DELIVERY,Jaipur,Rajasthan,,483,Teacups and saucers,1781.0,2,3562.0
35477838,1595689279186,STR4899,POS799,PRIME,2325763742,CASH,HOME-DELIVERY,Jaipur,Rajasthan,,233,Coffee table,1055.0,2,2110.0
77916510,1595689279286,STR5646,POS543,NONPRIME,5947487902,CARD,HOME-DELIVERY,Bokaro Steel City,Jharkhand,,638,Baster,1214.0,2,2428.0
77916510,1595689279286,STR5646,POS543,NONPRIME,5947487902,CARD,HOME-DELIVERY,Bokaro Steel City,Jharkhand,,648,Bottle opener,321.0,2,642.0
62957382,1595689279286,STR2699,POS773,NONPRIME,9327106277,CASH,TAKEAWAY,,,,473,Mason jars,1358.0,2,2716.0
62957382,1595689279286,STR2699,POS773,NONPRIME,9327106277,CASH,TAKEAWAY,,,,313,Brewster Chair,2195.0,2,4390.0
62957382,1595689279286,STR2699,POS773,NONPRIME,9327106277,CASH,TAKEAWAY,,,,213,Infant bed,1755.0,2,3510.0
62957382,1595689279286,STR2699,POS773,NONPRIME,9327106277,CASH,TAKEAWAY,,,,458,Wine glass,1644.0,2,3288.0
11323296,1595689279286,STR7443,POS388,PRIME,8714158103,CASH,HOME-DELIVERY,Tambaram,Tamil Nadu,,488,Bread knife,1077.0,2,2154.0
11323296,1595689279286,STR7443,POS388,PRIME,8714158103,CASH,HOME-DELIVERY,Tambaram,Tamil Nadu,,393,Hybrid Mattress,2217.0,1,2217.0
11323296,1595689279286,STR7443,POS388,PRIME,8714158103,CASH,HOME-DELIVERY,Tambaram,Tamil Nadu,,508,Kitchen knife,2483.0,1,2483.0
5280848,1595689279386,STR5494,POS353,NONPRIME,8189067868,CASH,TAKEAWAY,,,,633,Cafe Curtains,796.0,2,1592.0
92439731,1595689279386,STR4899,POS799,PRIME,2325763742,CASH,HOME-DELIVERY,Ganganagar,Rajasthan,,373,Latex Mattress,1313.0,2,2626.0
92439731,1595689279386,STR4899,POS799,PRIME,2325763742,CASH,HOME-DELIVERY,Ganganagar,Rajasthan,,208,Canopy bed,508.0,1,508.0
92439731,1595689279386,STR4899,POS799,PRIME,2325763742,CASH,HOME-DELIVERY,Ganganagar,Rajasthan,,408,Confidante,1242.0,1,1242.0
92439731,1595689279386,STR4899,POS799,PRIME,2325763742,CASH,HOME-DELIVERY,Ganganagar,Rajasthan,,663,Corkscrew,983.0,2,1966.0
49321704,1595689279386,STR2952,POS471,NONPRIME,9741556539,CASH,TAKEAWAY,,,,588,Sheer Curtains,801.0,2,1602.0
49321704,1595689279386,STR2952,POS471,NONPRIME,9741556539,CASH,TAKEAWAY,,,,203,Bunk bed,1686.0,1,1686.0
49321704,1595689279386,STR2952,POS471,NONPRIME,9741556539,CASH,TAKEAWAY,,,,513,Flip clock,1259.0,2,2518.0
49321704,1595689279386,STR2952,POS471,NONPRIME,9741556539,CASH,TAKEAWAY,,,,318,Bofinger chair,1119.0,1,1119.0
64487986,1595689279487,STR1955,POS992,NONPRIME,1482417862,CASH,TAKEAWAY,,,,298,Bardic chair,1649.0,2,3298.0
64487986,1595689279487,STR1955,POS992,NONPRIME,1482417862,CASH,TAKEAWAY,,,,333,Gaming chair,1902.0,1,1902.0
64487986,1595689279487,STR1955,POS992,NONPRIME,1482417862,CASH,TAKEAWAY,,,,203,Bunk bed,1686.0,2,3372.0
95799334,1595689279487,STR7443,POS394,NONPRIME,7587821520,CASH,TAKEAWAY,,,,668,Crab cracker,785.0,1,785.0
95799334,1595689279487,STR7443,POS394,NONPRIME,7587821520,CASH,TAKEAWAY,,,,473,Mason jars,1358.0,1,1358.0
61653985,1595689279487,STR4899,POS584,NONPRIME,2502121621,CASH,HOME-DELIVERY,Shivapuri,Madhya Pradesh,,608,Pleated Drapes,1684.0,1,1684.0
61653985,1595689279487,STR4899,POS584,NONPRIME,2502121621,CASH,HOME-DELIVERY,Shivapuri,Madhya Pradesh,,648,Bottle opener,321.0,1,321.0
61653985,1595689279487,STR4899,POS584,NONPRIME,2502121621,CASH,HOME-DELIVERY,Shivapuri,Madhya Pradesh,,393,Hybrid Mattress,2217.0,1,2217.0
63239907,1595689279587,STR2629,POS285,NONPRIME,6419885098,CASH,TAKEAWAY,,,,478,Teapot,885.0,1,885.0
63239907,1595689279587,STR2629,POS285,NONPRIME,6419885098,CASH,TAKEAWAY,,,,668,Crab cracker,785.0,1,785.0
36508415,1595689279587,STR2699,POS779,PRIME,6797767929,CASH,HOME-DELIVERY,Multan,Punjab,,483,Teacups and saucers,1781.0,1,1781.0
36508415,1595689279587,STR2699,POS779,PRIME,6797767929,CASH,HOME-DELIVERY,Multan,Punjab,,463,Cookie jars,793.0,1,793.0
55569167,1595689279587,STR5864,POS945,PRIME,5305473526,CARD,HOME-DELIVERY,Sitapur,Uttar Pradesh,,243,Folding table,738.0,2,1476.0
55569167,1595689279587,STR5864,POS945,PRIME,5305473526,CARD,HOME-DELIVERY,Sitapur,Uttar Pradesh,,533,Rolling ball clock,1651.0,2,3302.0
55569167,1595689279587,STR5864,POS945,PRIME,5305473526,CARD,HOME-DELIVERY,Sitapur,Uttar Pradesh,,653,Browning tray,375.0,2,750.0
60361855,1595689279687,STR2629,POS172,NONPRIME,7829975914,CASH,HOME-DELIVERY,Adoni,Andhra Pradesh,,653,Browning tray,375.0,2,750.0
60361855,1595689279687,STR2629,POS172,NONPRIME,7829975914,CASH,HOME-DELIVERY,Adoni,Andhra Pradesh,,338,Kneeling chairs,442.0,1,442.0
60361855,1595689279687,STR2629,POS172,NONPRIME,7829975914,CASH,HOME-DELIVERY,Adoni,Andhra Pradesh,,443,Margarita glass,2475.0,1,2475.0
60361855,1595689279687,STR2629,POS172,NONPRIME,7829975914,CASH,HOME-DELIVERY,Adoni,Andhra Pradesh,,593,Hanging curtains,1896.0,1,1896.0
34981063,1595689279687,STR7449,POS923,NONPRIME,1422009832,CARD,HOME-DELIVERY,Tiruvottiyur,Tamil Nadu,,308,Butterfly chair,857.0,2,1714.0
34981063,1595689279687,STR7449,POS923,NONPRIME,1422009832,CARD,HOME-DELIVERY,Tiruvottiyur,Tamil Nadu,,698,Meat grinder,1250.0,2,2500.0
34981063,1595689279687,STR7449,POS923,NONPRIME,1422009832,CARD,HOME-DELIVERY,Tiruvottiyur,Tamil Nadu,,533,Rolling ball clock,1651.0,2,3302.0
98609168,1595689279687,STR2952,POS351,NONPRIME,2024774071,CASH,HOME-DELIVERY,Unnao,Uttar Pradesh,,653,Browning tray,375.0,2,750.0
63112968,1595689279788,STR7262,POS733,PRIME,1518460232,CASH,TAKEAWAY,,,,223,Hammock,1210.0,1,1210.0
69101491,1595689279788,STR5646,POS543,NONPRIME,5947487902,CARD,HOME-DELIVERY,Alandur,Tamil Nadu,,248,TV tray table,1947.0,1,1947.0
60567178,1595689279788,STR5864,POS465,NONPRIME,1211843745,CARD,TAKEAWAY,,,,618,Pencil Pleat Drapes,1140.0,1,1140.0
60567178,1595689279788,STR5864,POS465,NONPRIME,1211843745,CARD,TAKEAWAY,,,,263,Kitchen cabinet,1050.0,1,1050.0
60567178,1595689279788,STR5864,POS465,NONPRIME,1211843745,CARD,TAKEAWAY,,,,613,Goblet Pleat Drapes,1583.0,1,1583.0
3294604,1595689279888,STR6162,POS279,PRIME,2262471989,CASH,HOME-DELIVERY,Shivapuri,Madhya Pradesh,,403,Adjustable Air Mattress,1417.0,1,1417.0
76602792,1595689279888,STR8513,POS881,NONPRIME,2599848717,CARD,TAKEAWAY,,,,413,Slipcover,1896.0,1,1896.0
76602792,1595689279888,STR8513,POS881,NONPRIME,2599848717,CARD,TAKEAWAY,,,,418,Wing chair,1431.0,2,2862.0
76602792,1595689279888,STR8513,POS881,NONPRIME,2599848717,CARD,TAKEAWAY,,,,288,Hutch,1812.0,2,3624.0
48629098,1595689279888,STR4899,POS447,NONPRIME,5576072500,CARD,TAKEAWAY,,,,683,Grater,370.0,2,740.0
48629098,1595689279888,STR4899,POS447,NONPRIME,5576072500,CARD,TAKEAWAY,,,,348,Navy chair,1998.0,1,1998.0
43528304,1595689279988,STR6347,POS333,NONPRIME,9740604930,CARD,HOME-DELIVERY,Hathras,Uttar Pradesh,,588,Sheer Curtains,801.0,2,1602.0
43528304,1595689279988,STR6347,POS333,NONPRIME,9740604930,CARD,HOME-DELIVERY,Hathras,Uttar Pradesh,,398,Latex Mattress,773.0,1,773.0
43528304,1595689279988,STR6347,POS333,NONPRIME,9740604930,CARD,HOME-DELIVERY,Hathras,Uttar Pradesh,,528,Projection clock,2365.0,2,4730.0
43528304,1595689279988,STR6347,POS333,NONPRIME,9740604930,CARD,HOME-DELIVERY,Hathras,Uttar Pradesh,,343,Massage chair,1354.0,1,1354.0
41374848,1595689279988,STR5494,POS759,NONPRIME,4937932830,CARD,HOME-DELIVERY,Farrukhabad-cum-Fatehgarh,Uttar Pradesh,,413,Slipcover,1896.0,1,1896.0
41374848,1595689279988,STR5494,POS759,NONPRIME,4937932830,CARD,HOME-DELIVERY,Farrukhabad-cum-Fatehgarh,Uttar Pradesh,,693,Mandoline,250.0,2,500.0
35363679,1595689279988,STR6382,POS968,PRIME,4148565252,CASH,HOME-DELIVERY,Rishra,West Bengal,,383,Innerspring Mattress,655.0,1,655.0
55695044,1595689280089,STR2699,POS792,PRIME,7475384243,CASH,HOME-DELIVERY,Nellore,Andhra Pradesh,,333,Gaming chair,1902.0,2,3804.0
55695044,1595689280089,STR2699,POS792,PRIME,7475384243,CASH,HOME-DELIVERY,Nellore,Andhra Pradesh,,553,Banjo clock,1651.0,1,1651.0
55695044,1595689280089,STR2699,POS792,PRIME,7475384243,CASH,HOME-DELIVERY,Nellore,Andhra Pradesh,,248,TV tray table,1947.0,2,3894.0
55695044,1595689280089,STR2699,POS792,PRIME,7475384243,CASH,HOME-DELIVERY,Nellore,Andhra Pradesh,,663,Corkscrew,983.0,1,983.0
47234018,1595689280089,STR7255,POS866,PRIME,5432615113,CASH,TAKEAWAY,,,,388,Memory Foam,1884.0,2,3768.0
47234018,1595689280089,STR7255,POS866,PRIME,5432615113,CASH,TAKEAWAY,,,,563,Chiming clock,2168.0,2,4336.0
47234018,1595689280089,STR7255,POS866,PRIME,5432615113,CASH,TAKEAWAY,,,,488,Bread knife,1077.0,2,2154.0
47234018,1595689280089,STR7255,POS866,PRIME,5432615113,CASH,TAKEAWAY,,,,308,Butterfly chair,857.0,1,857.0
36135664,1595689280089,STR7262,POS182,PRIME,5378825053,CASH,HOME-DELIVERY,Shivapuri,Madhya Pradesh,,478,Teapot,885.0,2,1770.0
30346292,1595689280189,STR6162,POS835,NONPRIME,5611417583,CARD,TAKEAWAY,,,,478,Teapot,885.0,1,885.0
30346292,1595689280189,STR6162,POS835,NONPRIME,5611417583,CARD,TAKEAWAY,,,,258,Closet,1687.0,1,1687.0
30346292,1595689280189,STR6162,POS835,NONPRIME,5611417583,CARD,TAKEAWAY,,,,228,Divan,1083.0,2,2166.0
30346292,1595689280189,STR6162,POS835,NONPRIME,5611417583,CARD,TAKEAWAY,,,,448,Martini glass,2263.0,1,2263.0
26272341,1595689280189,STR7443,POS333,NONPRIME,5483488802,CASH,HOME-DELIVERY,Mathura,Uttar Pradesh,,398,Latex Mattress,773.0,2,1546.0
26272341,1595689280189,STR7443,POS333,NONPRIME,5483488802,CASH,HOME-DELIVERY,Mathura,Uttar Pradesh,,343,Massage chair,1354.0,1,1354.0
9689253,1595689280189,STR5646,POS639,PRIME,9711257112,CARD,HOME-DELIVERY,Ongole,Andhra Pradesh,,543,Lighthouse clock,636.0,1,636.0
9689253,1595689280189,STR5646,POS639,PRIME,9711257112,CARD,HOME-DELIVERY,Ongole,Andhra Pradesh,,218,Sofa bed,895.0,1,895.0
9689253,1595689280189,STR5646,POS639,PRIME,9711257112,CARD,HOME-DELIVERY,Ongole,Andhra Pradesh,,378,Air Bed,2263.0,1,2263.0
65405178,1595689280289,STR2952,POS477,NONPRIME,3425633108,CASH,TAKEAWAY,,,,573,Eyelet Curtains,642.0,1,642.0
65405178,1595689280289,STR2952,POS477,NONPRIME,3425633108,CASH,TAKEAWAY,,,,493,Boning knife,513.0,1,513.0
97738231,1595689280289,STR6347,POS927,NONPRIME,3996109634,CARD,HOME-DELIVERY,Varanasi,Uttar Pradesh,,273,Bedroom set,842.0,2,1684.0
97738231,1595689280289,STR6347,POS927,NONPRIME,3996109634,CARD,HOME-DELIVERY,Varanasi,Uttar Pradesh,,648,Bottle opener,321.0,2,642.0
97738231,1595689280289,STR6347,POS927,NONPRIME,3996109634,CARD,HOME-DELIVERY,Varanasi,Uttar Pradesh,,303,Bench,2251.0,2,4502.0
81312418,1595689280289,STR7443,POS388,PRIME,8714158103,CASH,HOME-DELIVERY,Sambalpur,Odisha,,448,Martini glass,2263.0,1,2263.0
81312418,1595689280289,STR7443,POS388,PRIME,8714158103,CASH,HOME-DELIVERY,Sambalpur,Odisha,,328,Dining chair,1223.0,2,2446.0
29645319,1595689297415,STR2699,POS792,PRIME,7475384243,CASH,HOME-DELIVERY,Agra,Uttar Pradesh,,238,Dining table,1582.0,2,3164.0
29645319,1595689297415,STR2699,POS792,PRIME,7475384243,CASH,HOME-DELIVERY,Agra,Uttar Pradesh,,438,Lead glass,2069.0,1,2069.0
29645319,1595689297415,STR2699,POS792,PRIME,7475384243,CASH,HOME-DELIVERY,Agra,Uttar Pradesh,,568,Pinch Pleated Curtains,1718.0,1,1718.0
73685466,1595689297415,STR7188,POS664,PRIME,9316477281,CARD,HOME-DELIVERY,Raigarh,Chhattisgarh,,533,Rolling ball clock,1651.0,2,3302.0
73685466,1595689297415,STR7188,POS664,PRIME,9316477281,CARD,HOME-DELIVERY,Raigarh,Chhattisgarh,,608,Pleated Drapes,1684.0,1,1684.0
72729207,1595689297415,STR6347,POS927,NONPRIME,3996109634,CARD,HOME-DELIVERY,Hathras,Uttar Pradesh,,383,Innerspring Mattress,655.0,1,655.0
72729207,1595689297415,STR6347,POS927,NONPRIME,3996109634,CARD,HOME-DELIVERY,Hathras,Uttar Pradesh,,423,Quilt,1485.0,1,1485.0
65968288,1595689297747,STR6162,POS431,NONPRIME,8651346374,CARD,HOME-DELIVERY,Mathura,Uttar Pradesh,,673,Dough scraper,980.0,1,980.0
65968288,1595689297747,STR6162,POS431,NONPRIME,8651346374,CARD,HOME-DELIVERY,Mathura,Uttar Pradesh,,618,Pencil Pleat Drapes,1140.0,2,2280.0
65968288,1595689297747,STR6162,POS431,NONPRIME,8651346374,CARD,HOME-DELIVERY,Mathura,Uttar Pradesh,,348,Navy chair,1998.0,2,3996.0
88825935,1595689297747,STR5864,POS945,PRIME,5305473526,CARD,HOME-DELIVERY,Gonda,Uttar Pradesh,,303,Bench,2251.0,1,2251.0
88825935,1595689297747,STR5864,POS945,PRIME,5305473526,CARD,HOME-DELIVERY,Gonda,Uttar Pradesh,,518,Hourglass,1598.0,1,1598.0
88825935,1595689297747,STR5864,POS945,PRIME,5305473526,CARD,HOME-DELIVERY,Gonda,Uttar Pradesh,,353,Recliner,1585.0,1,1585.0
88825935,1595689297747,STR5864,POS945,PRIME,5305473526,CARD,HOME-DELIVERY,Gonda,Uttar Pradesh,,453,Shot glass,674.0,1,674.0
30349547,1595689297747,STR1534,POS934,PRIME,5525406429,CASH,TAKEAWAY,,,,263,Kitchen cabinet,1050.0,1,1050.0
30349547,1595689297747,STR1534,POS934,PRIME,5525406429,CASH,TAKEAWAY,,,,523,Oil-lamp clock,1371.0,2,2742.0
30349547,1595689297747,STR1534,POS934,PRIME,5525406429,CASH,TAKEAWAY,,,,263,Kitchen cabinet,1050.0,1,1050.0
83530163,1595689297847,STR1534,POS151,NONPRIME,7061658033,CASH,HOME-DELIVERY,Ambala Sadar,Haryana,,443,Margarita glass,2475.0,2,4950.0
96907109,1595689297847,STR6347,POS622,PRIME,5697125813,CARD,HOME-DELIVERY,Shivapuri,Madhya Pradesh,,428,Cocktail glass,1422.0,1,1422.0
96907109,1595689297847,STR6347,POS622,PRIME,5697125813,CARD,HOME-DELIVERY,Shivapuri,Madhya Pradesh,,633,Cafe Curtains,796.0,2,1592.0
50532210,1595689297847,STR7449,POS423,PRIME,7691699125,CASH,HOME-DELIVERY,Shivapuri,Madhya Pradesh,,603,Sheer Curtains,1282.0,1,1282.0
50532210,1595689297847,STR7449,POS423,PRIME,7691699125,CASH,HOME-DELIVERY,Shivapuri,Madhya Pradesh,,463,Cookie jars,793.0,2,1586.0
80136623,1595689297947,STR6347,POS994,PRIME,6296964163,CASH,TAKEAWAY,,,,313,Brewster Chair,2195.0,2,4390.0
80136623,1595689297947,STR6347,POS994,PRIME,6296964163,CASH,TAKEAWAY,,,,658,Chinois,567.0,2,1134.0
85209287,1595689297947,STR1955,POS324,NONPRIME,3916555911,CASH,HOME-DELIVERY,Chennai,Tamil Nadu,,478,Teapot,885.0,1,885.0
85209287,1595689297947,STR1955,POS324,NONPRIME,3916555911,CASH,HOME-DELIVERY,Chennai,Tamil Nadu,,643,Blow torch,1955.0,2,3910.0
85209287,1595689297947,STR1955,POS324,NONPRIME,3916555911,CASH,HOME-DELIVERY,Chennai,Tamil Nadu,,293,Bar stool,1148.0,1,1148.0
48657191,1595689297947,STR5646,POS639,PRIME,9711257112,CARD,HOME-DELIVERY,Satna,Madhya Pradesh,,623,Box Pleat Drapes,1683.0,2,3366.0
48657191,1595689297947,STR5646,POS639,PRIME,9711257112,CARD,HOME-DELIVERY,Satna,Madhya Pradesh,,623,Box Pleat Drapes,1683.0,2,3366.0
48657191,1595689297947,STR5646,POS639,PRIME,9711257112,CARD,HOME-DELIVERY,Satna,Madhya Pradesh,,668,Crab cracker,785.0,2,1570.0
83259841,1595689298048,STR8311,POS224,NONPRIME,2989852024,CASH,TAKEAWAY,,,,408,Confidante,1242.0,1,1242.0
83259841,1595689298048,STR8311,POS224,NONPRIME,2989852024,CASH,TAKEAWAY,,,,603,Sheer Curtains,1282.0,1,1282.0
91214512,1595689298048,STR1955,POS837,NONPRIME,7136581152,CASH,HOME-DELIVERY,Chennai,Tamil Nadu,,593,Hanging curtains,1896.0,2,3792.0
14276250,1595689298048,STR2629,POS285,NONPRIME,6419885098,CASH,TAKEAWAY,,,,273,Bedroom set,842.0,2,1684.0
69155300,1595689298157,STR7449,POS351,NONPRIME,9639928743,CASH,TAKEAWAY,,,,448,Martini glass,2263.0,1,2263.0
5781690,1595689298157,STR4899,POS441,NONPRIME,4227803954,CASH,TAKEAWAY,,,,568,Pinch Pleated Curtains,1718.0,2,3436.0
5781690,1595689298157,STR4899,POS441,NONPRIME,4227803954,CASH,TAKEAWAY,,,,488,Bread knife,1077.0,1,1077.0
94430345,1595689298157,STR7255,POS738,NONPRIME,8582181693,CASH,TAKEAWAY,,,,268,Floating shelf,1894.0,2,3788.0
94430345,1595689298157,STR7255,POS738,NONPRIME,8582181693,CASH,TAKEAWAY,,,,408,Confidante,1242.0,2,2484.0
94430345,1595689298157,STR7255,POS738,NONPRIME,8582181693,CASH,TAKEAWAY,,,,608,Pleated Drapes,1684.0,1,1684.0
50800345,1595689298258,STR4899,POS954,NONPRIME,3716602332,CASH,HOME-DELIVERY,Vijayawada,Andhra Pradesh,,333,Gaming chair,1902.0,1,1902.0
50800345,1595689298258,STR4899,POS954,NONPRIME,3716602332,CASH,HOME-DELIVERY,Vijayawada,Andhra Pradesh,,423,Quilt,1485.0,2,2970.0
50800345,1595689298258,STR4899,POS954,NONPRIME,3716602332,CASH,HOME-DELIVERY,Vijayawada,Andhra Pradesh,,473,Mason jars,1358.0,1,1358.0
49558137,1595689298279,STR5494,POS384,NONPRIME,6048272250,CARD,HOME-DELIVERY,Allappuzha,Kerala,,228,Divan,1083.0,2,2166.0
49558137,1595689298279,STR5494,POS384,NONPRIME,6048272250,CARD,HOME-DELIVERY,Allappuzha,Kerala,,513,Flip clock,1259.0,2,2518.0
28927842,1595689298279,STR6162,POS279,PRIME,2262471989,CASH,HOME-DELIVERY,Shivapuri,Madhya Pradesh,,518,Hourglass,1598.0,2,3196.0
28927842,1595689298279,STR6162,POS279,PRIME,2262471989,CASH,HOME-DELIVERY,Shivapuri,Madhya Pradesh,,643,Blow torch,1955.0,1,1955.0
28927842,1595689298279,STR6162,POS279,PRIME,2262471989,CASH,HOME-DELIVERY,Shivapuri,Madhya Pradesh,,438,Lead glass,2069.0,1,2069.0
425491,1595689298361,STR6162,POS835,NONPRIME,5611417583,CARD,TAKEAWAY,,,,343,Massage chair,1354.0,1,1354.0
425491,1595689298361,STR6162,POS835,NONPRIME,5611417583,CARD,TAKEAWAY,,,,673,Dough scraper,980.0,1,980.0
425491,1595689298361,STR6162,POS835,NONPRIME,5611417583,CARD,TAKEAWAY,,,,538,Grandmother clock,1301.0,1,1301.0
425491,1595689298361,STR6162,POS835,NONPRIME,5611417583,CARD,TAKEAWAY,,,,228,Divan,1083.0,2,2166.0
83208836,1595689298381,STR2629,POS285,NONPRIME,6419885098,CASH,TAKEAWAY,,,,503,Chef's knife,1973.0,1,1973.0
83208836,1595689298381,STR2629,POS285,NONPRIME,6419885098,CASH,TAKEAWAY,,,,233,Coffee table,1055.0,2,2110.0
83208836,1595689298381,STR2629,POS285,NONPRIME,6419885098,CASH,TAKEAWAY,,,,348,Navy chair,1998.0,1,1998.0
83208836,1595689298381,STR2629,POS285,NONPRIME,6419885098,CASH,TAKEAWAY,,,,693,Mandoline,250.0,2,500.0
97071665,1595689298381,STR1534,POS364,NONPRIME,3006055636,CASH,HOME-DELIVERY,Raigarh,Chhattisgarh,,358,Restraint chair,1943.0,1,1943.0
97071665,1595689298381,STR1534,POS364,NONPRIME,3006055636,CASH,HOME-DELIVERY,Raigarh,Chhattisgarh,,633,Cafe Curtains,796.0,2,1592.0
97071665,1595689298381,STR1534,POS364,NONPRIME,3006055636,CASH,HOME-DELIVERY,Raigarh,Chhattisgarh,,508,Kitchen knife,2483.0,1,2483.0
97071665,1595689298381,STR1534,POS364,NONPRIME,3006055636,CASH,HOME-DELIVERY,Raigarh,Chhattisgarh,,643,Blow torch,1955.0,2,3910.0
65080985,1595689298473,STR8311,POS975,NONPRIME,4680751410,CARD,TAKEAWAY,,,,228,Divan,1083.0,2,2166.0
65080985,1595689298473,STR8311,POS975,NONPRIME,4680751410,CARD,TAKEAWAY,,,,413,Slipcover,1896.0,1,1896.0
88016482,1595689298489,STR1534,POS151,NONPRIME,7061658033,CASH,HOME-DELIVERY,Tiruvottiyur,Tamil Nadu,,563,Chiming clock,2168.0,1,2168.0
91689436,1595689298489,STR6347,POS927,NONPRIME,3996109634,CARD,HOME-DELIVERY,Bellary,Karnataka,,343,Massage chair,1354.0,1,1354.0
91689436,1595689298489,STR6347,POS927,NONPRIME,3996109634,CARD,HOME-DELIVERY,Bellary,Karnataka,,318,Bofinger chair,1119.0,2,2238.0
91689436,1595689298489,STR6347,POS927,NONPRIME,3996109634,CARD,HOME-DELIVERY,Bellary,Karnataka,,528,Projection clock,2365.0,2,4730.0
62975748,1595689298574,STR5494,POS759,NONPRIME,4937932830,CARD,HOME-DELIVERY,Dehri,Bihar,,353,Recliner,1585.0,2,3170.0
62975748,1595689298574,STR5494,POS759,NONPRIME,4937932830,CARD,HOME-DELIVERY,Dehri,Bihar,,223,Hammock,1210.0,2,2420.0
62975748,1595689298574,STR5494,POS759,NONPRIME,4937932830,CARD,HOME-DELIVERY,Dehri,Bihar,,688,Ladle,570.0,2,1140.0
38709022,1595689298589,STR6162,POS835,NONPRIME,5611417583,CARD,TAKEAWAY,,,,613,Goblet Pleat Drapes,1583.0,1,1583.0
38709022,1595689298589,STR6162,POS835,NONPRIME,5611417583,CARD,TAKEAWAY,,,,368,Stool,888.0,1,888.0
85220979,1595689298589,STR7188,POS956,PRIME,4629185211,CARD,TAKEAWAY,,,,418,Wing chair,1431.0,1,1431.0
85220979,1595689298589,STR7188,POS956,PRIME,4629185211,CARD,TAKEAWAY,,,,203,Bunk bed,1686.0,2,3372.0
85220979,1595689298589,STR7188,POS956,PRIME,4629185211,CARD,TAKEAWAY,,,,573,Eyelet Curtains,642.0,1,642.0
85220979,1595689298589,STR7188,POS956,PRIME,4629185211,CARD,TAKEAWAY,,,,363,Rocking chair,2021.0,2,4042.0
18972019,1595689298674,STR2629,POS647,PRIME,1053863739,CASH,TAKEAWAY,,,,423,Quilt,1485.0,1,1485.0
18972019,1595689298674,STR2629,POS647,PRIME,1053863739,CASH,TAKEAWAY,,,,513,Flip clock,1259.0,1,1259.0
18972019,1595689298674,STR2629,POS647,PRIME,1053863739,CASH,TAKEAWAY,,,,638,Baster,1214.0,1,1214.0
18972019,1595689298674,STR2629,POS647,PRIME,1053863739,CASH,TAKEAWAY,,,,318,Bofinger chair,1119.0,1,1119.0
82059703,1595689298705,STR3781,POS978,NONPRIME,6244229107,CARD,TAKEAWAY,,,,328,Dining chair,1223.0,1,1223.0
25908059,1595689298705,STR5864,POS945,PRIME,5305473526,CARD,HOME-DELIVERY,Pune,Maharastra,,208,Canopy bed,508.0,1,508.0
61330161,1595689298774,STR3781,POS129,PRIME,4692642935,CASH,HOME-DELIVERY,Karnal,Haryana,,248,TV tray table,1947.0,1,1947.0
61330161,1595689298774,STR3781,POS129,PRIME,4692642935,CASH,HOME-DELIVERY,Karnal,Haryana,,218,Sofa bed,895.0,2,1790.0
61330161,1595689298774,STR3781,POS129,PRIME,4692642935,CASH,HOME-DELIVERY,Karnal,Haryana,,478,Teapot,885.0,1,885.0
89302367,1595689298805,STR6347,POS856,NONPRIME,5724653917,CASH,TAKEAWAY,,,,223,Hammock,1210.0,1,1210.0
89302367,1595689298805,STR6347,POS856,NONPRIME,5724653917,CASH,TAKEAWAY,,,,233,Coffee table,1055.0,2,2110.0
89302367,1595689298805,STR6347,POS856,NONPRIME,5724653917,CASH,TAKEAWAY,,,,398,Latex Mattress,773.0,2,1546.0
89302367,1595689298805,STR6347,POS856,NONPRIME,5724653917,CASH,TAKEAWAY,,,,223,Hammock,1210.0,1,1210.0
89302367,1595689298805,STR6347,POS856,NONPRIME,5724653917,CASH,TAKEAWAY,,,,233,Coffee table,1055.0,2,2110.0
89302367,1595689298805,STR6347,POS856,NONPRIME,5724653917,CASH,TAKEAWAY,,,,398,Latex Mattress,773.0,2,1546.0
99295551,1595689298874,STR1534,POS151,NONPRIME,7061658033,CASH,HOME-DELIVERY,Raigarh,Chhattisgarh,,333,Gaming chair,1902.0,1,1902.0
99295551,1595689298874,STR1534,POS151,NONPRIME,7061658033,CASH,HOME-DELIVERY,Raigarh,Chhattisgarh,,473,Mason jars,1358.0,1,1358.0
99295551,1595689298874,STR1534,POS151,NONPRIME,7061658033,CASH,HOME-DELIVERY,Raigarh,Chhattisgarh,,238,Dining table,1582.0,1,1582.0
99295551,1595689298874,STR1534,POS151,NONPRIME,7061658033,CASH,HOME-DELIVERY,Raigarh,Chhattisgarh,,623,Box Pleat Drapes,1683.0,2,3366.0
35293375,1595689298905,STR6382,POS851,NONPRIME,8110266676,CARD,TAKEAWAY,,,,593,Hanging curtains,1896.0,2,3792.0
35293375,1595689298905,STR6382,POS851,NONPRIME,8110266676,CARD,TAKEAWAY,,,,583,Tab Top Curtains,1329.0,2,2658.0
35293375,1595689298905,STR6382,POS851,NONPRIME,8110266676,CARD,TAKEAWAY,,,,608,Pleated Drapes,1684.0,2,3368.0
74010910,1595689298905,STR2699,POS773,NONPRIME,9327106277,CASH,TAKEAWAY,,,,603,Sheer Curtains,1282.0,1,1282.0
74010910,1595689298905,STR2699,POS773,NONPRIME,9327106277,CASH,TAKEAWAY,,,,443,Margarita glass,2475.0,1,2475.0
74010910,1595689298905,STR2699,POS773,NONPRIME,9327106277,CASH,TAKEAWAY,,,,353,Recliner,1585.0,2,3170.0
74010910,1595689298905,STR2699,POS773,NONPRIME,9327106277,CASH,TAKEAWAY,,,,373,Latex Mattress,1313.0,1,1313.0
2647892,1595689298975,STR5494,POS121,PRIME,9509332022,CARD,TAKEAWAY,,,,453,Shot glass,674.0,2,1348.0
2647892,1595689298975,STR5494,POS121,PRIME,9509332022,CARD,TAKEAWAY,,,,618,Pencil Pleat Drapes,1140.0,2,2280.0
2647892,1595689298975,STR5494,POS121,PRIME,9509332022,CARD,TAKEAWAY,,,,378,Air Bed,2263.0,1,2263.0
4971369,1595689299006,STR6162,POS987,NONPRIME,8071065242,CASH,TAKEAWAY,,,,688,Ladle,570.0,1,570.0
4971369,1595689299006,STR6162,POS987,NONPRIME,8071065242,CASH,TAKEAWAY,,,,313,Brewster Chair,2195.0,2,4390.0
39180941,1595689299006,STR5864,POS945,PRIME,5305473526,CARD,HOME-DELIVERY,Hassan,Karnataka,,478,Teapot,885.0,2,1770.0
39180941,1595689299006,STR5864,POS945,PRIME,5305473526,CARD,HOME-DELIVERY,Hassan,Karnataka,,633,Cafe Curtains,796.0,2,1592.0
39180941,1595689299006,STR5864,POS945,PRIME,5305473526,CARD,HOME-DELIVERY,Hassan,Karnataka,,558,Balloon clock,1633.0,2,3266.0
16042100,1595689299090,STR5494,POS353,NONPRIME,8189067868,CASH,TAKEAWAY,,,,358,Restraint chair,1943.0,2,3886.0
16042100,1595689299090,STR5494,POS353,NONPRIME,8189067868,CASH,TAKEAWAY,,,,518,Hourglass,1598.0,2,3196.0
16042100,1595689299090,STR5494,POS353,NONPRIME,8189067868,CASH,TAKEAWAY,,,,518,Hourglass,1598.0,2,3196.0
16042100,1595689299090,STR5494,POS353,NONPRIME,8189067868,CASH,TAKEAWAY,,,,548,Cartel clock,1500.0,1,1500.0
29142006,1595689299121,STR2629,POS768,NONPRIME,1360645962,CARD,HOME-DELIVERY,Jammu,Jammu and Kashmir,,478,Teapot,885.0,1,885.0
64334600,1595689299121,STR2629,POS172,NONPRIME,7829975914,CASH,HOME-DELIVERY,Ingraj Bazar,West Bengal,,458,Wine glass,1644.0,2,3288.0
94037258,1595689299190,STR6382,POS265,PRIME,7908234230,CASH,HOME-DELIVERY,Serampore,West Bengal,,603,Sheer Curtains,1282.0,2,2564.0
94037258,1595689299190,STR6382,POS265,PRIME,7908234230,CASH,HOME-DELIVERY,Serampore,West Bengal,,438,Lead glass,2069.0,2,4138.0
94037258,1595689299190,STR6382,POS265,PRIME,7908234230,CASH,HOME-DELIVERY,Serampore,West Bengal,,593,Hanging curtains,1896.0,1,1896.0
94037258,1595689299190,STR6382,POS265,PRIME,7908234230,CASH,HOME-DELIVERY,Serampore,West Bengal,,613,Goblet Pleat Drapes,1583.0,1,1583.0
88389565,1595689299222,STR5494,POS353,NONPRIME,8189067868,CASH,TAKEAWAY,,,,343,Massage chair,1354.0,1,1354.0
88389565,1595689299222,STR5494,POS353,NONPRIME,8189067868,CASH,TAKEAWAY,,,,543,Lighthouse clock,636.0,1,636.0
13715001,1595689299222,STR5646,POS212,NONPRIME,4226427254,CARD,HOME-DELIVERY,Tambaram,Tamil Nadu,,618,Pencil Pleat Drapes,1140.0,1,1140.0
13715001,1595689299222,STR5646,POS212,NONPRIME,4226427254,CARD,HOME-DELIVERY,Tambaram,Tamil Nadu,,298,Bardic chair,1649.0,2,3298.0
20256426,1595689299291,STR5494,POS384,NONPRIME,6048272250,CARD,HOME-DELIVERY,Bellary,Karnataka,,633,Cafe Curtains,796.0,2,1592.0
98090568,1595689299322,STR7262,POS576,NONPRIME,2016894106,CARD,TAKEAWAY,,,,283,Portable Lamps,2236.0,1,2236.0
84805353,1595689299322,STR7255,POS738,NONPRIME,8582181693,CASH,TAKEAWAY,,,,288,Hutch,1812.0,2,3624.0
84805353,1595689299322,STR7255,POS738,NONPRIME,8582181693,CASH,TAKEAWAY,,,,533,Rolling ball clock,1651.0,1,1651.0
66205404,1595689299406,STR3781,POS444,NONPRIME,9223558893,CASH,TAKEAWAY,,,,308,Butterfly chair,857.0,2,1714.0
66205404,1595689299406,STR3781,POS444,NONPRIME,9223558893,CASH,TAKEAWAY,,,,673,Dough scraper,980.0,2,1960.0
12611177,1595689299437,STR7255,POS738,NONPRIME,8582181693,CASH,TAKEAWAY,,,,373,Latex Mattress,1313.0,1,1313.0
12611177,1595689299437,STR7255,POS738,NONPRIME,8582181693,CASH,TAKEAWAY,,,,228,Divan,1083.0,2,2166.0
80069609,1595689299437,STR8513,POS582,PRIME,6705218300,CASH,TAKEAWAY,,,,488,Bread knife,1077.0,1,1077.0
69609718,1595689299507,STR1534,POS135,PRIME,5582740626,CARD,TAKEAWAY,,,,638,Baster,1214.0,2,2428.0
92843159,1595689299538,STR1955,POS324,NONPRIME,3916555911,CASH,HOME-DELIVERY,Raigarh,Chhattisgarh,,473,Mason jars,1358.0,1,1358.0
92843159,1595689299538,STR1955,POS324,NONPRIME,3916555911,CASH,HOME-DELIVERY,Raigarh,Chhattisgarh,,578,Goblet Pleat Curtains,1765.0,2,3530.0
92843159,1595689299538,STR1955,POS324,NONPRIME,3916555911,CASH,HOME-DELIVERY,Raigarh,Chhattisgarh,,268,Floating shelf,1894.0,1,1894.0
92843159,1595689299538,STR1955,POS324,NONPRIME,3916555911,CASH,HOME-DELIVERY,Raigarh,Chhattisgarh,,353,Recliner,1585.0,1,1585.0
49746478,1595689299538,STR4899,POS447,NONPRIME,5576072500,CARD,TAKEAWAY,,,,633,Cafe Curtains,796.0,2,1592.0
49746478,1595689299538,STR4899,POS447,NONPRIME,5576072500,CARD,TAKEAWAY,,,,573,Eyelet Curtains,642.0,2,1284.0
49746478,1595689299538,STR4899,POS447,NONPRIME,5576072500,CARD,TAKEAWAY,,,,663,Corkscrew,983.0,1,983.0
19696507,1595689299607,STR4899,POS584,NONPRIME,2502121621,CASH,HOME-DELIVERY,Raigarh,Chhattisgarh,,318,Bofinger chair,1119.0,2,2238.0
19696507,1595689299607,STR4899,POS584,NONPRIME,2502121621,CASH,HOME-DELIVERY,Raigarh,Chhattisgarh,,543,Lighthouse clock,636.0,2,1272.0
8494205,1595689299638,STR6382,POS968,PRIME,4148565252,CASH,HOME-DELIVERY,Vijayawada,Andhra Pradesh,,608,Pleated Drapes,1684.0,1,1684.0
8494205,1595689299638,STR6382,POS968,PRIME,4148565252,CASH,HOME-DELIVERY,Vijayawada,Andhra Pradesh,,243,Folding table,738.0,1,738.0
44545617,1595689299638,STR7188,POS198,PRIME,5733357005,CARD,HOME-DELIVERY,Bellary,Karnataka,,283,Portable Lamps,2236.0,2,4472.0
44545617,1595689299638,STR7188,POS198,PRIME,5733357005,CARD,HOME-DELIVERY,Bellary,Karnataka,,258,Closet,1687.0,1,1687.0
44545617,1595689299638,STR7188,POS198,PRIME,5733357005,CARD,HOME-DELIVERY,Bellary,Karnataka,,243,Folding table,738.0,1,738.0
64161110,1595689299707,STR6162,POS868,NONPRIME,9282685191,CARD,HOME-DELIVERY,Ongole,Andhra Pradesh,,393,Hybrid Mattress,2217.0,1,2217.0
64161110,1595689299707,STR6162,POS868,NONPRIME,9282685191,CARD,HOME-DELIVERY,Ongole,Andhra Pradesh,,418,Wing chair,1431.0,2,2862.0
64161110,1595689299707,STR6162,POS868,NONPRIME,9282685191,CARD,HOME-DELIVERY,Ongole,Andhra Pradesh,,433,Depression glass,1950.0,2,3900.0
29205030,1595689299738,STR8311,POS935,NONPRIME,5196911608,CARD,TAKEAWAY,,,,338,Kneeling chairs,442.0,2,884.0
29205030,1595689299738,STR8311,POS935,NONPRIME,5196911608,CARD,TAKEAWAY,,,,273,Bedroom set,842.0,2,1684.0
1934697,1595689299738,STR1955,POS769,PRIME,8154556937,CARD,HOME-DELIVERY,Gonda,Uttar Pradesh,,588,Sheer Curtains,801.0,2,1602.0
1934697,1595689299738,STR1955,POS769,PRIME,8154556937,CARD,HOME-DELIVERY,Gonda,Uttar Pradesh,,228,Divan,1083.0,2,2166.0
1934697,1595689299738,STR1955,POS769,PRIME,8154556937,CARD,HOME-DELIVERY,Gonda,Uttar Pradesh,,363,Rocking chair,2021.0,2,4042.0
1934697,1595689299738,STR1955,POS769,PRIME,8154556937,CARD,HOME-DELIVERY,Gonda,Uttar Pradesh,,638,Baster,1214.0,2,2428.0
60936486,1595689299823,STR2629,POS647,PRIME,1053863739,CASH,TAKEAWAY,,,,373,Latex Mattress,1313.0,2,2626.0
60936486,1595689299823,STR2629,POS647,PRIME,1053863739,CASH,TAKEAWAY,,,,523,Oil-lamp clock,1371.0,2,2742.0
60936486,1595689299823,STR2629,POS647,PRIME,1053863739,CASH,TAKEAWAY,,,,698,Meat grinder,1250.0,1,1250.0
69574118,1595689299861,STR8513,POS163,PRIME,2762345282,CARD,HOME-DELIVERY,Muzaffarnagar,Uttar Pradesh,,663,Corkscrew,983.0,1,983.0
69574118,1595689299861,STR8513,POS163,PRIME,2762345282,CARD,HOME-DELIVERY,Muzaffarnagar,Uttar Pradesh,,573,Eyelet Curtains,642.0,1,642.0
69574118,1595689299861,STR8513,POS163,PRIME,2762345282,CARD,HOME-DELIVERY,Muzaffarnagar,Uttar Pradesh,,663,Corkscrew,983.0,1,983.0
69574118,1595689299861,STR8513,POS163,PRIME,2762345282,CARD,HOME-DELIVERY,Muzaffarnagar,Uttar Pradesh,,298,Bardic chair,1649.0,1,1649.0
49936132,1595689299861,STR5646,POS968,PRIME,2220404140,CASH,HOME-DELIVERY,Chennai,Tamil Nadu,,638,Baster,1214.0,1,1214.0
49936132,1595689299861,STR5646,POS968,PRIME,2220404140,CASH,HOME-DELIVERY,Chennai,Tamil Nadu,,338,Kneeling chairs,442.0,1,442.0
49936132,1595689299861,STR5646,POS968,PRIME,2220404140,CASH,HOME-DELIVERY,Chennai,Tamil Nadu,,248,TV tray table,1947.0,1,1947.0
57028651,1595689299923,STR5494,POS121,PRIME,9509332022,CARD,TAKEAWAY,,,,378,Air Bed,2263.0,2,4526.0
65066758,1595689299961,STR1955,POS324,NONPRIME,3916555911,CASH,HOME-DELIVERY,Delhi,Delhi,,543,Lighthouse clock,636.0,2,1272.0
65066758,1595689299961,STR1955,POS324,NONPRIME,3916555911,CASH,HOME-DELIVERY,Delhi,Delhi,,648,Bottle opener,321.0,1,321.0
65066758,1595689299961,STR1955,POS324,NONPRIME,3916555911,CASH,HOME-DELIVERY,Delhi,Delhi,,293,Bar stool,1148.0,1,1148.0
65066758,1595689299961,STR1955,POS324,NONPRIME,3916555911,CASH,HOME-DELIVERY,Delhi,Delhi,,353,Recliner,1585.0,1,1585.0
15289241,1595689299961,STR5646,POS968,PRIME,2220404140,CASH,HOME-DELIVERY,Raigarh,Chhattisgarh,,373,Latex Mattress,1313.0,2,2626.0
36181481,1595689300023,STR7443,POS411,NONPRIME,4369698403,CARD,HOME-DELIVERY,Faridabad,Haryana,,653,Browning tray,375.0,2,750.0
36181481,1595689300023,STR7443,POS411,NONPRIME,4369698403,CARD,HOME-DELIVERY,Faridabad,Haryana,,673,Dough scraper,980.0,1,980.0
71201739,1595689300061,STR2629,POS253,NONPRIME,2461788838,CARD,HOME-DELIVERY,Imphal,Manipur,,383,Innerspring Mattress,655.0,1,655.0
71201739,1595689300061,STR2629,POS253,NONPRIME,2461788838,CARD,HOME-DELIVERY,Imphal,Manipur,,613,Goblet Pleat Drapes,1583.0,2,3166.0
71201739,1595689300061,STR2629,POS253,NONPRIME,2461788838,CARD,HOME-DELIVERY,Imphal,Manipur,,563,Chiming clock,2168.0,2,4336.0
27046755,1595689300061,STR7188,POS198,PRIME,5733357005,CARD,HOME-DELIVERY,Satna,Madhya Pradesh,,393,Hybrid Mattress,2217.0,2,4434.0
40386897,1595689300124,STR2699,POS566,PRIME,7543202868,CARD,HOME-DELIVERY,Chhindwara,Madhya Pradesh,,203,Bunk bed,1686.0,1,1686.0
40386897,1595689300124,STR2699,POS566,PRIME,7543202868,CARD,HOME-DELIVERY,Chhindwara,Madhya Pradesh,,343,Massage chair,1354.0,1,1354.0
57871823,1595689300162,STR7262,POS576,NONPRIME,2016894106,CARD,TAKEAWAY,,,,388,Memory Foam,1884.0,1,1884.0
90474388,1595689300162,STR2952,POS663,NONPRIME,7928716562,CASH,HOME-DELIVERY,Puri,Odisha,,528,Projection clock,2365.0,2,4730.0
90474388,1595689300162,STR2952,POS663,NONPRIME,7928716562,CASH,HOME-DELIVERY,Puri,Odisha,,533,Rolling ball clock,1651.0,1,1651.0
90474388,1595689300162,STR2952,POS663,NONPRIME,7928716562,CASH,HOME-DELIVERY,Puri,Odisha,,618,Pencil Pleat Drapes,1140.0,1,1140.0
90474388,1595689300162,STR2952,POS663,NONPRIME,7928716562,CASH,HOME-DELIVERY,Puri,Odisha,,373,Latex Mattress,1313.0,1,1313.0
38242672,1595689300224,STR7262,POS581,NONPRIME,6218924818,CARD,TAKEAWAY,,,,643,Blow torch,1955.0,2,3910.0
1240188,1595689300277,STR2952,POS351,NONPRIME,2024774071,CASH,HOME-DELIVERY,Ramagundam,Andhra Pradesh,,263,Kitchen cabinet,1050.0,2,2100.0
96117599,1595689300277,STR1534,POS934,PRIME,5525406429,CASH,TAKEAWAY,,,,448,Martini glass,2263.0,2,4526.0
96117599,1595689300277,STR1534,POS934,PRIME,5525406429,CASH,TAKEAWAY,,,,533,Rolling ball clock,1651.0,2,3302.0
96117599,1595689300277,STR1534,POS934,PRIME,5525406429,CASH,TAKEAWAY,,,,468,Lunch box,1467.0,2,2934.0
96117599,1595689300277,STR1534,POS934,PRIME,5525406429,CASH,TAKEAWAY,,,,363,Rocking chair,2021.0,2,4042.0
51722031,1595689300340,STR8513,POS881,NONPRIME,2599848717,CARD,TAKEAWAY,,,,683,Grater,370.0,2,740.0
51722031,1595689300340,STR8513,POS881,NONPRIME,2599848717,CARD,TAKEAWAY,,,,233,Coffee table,1055.0,1,1055.0
85524587,1595689300378,STR7262,POS576,NONPRIME,2016894106,CARD,TAKEAWAY,,,,578,Goblet Pleat Curtains,1765.0,1,1765.0
11086914,1595689300378,STR7443,POS388,PRIME,8714158103,CASH,HOME-DELIVERY,Ramagundam,Andhra Pradesh,,208,Canopy bed,508.0,2,1016.0
11086914,1595689300378,STR7443,POS388,PRIME,8714158103,CASH,HOME-DELIVERY,Ramagundam,Andhra Pradesh,,698,Meat grinder,1250.0,1,1250.0
32606539,1595689300440,STR7255,POS866,PRIME,5432615113,CASH,TAKEAWAY,,,,403,Adjustable Air Mattress,1417.0,1,1417.0
20681775,1595689300478,STR5646,POS543,NONPRIME,5947487902,CARD,HOME-DELIVERY,Gudivada,Andhra Pradesh,,513,Flip clock,1259.0,1,1259.0
20681775,1595689300478,STR5646,POS543,NONPRIME,5947487902,CARD,HOME-DELIVERY,Gudivada,Andhra Pradesh,,538,Grandmother clock,1301.0,1,1301.0
87763250,1595689300478,STR6162,POS431,NONPRIME,8651346374,CARD,HOME-DELIVERY,Hyderabad,Andhra Pradesh,,303,Bench,2251.0,1,2251.0
87763250,1595689300478,STR6162,POS431,NONPRIME,8651346374,CARD,HOME-DELIVERY,Hyderabad,Andhra Pradesh,,323,Chiavari chair,653.0,1,653.0
87763250,1595689300478,STR6162,POS431,NONPRIME,8651346374,CARD,HOME-DELIVERY,Hyderabad,Andhra Pradesh,,648,Bottle opener,321.0,2,642.0
87763250,1595689300478,STR6162,POS431,NONPRIME,8651346374,CARD,HOME-DELIVERY,Hyderabad,Andhra Pradesh,,303,Bench,2251.0,1,2251.0
54251109,1595689300540,STR8311,POS224,NONPRIME,2989852024,CASH,TAKEAWAY,,,,503,Chef's knife,1973.0,1,1973.0
54251109,1595689300540,STR8311,POS224,NONPRIME,2989852024,CASH,TAKEAWAY,,,,653,Browning tray,375.0,2,750.0
54251109,1595689300540,STR8311,POS224,NONPRIME,2989852024,CASH,TAKEAWAY,,,,613,Goblet Pleat Drapes,1583.0,2,3166.0
88860621,1595689300578,STR6347,POS994,PRIME,6296964163,CASH,TAKEAWAY,,,,523,Oil-lamp clock,1371.0,2,2742.0
88860621,1595689300578,STR6347,POS994,PRIME,6296964163,CASH,TAKEAWAY,,,,688,Ladle,570.0,1,570.0
88860621,1595689300578,STR6347,POS994,PRIME,6296964163,CASH,TAKEAWAY,,,,493,Boning knife,513.0,1,513.0
88860621,1595689300578,STR6347,POS994,PRIME,6296964163,CASH,TAKEAWAY,,,,278,Dining set,1940.0,1,1940.0
87263259,1595689300578,STR8311,POS975,NONPRIME,4680751410,CARD,TAKEAWAY,,,,318,Bofinger chair,1119.0,1,1119.0
87263259,1595689300578,STR8311,POS975,NONPRIME,4680751410,CARD,TAKEAWAY,,,,598,Grommet Curtains,914.0,1,914.0
81263563,1595689300641,STR6347,POS994,PRIME,6296964163,CASH,TAKEAWAY,,,,643,Blow torch,1955.0,2,3910.0
81263563,1595689300641,STR6347,POS994,PRIME,6296964163,CASH,TAKEAWAY,,,,648,Bottle opener,321.0,2,642.0
81263563,1595689300641,STR6347,POS994,PRIME,6296964163,CASH,TAKEAWAY,,,,503,Chef's knife,1973.0,1,1973.0
80738314,1595689300679,STR7255,POS692,NONPRIME,8891304816,CASH,TAKEAWAY,,,,508,Kitchen knife,2483.0,1,2483.0
80738314,1595689300679,STR7255,POS692,NONPRIME,8891304816,CASH,TAKEAWAY,,,,693,Mandoline,250.0,1,250.0
47610108,1595689300679,STR1955,POS493,PRIME,4405006483,CARD,TAKEAWAY,,,,683,Grater,370.0,1,370.0
47610108,1595689300679,STR1955,POS493,PRIME,4405006483,CARD,TAKEAWAY,,,,213,Infant bed,1755.0,1,1755.0
33984939,1595689300741,STR6162,POS835,NONPRIME,5611417583,CARD,TAKEAWAY,,,,418,Wing chair,1431.0,2,2862.0
11460424,1595689300779,STR3781,POS978,NONPRIME,6244229107,CARD,TAKEAWAY,,,,578,Goblet Pleat Curtains,1765.0,2,3530.0
11460424,1595689300779,STR3781,POS978,NONPRIME,6244229107,CARD,TAKEAWAY,,,,498,Carving knifes,1424.0,2,2848.0
5460049,1595689300779,STR1955,POS324,NONPRIME,3916555911,CASH,HOME-DELIVERY,Raigarh,Chhattisgarh,,283,Portable Lamps,2236.0,2,4472.0
5460049,1595689300779,STR1955,POS324,NONPRIME,3916555911,CASH,HOME-DELIVERY,Raigarh,Chhattisgarh,,213,Infant bed,1755.0,1,1755.0
56915614,1595689300841,STR8513,POS163,PRIME,2762345282,CARD,HOME-DELIVERY,Raigarh,Chhattisgarh,,468,Lunch box,1467.0,2,2934.0
56915614,1595689300841,STR8513,POS163,PRIME,2762345282,CARD,HOME-DELIVERY,Raigarh,Chhattisgarh,,343,Massage chair,1354.0,1,1354.0
56915614,1595689300841,STR8513,POS163,PRIME,2762345282,CARD,HOME-DELIVERY,Raigarh,Chhattisgarh,,258,Closet,1687.0,1,1687.0
56915614,1595689300841,STR8513,POS163,PRIME,2762345282,CARD,HOME-DELIVERY,Raigarh,Chhattisgarh,,633,Cafe Curtains,796.0,2,1592.0
69490097,1595689300879,STR7449,POS728,PRIME,5301477438,CASH,TAKEAWAY,,,,458,Wine glass,1644.0,2,3288.0
69490097,1595689300879,STR7449,POS728,PRIME,5301477438,CASH,TAKEAWAY,,,,618,Pencil Pleat Drapes,1140.0,2,2280.0
69490097,1595689300879,STR7449,POS728,PRIME,5301477438,CASH,TAKEAWAY,,,,488,Bread knife,1077.0,1,1077.0
69490097,1595689300879,STR7449,POS728,PRIME,5301477438,CASH,TAKEAWAY,,,,413,Slipcover,1896.0,2,3792.0
65179859,1595689300879,STR2699,POS779,PRIME,6797767929,CASH,HOME-DELIVERY,Ganganagar,Rajasthan,,463,Cookie jars,793.0,1,793.0
65179859,1595689300879,STR2699,POS779,PRIME,6797767929,CASH,HOME-DELIVERY,Ganganagar,Rajasthan,,543,Lighthouse clock,636.0,2,1272.0
50953370,1595689300942,STR7449,POS351,NONPRIME,9639928743,CASH,TAKEAWAY,,,,623,Box Pleat Drapes,1683.0,1,1683.0
50953370,1595689300942,STR7449,POS351,NONPRIME,9639928743,CASH,TAKEAWAY,,,,228,Divan,1083.0,2,2166.0
50953370,1595689300942,STR7449,POS351,NONPRIME,9639928743,CASH,TAKEAWAY,,,,573,Eyelet Curtains,642.0,1,642.0
50953370,1595689300942,STR7449,POS351,NONPRIME,9639928743,CASH,TAKEAWAY,,,,633,Cafe Curtains,796.0,1,796.0
56608909,1595689300995,STR5864,POS465,NONPRIME,1211843745,CARD,TAKEAWAY,,,,313,Brewster Chair,2195.0,1,2195.0
56608909,1595689300995,STR5864,POS465,NONPRIME,1211843745,CARD,TAKEAWAY,,,,473,Mason jars,1358.0,2,2716.0
56608909,1595689300995,STR5864,POS465,NONPRIME,1211843745,CARD,TAKEAWAY,,,,508,Kitchen knife,2483.0,1,2483.0
56608909,1595689300995,STR5864,POS465,NONPRIME,1211843745,CARD,TAKEAWAY,,,,643,Blow torch,1955.0,1,1955.0
27554264,1595689300995,STR7443,POS394,NONPRIME,7587821520,CASH,TAKEAWAY,,,,348,Navy chair,1998.0,2,3996.0
27554264,1595689300995,STR7443,POS394,NONPRIME,7587821520,CASH,TAKEAWAY,,,,458,Wine glass,1644.0,2,3288.0
27554264,1595689300995,STR7443,POS394,NONPRIME,7587821520,CASH,TAKEAWAY,,,,243,Folding table,738.0,2,1476.0
58324317,1595689301064,STR3781,POS978,NONPRIME,6244229107,CARD,TAKEAWAY,,,,538,Grandmother clock,1301.0,2,2602.0
58324317,1595689301064,STR3781,POS978,NONPRIME,6244229107,CARD,TAKEAWAY,,,,323,Chiavari chair,653.0,1,653.0
58324317,1595689301064,STR3781,POS978,NONPRIME,6244229107,CARD,TAKEAWAY,,,,343,Massage chair,1354.0,2,2708.0
58324317,1595689301064,STR3781,POS978,NONPRIME,6244229107,CARD,TAKEAWAY,,,,548,Cartel clock,1500.0,2,3000.0
68120939,1595689301095,STR7255,POS692,NONPRIME,8891304816,CASH,TAKEAWAY,,,,418,Wing chair,1431.0,2,2862.0
68120939,1595689301095,STR7255,POS692,NONPRIME,8891304816,CASH,TAKEAWAY,,,,213,Infant bed,1755.0,1,1755.0
68120939,1595689301095,STR7255,POS692,NONPRIME,8891304816,CASH,TAKEAWAY,,,,293,Bar stool,1148.0,1,1148.0
68120939,1595689301095,STR7255,POS692,NONPRIME,8891304816,CASH,TAKEAWAY,,,,493,Boning knife,513.0,2,1026.0
14467398,1595689301095,STR8513,POS163,PRIME,2762345282,CARD,HOME-DELIVERY,Katihar,Bihar,,593,Hanging curtains,1896.0,1,1896.0
14467398,1595689301095,STR8513,POS163,PRIME,2762345282,CARD,HOME-DELIVERY,Katihar,Bihar,,273,Bedroom set,842.0,1,842.0
36328943,1595689301164,STR6347,POS333,NONPRIME,9740604930,CARD,HOME-DELIVERY,Hassan,Karnataka,,438,Lead glass,2069.0,1,2069.0
6867260,1595689301195,STR7188,POS956,PRIME,4629185211,CARD,TAKEAWAY,,,,548,Cartel clock,1500.0,1,1500.0
6867260,1595689301195,STR7188,POS956,PRIME,4629185211,CARD,TAKEAWAY,,,,403,Adjustable Air Mattress,1417.0,2,2834.0
6867260,1595689301195,STR7188,POS956,PRIME,4629185211,CARD,TAKEAWAY,,,,503,Chef's knife,1973.0,2,3946.0
6867260,1595689301195,STR7188,POS956,PRIME,4629185211,CARD,TAKEAWAY,,,,328,Dining chair,1223.0,2,2446.0
31915312,1595689301195,STR2629,POS647,PRIME,1053863739,CASH,TAKEAWAY,,,,278,Dining set,1940.0,1,1940.0
42672764,1595689301264,STR7262,POS664,NONPRIME,2954913332,CARD,HOME-DELIVERY,Raigarh,Chhattisgarh,,548,Cartel clock,1500.0,1,1500.0
42672764,1595689301264,STR7262,POS664,NONPRIME,2954913332,CARD,HOME-DELIVERY,Raigarh,Chhattisgarh,,593,Hanging curtains,1896.0,2,3792.0
3951727,1595689301296,STR2629,POS172,NONPRIME,7829975914,CASH,HOME-DELIVERY,Satna,Madhya Pradesh,,633,Cafe Curtains,796.0,1,796.0
3951727,1595689301296,STR2629,POS172,NONPRIME,7829975914,CASH,HOME-DELIVERY,Satna,Madhya Pradesh,,323,Chiavari chair,653.0,1,653.0
3951727,1595689301296,STR2629,POS172,NONPRIME,7829975914,CASH,HOME-DELIVERY,Satna,Madhya Pradesh,,458,Wine glass,1644.0,1,1644.0
51110175,1595689301296,STR1955,POS992,NONPRIME,1482417862,CASH,TAKEAWAY,,,,483,Teacups and saucers,1781.0,2,3562.0
51110175,1595689301296,STR1955,POS992,NONPRIME,1482417862,CASH,TAKEAWAY,,,,438,Lead glass,2069.0,2,4138.0
51110175,1595689301296,STR1955,POS992,NONPRIME,1482417862,CASH,TAKEAWAY,,,,333,Gaming chair,1902.0,1,1902.0
7066305,1595689301365,STR6347,POS856,NONPRIME,5724653917,CASH,TAKEAWAY,,,,438,Lead glass,2069.0,2,4138.0
7066305,1595689301365,STR6347,POS856,NONPRIME,5724653917,CASH,TAKEAWAY,,,,608,Pleated Drapes,1684.0,2,3368.0
7066305,1595689301365,STR6347,POS856,NONPRIME,5724653917,CASH,TAKEAWAY,,,,523,Oil-lamp clock,1371.0,1,1371.0
7066305,1595689301365,STR6347,POS856,NONPRIME,5724653917,CASH,TAKEAWAY,,,,638,Baster,1214.0,2,2428.0
8259555,1595689301396,STR5864,POS132,NONPRIME,6909538460,CASH,HOME-DELIVERY,Faridabad,Haryana,,473,Mason jars,1358.0,1,1358.0
8259555,1595689301396,STR5864,POS132,NONPRIME,6909538460,CASH,HOME-DELIVERY,Faridabad,Haryana,,388,Memory Foam,1884.0,2,3768.0
8259555,1595689301396,STR5864,POS132,NONPRIME,6909538460,CASH,HOME-DELIVERY,Faridabad,Haryana,,258,Closet,1687.0,1,1687.0
72868412,1595689301396,STR2699,POS566,PRIME,7543202868,CARD,HOME-DELIVERY,Agra,Uttar Pradesh,,633,Cafe Curtains,796.0,1,796.0
72868412,1595689301396,STR2699,POS566,PRIME,7543202868,CARD,HOME-DELIVERY,Agra,Uttar Pradesh,,403,Adjustable Air Mattress,1417.0,2,2834.0
72868412,1595689301396,STR2699,POS566,PRIME,7543202868,CARD,HOME-DELIVERY,Agra,Uttar Pradesh,,448,Martini glass,2263.0,2,4526.0
12648268,1595689301465,STR4899,POS441,NONPRIME,4227803954,CASH,TAKEAWAY,,,,623,Box Pleat Drapes,1683.0,1,1683.0
36060016,1595689301496,STR8311,POS975,NONPRIME,4680751410,CARD,TAKEAWAY,,,,308,Butterfly chair,857.0,2,1714.0
36060016,1595689301496,STR8311,POS975,NONPRIME,4680751410,CARD,TAKEAWAY,,,,438,Lead glass,2069.0,1,2069.0
36060016,1595689301496,STR8311,POS975,NONPRIME,4680751410,CARD,TAKEAWAY,,,,298,Bardic chair,1649.0,1,1649.0
36060016,1595689301496,STR8311,POS975,NONPRIME,4680751410,CARD,TAKEAWAY,,,,218,Sofa bed,895.0,2,1790.0
32972373,1595689301496,STR2629,POS253,NONPRIME,2461788838,CARD,HOME-DELIVERY,Junagadh,Gujarat,,338,Kneeling chairs,442.0,1,442.0
32972373,1595689301496,STR2629,POS253,NONPRIME,2461788838,CARD,HOME-DELIVERY,Junagadh,Gujarat,,418,Wing chair,1431.0,2,2862.0
4979247,1595689301566,STR5646,POS968,PRIME,2220404140,CASH,HOME-DELIVERY,Patna,Bihar,,573,Eyelet Curtains,642.0,1,642.0
4979247,1595689301566,STR5646,POS968,PRIME,2220404140,CASH,HOME-DELIVERY,Patna,Bihar,,313,Brewster Chair,2195.0,2,4390.0
4979247,1595689301566,STR5646,POS968,PRIME,2220404140,CASH,HOME-DELIVERY,Patna,Bihar,,648,Bottle opener,321.0,2,642.0
17847048,1595689301597,STR6382,POS968,PRIME,4148565252,CASH,HOME-DELIVERY,Pali,Rajasthan,,228,Divan,1083.0,1,1083.0
17847048,1595689301597,STR6382,POS968,PRIME,4148565252,CASH,HOME-DELIVERY,Pali,Rajasthan,,403,Adjustable Air Mattress,1417.0,1,1417.0
17847048,1595689301597,STR6382,POS968,PRIME,4148565252,CASH,HOME-DELIVERY,Pali,Rajasthan,,698,Meat grinder,1250.0,1,1250.0
17847048,1595689301597,STR6382,POS968,PRIME,4148565252,CASH,HOME-DELIVERY,Pali,Rajasthan,,543,Lighthouse clock,636.0,1,636.0
87288993,1595689301597,STR7443,POS411,NONPRIME,4369698403,CARD,HOME-DELIVERY,Sitapur,Uttar Pradesh,,293,Bar stool,1148.0,2,2296.0
87288993,1595689301597,STR7443,POS411,NONPRIME,4369698403,CARD,HOME-DELIVERY,Sitapur,Uttar Pradesh,,453,Shot glass,674.0,2,1348.0
87288993,1595689301597,STR7443,POS411,NONPRIME,4369698403,CARD,HOME-DELIVERY,Sitapur,Uttar Pradesh,,353,Recliner,1585.0,2,3170.0
90416431,1595689301666,STR4899,POS447,NONPRIME,5576072500,CARD,TAKEAWAY,,,,608,Pleated Drapes,1684.0,1,1684.0
90416431,1595689301666,STR4899,POS447,NONPRIME,5576072500,CARD,TAKEAWAY,,,,588,Sheer Curtains,801.0,1,801.0
90416431,1595689301666,STR4899,POS447,NONPRIME,5576072500,CARD,TAKEAWAY,,,,518,Hourglass,1598.0,1,1598.0
90416431,1595689301666,STR4899,POS447,NONPRIME,5576072500,CARD,TAKEAWAY,,,,203,Bunk bed,1686.0,2,3372.0
4949807,1595689301697,STR7262,POS182,PRIME,5378825053,CASH,HOME-DELIVERY,Delhi,Delhi,,573,Eyelet Curtains,642.0,1,642.0
4949807,1595689301697,STR7262,POS182,PRIME,5378825053,CASH,HOME-DELIVERY,Delhi,Delhi,,673,Dough scraper,980.0,2,1960.0
4949807,1595689301697,STR7262,POS182,PRIME,5378825053,CASH,HOME-DELIVERY,Delhi,Delhi,,463,Cookie jars,793.0,2,1586.0
4949807,1595689301697,STR7262,POS182,PRIME,5378825053,CASH,HOME-DELIVERY,Delhi,Delhi,,453,Shot glass,674.0,2,1348.0
54844179,1595689301697,STR5864,POS132,NONPRIME,6909538460,CASH,HOME-DELIVERY,Patna,Bihar,,498,Carving knifes,1424.0,1,1424.0
54844179,1595689301697,STR5864,POS132,NONPRIME,6909538460,CASH,HOME-DELIVERY,Patna,Bihar,,553,Banjo clock,1651.0,1,1651.0
89013747,1595689301766,STR2629,POS172,NONPRIME,7829975914,CASH,HOME-DELIVERY,Chapra,Bihar,,313,Brewster Chair,2195.0,1,2195.0
89013747,1595689301766,STR2629,POS172,NONPRIME,7829975914,CASH,HOME-DELIVERY,Chapra,Bihar,,528,Projection clock,2365.0,2,4730.0
89013747,1595689301766,STR2629,POS172,NONPRIME,7829975914,CASH,HOME-DELIVERY,Chapra,Bihar,,698,Meat grinder,1250.0,2,2500.0
18634212,1595689301798,STR7255,POS692,NONPRIME,8891304816,CASH,TAKEAWAY,,,,353,Recliner,1585.0,1,1585.0
18634212,1595689301798,STR7255,POS692,NONPRIME,8891304816,CASH,TAKEAWAY,,,,608,Pleated Drapes,1684.0,1,1684.0
10450230,1595689301798,STR2629,POS647,PRIME,1053863739,CASH,TAKEAWAY,,,,398,Latex Mattress,773.0,1,773.0
10450230,1595689301798,STR2629,POS647,PRIME,1053863739,CASH,TAKEAWAY,,,,663,Corkscrew,983.0,1,983.0
65292011,1595689301867,STR6382,POS265,PRIME,7908234230,CASH,HOME-DELIVERY,Chapra,Bihar,,558,Balloon clock,1633.0,2,3266.0
65292011,1595689301867,STR6382,POS265,PRIME,7908234230,CASH,HOME-DELIVERY,Chapra,Bihar,,503,Chef's knife,1973.0,2,3946.0
65292011,1595689301867,STR6382,POS265,PRIME,7908234230,CASH,HOME-DELIVERY,Chapra,Bihar,,608,Pleated Drapes,1684.0,1,1684.0
65292011,1595689301867,STR6382,POS265,PRIME,7908234230,CASH,HOME-DELIVERY,Chapra,Bihar,,238,Dining table,1582.0,2,3164.0
29019171,1595689301898,STR6162,POS987,NONPRIME,8071065242,CASH,TAKEAWAY,,,,623,Box Pleat Drapes,1683.0,1,1683.0
31713287,1595689301898,STR8513,POS155,NONPRIME,2389018842,CASH,HOME-DELIVERY,Mandasor,Madhya Pradesh,,288,Hutch,1812.0,1,1812.0
31713287,1595689301898,STR8513,POS155,NONPRIME,2389018842,CASH,HOME-DELIVERY,Mandasor,Madhya Pradesh,,538,Grandmother clock,1301.0,1,1301.0
5783012,1595689301967,STR4899,POS954,NONPRIME,3716602332,CASH,HOME-DELIVERY,Arrah,Bihar,,338,Kneeling chairs,442.0,2,884.0
5783012,1595689301967,STR4899,POS954,NONPRIME,3716602332,CASH,HOME-DELIVERY,Arrah,Bihar,,558,Balloon clock,1633.0,1,1633.0
5783012,1595689301967,STR4899,POS954,NONPRIME,3716602332,CASH,HOME-DELIVERY,Arrah,Bihar,,583,Tab Top Curtains,1329.0,1,1329.0
81401715,1595689301998,STR7262,POS581,NONPRIME,6218924818,CARD,TAKEAWAY,,,,563,Chiming clock,2168.0,2,4336.0
81401715,1595689301998,STR7262,POS581,NONPRIME,6218924818,CARD,TAKEAWAY,,,,398,Latex Mattress,773.0,1,773.0
39362001,1595689301998,STR2952,POS663,NONPRIME,7928716562,CASH,HOME-DELIVERY,Gonda,Uttar Pradesh,,273,Bedroom set,842.0,2,1684.0
39362001,1595689301998,STR2952,POS663,NONPRIME,7928716562,CASH,HOME-DELIVERY,Gonda,Uttar Pradesh,,223,Hammock,1210.0,1,1210.0
39362001,1595689301998,STR2952,POS663,NONPRIME,7928716562,CASH,HOME-DELIVERY,Gonda,Uttar Pradesh,,508,Kitchen knife,2483.0,1,2483.0
39362001,1595689301998,STR2952,POS663,NONPRIME,7928716562,CASH,HOME-DELIVERY,Gonda,Uttar Pradesh,,363,Rocking chair,2021.0,1,2021.0
39167370,1595689302068,STR2629,POS253,NONPRIME,2461788838,CARD,HOME-DELIVERY,Surendranagar,Gujarat,,423,Quilt,1485.0,2,2970.0
39167370,1595689302068,STR2629,POS253,NONPRIME,2461788838,CARD,HOME-DELIVERY,Surendranagar,Gujarat,,408,Confidante,1242.0,1,1242.0
74622176,1595689302099,STR7449,POS728,PRIME,5301477438,CASH,TAKEAWAY,,,,443,Margarita glass,2475.0,2,4950.0
3987613,1595689302099,STR5864,POS878,NONPRIME,9728415172,CARD,TAKEAWAY,,,,533,Rolling ball clock,1651.0,2,3302.0
3987613,1595689302099,STR5864,POS878,NONPRIME,9728415172,CARD,TAKEAWAY,,,,648,Bottle opener,321.0,1,321.0
3987613,1595689302099,STR5864,POS878,NONPRIME,9728415172,CARD,TAKEAWAY,,,,563,Chiming clock,2168.0,1,2168.0
3987613,1595689302099,STR5864,POS878,NONPRIME,9728415172,CARD,TAKEAWAY,,,,263,Kitchen cabinet,1050.0,2,2100.0
73399467,1595689302168,STR2699,POS792,PRIME,7475384243,CASH,HOME-DELIVERY,North Barrackpur,West Bengal,,333,Gaming chair,1902.0,2,3804.0
73399467,1595689302168,STR2699,POS792,PRIME,7475384243,CASH,HOME-DELIVERY,North Barrackpur,West Bengal,,478,Teapot,885.0,2,1770.0
57888584,1595689302199,STR2629,POS647,PRIME,1053863739,CASH,TAKEAWAY,,,,683,Grater,370.0,1,370.0
57888584,1595689302199,STR2629,POS647,PRIME,1053863739,CASH,TAKEAWAY,,,,283,Portable Lamps,2236.0,1,2236.0
57888584,1595689302199,STR2629,POS647,PRIME,1053863739,CASH,TAKEAWAY,,,,293,Bar stool,1148.0,2,2296.0
57888584,1595689302199,STR2629,POS647,PRIME,1053863739,CASH,TAKEAWAY,,,,633,Cafe Curtains,796.0,1,796.0
30660284,1595689302199,STR5646,POS968,PRIME,2220404140,CASH,HOME-DELIVERY,Surendranagar,Gujarat,,398,Latex Mattress,773.0,1,773.0
30660284,1595689302199,STR5646,POS968,PRIME,2220404140,CASH,HOME-DELIVERY,Surendranagar,Gujarat,,403,Adjustable Air Mattress,1417.0,1,1417.0
47275835,1595689302268,STR5646,POS624,PRIME,8109010950,CASH,TAKEAWAY,,,,338,Kneeling chairs,442.0,2,884.0
47275835,1595689302268,STR5646,POS624,PRIME,8109010950,CASH,TAKEAWAY,,,,448,Martini glass,2263.0,2,4526.0
47275835,1595689302268,STR5646,POS624,PRIME,8109010950,CASH,TAKEAWAY,,,,363,Rocking chair,2021.0,2,4042.0
47275835,1595689302268,STR5646,POS624,PRIME,8109010950,CASH,TAKEAWAY,,,,488,Bread knife,1077.0,2,2154.0
47335197,1595689302300,STR8513,POS155,NONPRIME,2389018842,CASH,HOME-DELIVERY,Mandasor,Madhya Pradesh,,618,Pencil Pleat Drapes,1140.0,1,1140.0
47335197,1595689302300,STR8513,POS155,NONPRIME,2389018842,CASH,HOME-DELIVERY,Mandasor,Madhya Pradesh,,643,Blow torch,1955.0,2,3910.0
47335197,1595689302300,STR8513,POS155,NONPRIME,2389018842,CASH,HOME-DELIVERY,Mandasor,Madhya Pradesh,,208,Canopy bed,508.0,2,1016.0
67319037,1595689302300,STR8311,POS224,NONPRIME,2989852024,CASH,TAKEAWAY,,,,428,Cocktail glass,1422.0,2,2844.0
67319037,1595689302300,STR8311,POS224,NONPRIME,2989852024,CASH,TAKEAWAY,,,,278,Dining set,1940.0,2,3880.0
67319037,1595689302300,STR8311,POS224,NONPRIME,2989852024,CASH,TAKEAWAY,,,,638,Baster,1214.0,1,1214.0
13402633,1595689302369,STR6162,POS987,NONPRIME,8071065242,CASH,TAKEAWAY,,,,603,Sheer Curtains,1282.0,1,1282.0
13402633,1595689302369,STR6162,POS987,NONPRIME,8071065242,CASH,TAKEAWAY,,,,513,Flip clock,1259.0,1,1259.0
13402633,1595689302369,STR6162,POS987,NONPRIME,8071065242,CASH,TAKEAWAY,,,,593,Hanging curtains,1896.0,2,3792.0
43729844,1595689302400,STR6162,POS279,PRIME,2262471989,CASH,HOME-DELIVERY,Vijayawada,Andhra Pradesh,,603,Sheer Curtains,1282.0,2,2564.0
43729844,1595689302400,STR6162,POS279,PRIME,2262471989,CASH,HOME-DELIVERY,Vijayawada,Andhra Pradesh,,533,Rolling ball clock,1651.0,1,1651.0
43729844,1595689302400,STR6162,POS279,PRIME,2262471989,CASH,HOME-DELIVERY,Vijayawada,Andhra Pradesh,,383,Innerspring Mattress,655.0,1,655.0
21475275,1595689302400,STR3781,POS444,NONPRIME,9223558893,CASH,TAKEAWAY,,,,243,Folding table,738.0,2,1476.0
52654466,1595689302484,STR3781,POS444,NONPRIME,9223558893,CASH,TAKEAWAY,,,,558,Balloon clock,1633.0,2,3266.0
52654466,1595689302484,STR3781,POS444,NONPRIME,9223558893,CASH,TAKEAWAY,,,,363,Rocking chair,2021.0,2,4042.0
52654466,1595689302484,STR3781,POS444,NONPRIME,9223558893,CASH,TAKEAWAY,,,,268,Floating shelf,1894.0,1,1894.0
52654466,1595689302484,STR3781,POS444,NONPRIME,9223558893,CASH,TAKEAWAY,,,,238,Dining table,1582.0,1,1582.0
26273085,1595689302515,STR7255,POS738,NONPRIME,8582181693,CASH,TAKEAWAY,,,,573,Eyelet Curtains,642.0,2,1284.0
80504717,1595689302515,STR7443,POS411,NONPRIME,4369698403,CARD,HOME-DELIVERY,Unnao,Uttar Pradesh,,603,Sheer Curtains,1282.0,2,2564.0
80504717,1595689302515,STR7443,POS411,NONPRIME,4369698403,CARD,HOME-DELIVERY,Unnao,Uttar Pradesh,,613,Goblet Pleat Drapes,1583.0,2,3166.0
80504717,1595689302515,STR7443,POS411,NONPRIME,4369698403,CARD,HOME-DELIVERY,Unnao,Uttar Pradesh,,283,Portable Lamps,2236.0,1,2236.0
18477067,1595689302600,STR6382,POS968,PRIME,4148565252,CASH,HOME-DELIVERY,Nellore,Andhra Pradesh,,268,Floating shelf,1894.0,2,3788.0
33407592,1595689302631,STR3781,POS444,NONPRIME,9223558893,CASH,TAKEAWAY,,,,508,Kitchen knife,2483.0,2,4966.0
33407592,1595689302631,STR3781,POS444,NONPRIME,9223558893,CASH,TAKEAWAY,,,,598,Grommet Curtains,914.0,2,1828.0
71780041,1595689302631,STR6347,POS927,NONPRIME,3996109634,CARD,HOME-DELIVERY,Bellary,Karnataka,,658,Chinois,567.0,2,1134.0
71780041,1595689302631,STR6347,POS927,NONPRIME,3996109634,CARD,HOME-DELIVERY,Bellary,Karnataka,,223,Hammock,1210.0,2,2420.0
63559339,1595689302700,STR7443,POS333,NONPRIME,5483488802,CASH,HOME-DELIVERY,Nellore,Andhra Pradesh,,563,Chiming clock,2168.0,2,4336.0
63559339,1595689302700,STR7443,POS333,NONPRIME,5483488802,CASH,HOME-DELIVERY,Nellore,Andhra Pradesh,,283,Portable Lamps,2236.0,1,2236.0
63559339,1595689302700,STR7443,POS333,NONPRIME,5483488802,CASH,HOME-DELIVERY,Nellore,Andhra Pradesh,,428,Cocktail glass,1422.0,1,1422.0
63559339,1595689302700,STR7443,POS333,NONPRIME,5483488802,CASH,HOME-DELIVERY,Nellore,Andhra Pradesh,,328,Dining chair,1223.0,1,1223.0
23123518,1595689302731,STR2952,POS663,NONPRIME,7928716562,CASH,HOME-DELIVERY,Alandur,Tamil Nadu,,438,Lead glass,2069.0,1,2069.0
23123518,1595689302731,STR2952,POS663,NONPRIME,7928716562,CASH,HOME-DELIVERY,Alandur,Tamil Nadu,,448,Martini glass,2263.0,1,2263.0
30041542,1595689302731,STR1955,POS769,PRIME,8154556937,CARD,HOME-DELIVERY,North Barrackpur,West Bengal,,503,Chef's knife,1973.0,1,1973.0
30041542,1595689302731,STR1955,POS769,PRIME,8154556937,CARD,HOME-DELIVERY,North Barrackpur,West Bengal,,328,Dining chair,1223.0,2,2446.0
30041542,1595689302731,STR1955,POS769,PRIME,8154556937,CARD,HOME-DELIVERY,North Barrackpur,West Bengal,,633,Cafe Curtains,796.0,1,796.0
30041542,1595689302731,STR1955,POS769,PRIME,8154556937,CARD,HOME-DELIVERY,North Barrackpur,West Bengal,,553,Banjo clock,1651.0,1,1651.0
22733011,1595689302800,STR7443,POS333,NONPRIME,5483488802,CASH,HOME-DELIVERY,Mathura,Uttar Pradesh,,698,Meat grinder,1250.0,2,2500.0
22733011,1595689302800,STR7443,POS333,NONPRIME,5483488802,CASH,HOME-DELIVERY,Mathura,Uttar Pradesh,,428,Cocktail glass,1422.0,1,1422.0
76481118,1595689302832,STR7262,POS576,NONPRIME,2016894106,CARD,TAKEAWAY,,,,618,Pencil Pleat Drapes,1140.0,1,1140.0
29637701,1595689302832,STR3781,POS494,PRIME,7892154732,CARD,HOME-DELIVERY,Jodhpur,Rajasthan,,383,Innerspring Mattress,655.0,2,1310.0
14482236,1595689302901,STR7188,POS664,PRIME,9316477281,CARD,HOME-DELIVERY,Raigarh,Chhattisgarh,,548,Cartel clock,1500.0,1,1500.0
14482236,1595689302901,STR7188,POS664,PRIME,9316477281,CARD,HOME-DELIVERY,Raigarh,Chhattisgarh,,688,Ladle,570.0,1,570.0
21939321,1595689302932,STR6347,POS994,PRIME,6296964163,CASH,TAKEAWAY,,,,458,Wine glass,1644.0,2,3288.0
21939321,1595689302932,STR6347,POS994,PRIME,6296964163,CASH,TAKEAWAY,,,,573,Eyelet Curtains,642.0,2,1284.0
21939321,1595689302932,STR6347,POS994,PRIME,6296964163,CASH,TAKEAWAY,,,,408,Confidante,1242.0,1,1242.0
45393980,1595689302932,STR2629,POS285,NONPRIME,6419885098,CASH,TAKEAWAY,,,,433,Depression glass,1950.0,2,3900.0
45393980,1595689302932,STR2629,POS285,NONPRIME,6419885098,CASH,TAKEAWAY,,,,653,Browning tray,375.0,1,375.0
59768461,1595689303001,STR2629,POS172,NONPRIME,7829975914,CASH,HOME-DELIVERY,Bharatpur,Rajasthan,,408,Confidante,1242.0,1,1242.0
59768461,1595689303001,STR2629,POS172,NONPRIME,7829975914,CASH,HOME-DELIVERY,Bharatpur,Rajasthan,,598,Grommet Curtains,914.0,1,914.0
59768461,1595689303001,STR2629,POS172,NONPRIME,7829975914,CASH,HOME-DELIVERY,Bharatpur,Rajasthan,,558,Balloon clock,1633.0,1,1633.0
59768461,1595689303001,STR2629,POS172,NONPRIME,7829975914,CASH,HOME-DELIVERY,Bharatpur,Rajasthan,,403,Adjustable Air Mattress,1417.0,1,1417.0
40205335,1595689303033,STR8513,POS582,PRIME,6705218300,CASH,TAKEAWAY,,,,568,Pinch Pleated Curtains,1718.0,2,3436.0
40205335,1595689303033,STR8513,POS582,PRIME,6705218300,CASH,TAKEAWAY,,,,563,Chiming clock,2168.0,2,4336.0
40205335,1595689303033,STR8513,POS582,PRIME,6705218300,CASH,TAKEAWAY,,,,593,Hanging curtains,1896.0,2,3792.0
40205335,1595689303033,STR8513,POS582,PRIME,6705218300,CASH,TAKEAWAY,,,,253,Bathroom cabinet,1513.0,2,3026.0
7199498,1595689303033,STR7262,POS576,NONPRIME,2016894106,CARD,TAKEAWAY,,,,278,Dining set,1940.0,1,1940.0
7199498,1595689303033,STR7262,POS576,NONPRIME,2016894106,CARD,TAKEAWAY,,,,428,Cocktail glass,1422.0,1,1422.0
7199498,1595689303033,STR7262,POS576,NONPRIME,2016894106,CARD,TAKEAWAY,,,,508,Kitchen knife,2483.0,2,4966.0
7199498,1595689303033,STR7262,POS576,NONPRIME,2016894106,CARD,TAKEAWAY,,,,638,Baster,1214.0,2,2428.0
48407197,1595689303102,STR8513,POS163,PRIME,2762345282,CARD,HOME-DELIVERY,Dehradun,Uttarakhand,,488,Bread knife,1077.0,2,2154.0
48407197,1595689303102,STR8513,POS163,PRIME,2762345282,CARD,HOME-DELIVERY,Dehradun,Uttarakhand,,398,Latex Mattress,773.0,2,1546.0
48407197,1595689303102,STR8513,POS163,PRIME,2762345282,CARD,HOME-DELIVERY,Dehradun,Uttarakhand,,648,Bottle opener,321.0,2,642.0
82315032,1595689303133,STR6347,POS333,NONPRIME,9740604930,CARD,HOME-DELIVERY,Jammu,Jammu and Kashmir,,498,Carving knifes,1424.0,2,2848.0
82315032,1595689303133,STR6347,POS333,NONPRIME,9740604930,CARD,HOME-DELIVERY,Jammu,Jammu and Kashmir,,598,Grommet Curtains,914.0,2,1828.0
82315032,1595689303133,STR6347,POS333,NONPRIME,9740604930,CARD,HOME-DELIVERY,Jammu,Jammu and Kashmir,,258,Closet,1687.0,1,1687.0
82315032,1595689303133,STR6347,POS333,NONPRIME,9740604930,CARD,HOME-DELIVERY,Jammu,Jammu and Kashmir,,203,Bunk bed,1686.0,1,1686.0
60909226,1595689303133,STR2699,POS773,NONPRIME,9327106277,CASH,TAKEAWAY,,,,363,Rocking chair,2021.0,2,4042.0
40485883,1595689303202,STR2629,POS647,PRIME,1053863739,CASH,TAKEAWAY,,,,408,Confidante,1242.0,1,1242.0
40485883,1595689303202,STR2629,POS647,PRIME,1053863739,CASH,TAKEAWAY,,,,473,Mason jars,1358.0,1,1358.0
40485883,1595689303202,STR2629,POS647,PRIME,1053863739,CASH,TAKEAWAY,,,,273,Bedroom set,842.0,1,842.0
40485883,1595689303202,STR2629,POS647,PRIME,1053863739,CASH,TAKEAWAY,,,,208,Canopy bed,508.0,1,508.0
57831315,1595689303233,STR5494,POS121,PRIME,9509332022,CARD,TAKEAWAY,,,,513,Flip clock,1259.0,2,2518.0
70485984,1595689303233,STR5646,POS639,PRIME,9711257112,CARD,HOME-DELIVERY,Faridabad,Haryana,,238,Dining table,1582.0,2,3164.0
70485984,1595689303233,STR5646,POS639,PRIME,9711257112,CARD,HOME-DELIVERY,Faridabad,Haryana,,353,Recliner,1585.0,2,3170.0
70485984,1595689303233,STR5646,POS639,PRIME,9711257112,CARD,HOME-DELIVERY,Faridabad,Haryana,,548,Cartel clock,1500.0,2,3000.0
17507277,1595689303302,STR1955,POS837,NONPRIME,7136581152,CASH,HOME-DELIVERY,Hassan,Karnataka,,493,Boning knife,513.0,1,513.0
17507277,1595689303302,STR1955,POS837,NONPRIME,7136581152,CASH,HOME-DELIVERY,Hassan,Karnataka,,448,Martini glass,2263.0,1,2263.0
17507277,1595689303302,STR1955,POS837,NONPRIME,7136581152,CASH,HOME-DELIVERY,Hassan,Karnataka,,333,Gaming chair,1902.0,1,1902.0
17507277,1595689303302,STR1955,POS837,NONPRIME,7136581152,CASH,HOME-DELIVERY,Hassan,Karnataka,,313,Brewster Chair,2195.0,2,4390.0
77378620,1595689303334,STR2952,POS663,NONPRIME,7928716562,CASH,HOME-DELIVERY,South Dum Dum,West Bengal,,228,Divan,1083.0,1,1083.0
66465070,1595689303334,STR6382,POS968,PRIME,4148565252,CASH,HOME-DELIVERY,Secunderabad,Andhra Pradesh,,283,Portable Lamps,2236.0,1,2236.0
66465070,1595689303334,STR6382,POS968,PRIME,4148565252,CASH,HOME-DELIVERY,Secunderabad,Andhra Pradesh,,393,Hybrid Mattress,2217.0,1,2217.0
11100467,1595689303418,STR1955,POS324,NONPRIME,3916555911,CASH,HOME-DELIVERY,Agra,Uttar Pradesh,,568,Pinch Pleated Curtains,1718.0,2,3436.0
50528914,1595689303449,STR3781,POS978,NONPRIME,6244229107,CARD,TAKEAWAY,,,,388,Memory Foam,1884.0,2,3768.0
50528914,1595689303449,STR3781,POS978,NONPRIME,6244229107,CARD,TAKEAWAY,,,,343,Massage chair,1354.0,1,1354.0
50528914,1595689303449,STR3781,POS978,NONPRIME,6244229107,CARD,TAKEAWAY,,,,643,Blow torch,1955.0,1,1955.0
40561690,1595689303449,STR6162,POS868,NONPRIME,9282685191,CARD,HOME-DELIVERY,Alandur,Tamil Nadu,,478,Teapot,885.0,1,885.0
40561690,1595689303449,STR6162,POS868,NONPRIME,9282685191,CARD,HOME-DELIVERY,Alandur,Tamil Nadu,,278,Dining set,1940.0,1,1940.0
40561690,1595689303449,STR6162,POS868,NONPRIME,9282685191,CARD,HOME-DELIVERY,Alandur,Tamil Nadu,,518,Hourglass,1598.0,1,1598.0
39460946,1595689303518,STR5864,POS132,NONPRIME,6909538460,CASH,HOME-DELIVERY,Sikar,Rajasthan,,298,Bardic chair,1649.0,2,3298.0
56741302,1595689303550,STR8311,POS377,NONPRIME,8670468851,CASH,TAKEAWAY,,,,373,Latex Mattress,1313.0,2,2626.0
29617828,1595689303550,STR4899,POS447,NONPRIME,5576072500,CARD,TAKEAWAY,,,,698,Meat grinder,1250.0,1,1250.0
29617828,1595689303550,STR4899,POS447,NONPRIME,5576072500,CARD,TAKEAWAY,,,,543,Lighthouse clock,636.0,1,636.0
29617828,1595689303550,STR4899,POS447,NONPRIME,5576072500,CARD,TAKEAWAY,,,,548,Cartel clock,1500.0,2,3000.0
94441223,1595689303619,STR2699,POS792,PRIME,7475384243,CASH,HOME-DELIVERY,Delhi,Delhi,,428,Cocktail glass,1422.0,2,2844.0
94441223,1595689303619,STR2699,POS792,PRIME,7475384243,CASH,HOME-DELIVERY,Delhi,Delhi,,508,Kitchen knife,2483.0,1,2483.0
94441223,1595689303619,STR2699,POS792,PRIME,7475384243,CASH,HOME-DELIVERY,Delhi,Delhi,,343,Massage chair,1354.0,2,2708.0
94441223,1595689303619,STR2699,POS792,PRIME,7475384243,CASH,HOME-DELIVERY,Delhi,Delhi,,343,Massage chair,1354.0,2,2708.0
8036882,1595689303650,STR3781,POS843,NONPRIME,1191112820,CARD,HOME-DELIVERY,Unnao,Uttar Pradesh,,433,Depression glass,1950.0,1,1950.0
8036882,1595689303650,STR3781,POS843,NONPRIME,1191112820,CARD,HOME-DELIVERY,Unnao,Uttar Pradesh,,513,Flip clock,1259.0,1,1259.0
1087026,1595689303650,STR7443,POS333,NONPRIME,5483488802,CASH,HOME-DELIVERY,Jammu,Jammu and Kashmir,,528,Projection clock,2365.0,1,2365.0
1087026,1595689303650,STR7443,POS333,NONPRIME,5483488802,CASH,HOME-DELIVERY,Jammu,Jammu and Kashmir,,463,Cookie jars,793.0,1,793.0
30437476,1595689303734,STR7262,POS581,NONPRIME,6218924818,CARD,TAKEAWAY,,,,463,Cookie jars,793.0,2,1586.0
30437476,1595689303734,STR7262,POS581,NONPRIME,6218924818,CARD,TAKEAWAY,,,,628,Window Scarf,1774.0,2,3548.0
30437476,1595689303734,STR7262,POS581,NONPRIME,6218924818,CARD,TAKEAWAY,,,,518,Hourglass,1598.0,1,1598.0
30437476,1595689303734,STR7262,POS581,NONPRIME,6218924818,CARD,TAKEAWAY,,,,453,Shot glass,674.0,1,674.0
26325624,1595689303772,STR7449,POS215,PRIME,3453134392,CARD,HOME-DELIVERY,Haridwar,Uttarakhand,,313,Brewster Chair,2195.0,2,4390.0
26325624,1595689303772,STR7449,POS215,PRIME,3453134392,CARD,HOME-DELIVERY,Haridwar,Uttarakhand,,698,Meat grinder,1250.0,1,1250.0
26325624,1595689303772,STR7449,POS215,PRIME,3453134392,CARD,HOME-DELIVERY,Haridwar,Uttarakhand,,648,Bottle opener,321.0,1,321.0
72997746,1595689303772,STR6382,POS265,PRIME,7908234230,CASH,HOME-DELIVERY,Sambalpur,Odisha,,343,Massage chair,1354.0,1,1354.0
72997746,1595689303772,STR6382,POS265,PRIME,7908234230,CASH,HOME-DELIVERY,Sambalpur,Odisha,,528,Projection clock,2365.0,1,2365.0
72997746,1595689303772,STR6382,POS265,PRIME,7908234230,CASH,HOME-DELIVERY,Sambalpur,Odisha,,373,Latex Mattress,1313.0,2,2626.0
16660983,1595689303850,STR3781,POS843,NONPRIME,1191112820,CARD,HOME-DELIVERY,Muzaffarpur,Bihar,,628,Window Scarf,1774.0,2,3548.0
16660983,1595689303850,STR3781,POS843,NONPRIME,1191112820,CARD,HOME-DELIVERY,Muzaffarpur,Bihar,,428,Cocktail glass,1422.0,2,2844.0
16660983,1595689303850,STR3781,POS843,NONPRIME,1191112820,CARD,HOME-DELIVERY,Muzaffarpur,Bihar,,513,Flip clock,1259.0,1,1259.0
16660983,1595689303850,STR3781,POS843,NONPRIME,1191112820,CARD,HOME-DELIVERY,Muzaffarpur,Bihar,,398,Latex Mattress,773.0,2,1546.0
63534961,1595689303872,STR6347,POS622,PRIME,5697125813,CARD,HOME-DELIVERY,Chennai,Tamil Nadu,,278,Dining set,1940.0,2,3880.0
63534961,1595689303872,STR6347,POS622,PRIME,5697125813,CARD,HOME-DELIVERY,Chennai,Tamil Nadu,,368,Stool,888.0,2,1776.0
63534961,1595689303872,STR6347,POS622,PRIME,5697125813,CARD,HOME-DELIVERY,Chennai,Tamil Nadu,,443,Margarita glass,2475.0,2,4950.0
63534961,1595689303872,STR6347,POS622,PRIME,5697125813,CARD,HOME-DELIVERY,Chennai,Tamil Nadu,,403,Adjustable Air Mattress,1417.0,1,1417.0
530754,1595689303872,STR1955,POS493,PRIME,4405006483,CARD,TAKEAWAY,,,,363,Rocking chair,2021.0,2,4042.0
530754,1595689303872,STR1955,POS493,PRIME,4405006483,CARD,TAKEAWAY,,,,213,Infant bed,1755.0,2,3510.0
89114082,1595689303950,STR1534,POS151,NONPRIME,7061658033,CASH,HOME-DELIVERY,Vijayawada,Andhra Pradesh,,663,Corkscrew,983.0,1,983.0
89114082,1595689303950,STR1534,POS151,NONPRIME,7061658033,CASH,HOME-DELIVERY,Vijayawada,Andhra Pradesh,,483,Teacups and saucers,1781.0,1,1781.0
89114082,1595689303950,STR1534,POS151,NONPRIME,7061658033,CASH,HOME-DELIVERY,Vijayawada,Andhra Pradesh,,273,Bedroom set,842.0,1,842.0
89114082,1595689303950,STR1534,POS151,NONPRIME,7061658033,CASH,HOME-DELIVERY,Vijayawada,Andhra Pradesh,,658,Chinois,567.0,2,1134.0
27259220,1595689303987,STR1955,POS992,NONPRIME,1482417862,CASH,TAKEAWAY,,,,363,Rocking chair,2021.0,1,2021.0
27259220,1595689303987,STR1955,POS992,NONPRIME,1482417862,CASH,TAKEAWAY,,,,538,Grandmother clock,1301.0,1,1301.0
7390863,1595689303987,STR6382,POS661,PRIME,7115250228,CASH,TAKEAWAY,,,,528,Projection clock,2365.0,2,4730.0
7390863,1595689303987,STR6382,POS661,PRIME,7115250228,CASH,TAKEAWAY,,,,533,Rolling ball clock,1651.0,1,1651.0
74898412,1595689304072,STR7443,POS365,PRIME,8790333340,CASH,HOME-DELIVERY,Mangalore,Karnataka,,383,Innerspring Mattress,655.0,2,1310.0
74898412,1595689304072,STR7443,POS365,PRIME,8790333340,CASH,HOME-DELIVERY,Mangalore,Karnataka,,268,Floating shelf,1894.0,2,3788.0
12080467,1595689304088,STR8311,POS935,NONPRIME,5196911608,CARD,TAKEAWAY,,,,358,Restraint chair,1943.0,1,1943.0
90989312,1595689304088,STR2629,POS647,PRIME,1053863739,CASH,TAKEAWAY,,,,693,Mandoline,250.0,1,250.0
90989312,1595689304088,STR2629,POS647,PRIME,1053863739,CASH,TAKEAWAY,,,,608,Pleated Drapes,1684.0,2,3368.0
74246764,1595689304173,STR2952,POS152,PRIME,3027514652,CASH,TAKEAWAY,,,,678,Fillet knife,350.0,1,350.0
74246764,1595689304173,STR2952,POS152,PRIME,3027514652,CASH,TAKEAWAY,,,,578,Goblet Pleat Curtains,1765.0,1,1765.0
14059181,1595689304188,STR2952,POS351,NONPRIME,2024774071,CASH,HOME-DELIVERY,Hyderabad,Andhra Pradesh,,398,Latex Mattress,773.0,2,1546.0
14059181,1595689304188,STR2952,POS351,NONPRIME,2024774071,CASH,HOME-DELIVERY,Hyderabad,Andhra Pradesh,,328,Dining chair,1223.0,2,2446.0
14059181,1595689304188,STR2952,POS351,NONPRIME,2024774071,CASH,HOME-DELIVERY,Hyderabad,Andhra Pradesh,,438,Lead glass,2069.0,2,4138.0
35313766,1595689304188,STR6162,POS279,PRIME,2262471989,CASH,HOME-DELIVERY,Raigarh,Chhattisgarh,,578,Goblet Pleat Curtains,1765.0,2,3530.0
35313766,1595689304188,STR6162,POS279,PRIME,2262471989,CASH,HOME-DELIVERY,Raigarh,Chhattisgarh,,213,Infant bed,1755.0,2,3510.0
53361515,1595689304273,STR7443,POS388,PRIME,8714158103,CASH,HOME-DELIVERY,Chapra,Bihar,,438,Lead glass,2069.0,2,4138.0
26577240,1595689304289,STR5494,POS722,PRIME,9724245321,CASH,HOME-DELIVERY,Chhindwara,Madhya Pradesh,,288,Hutch,1812.0,1,1812.0
73847462,1595689304289,STR3781,POS129,PRIME,4692642935,CASH,HOME-DELIVERY,Murwara,Madhya Pradesh,,573,Eyelet Curtains,642.0,2,1284.0
32315919,1595689304374,STR6347,POS927,NONPRIME,3996109634,CARD,HOME-DELIVERY,Raigarh,Chhattisgarh,,413,Slipcover,1896.0,2,3792.0
32315919,1595689304374,STR6347,POS927,NONPRIME,3996109634,CARD,HOME-DELIVERY,Raigarh,Chhattisgarh,,203,Bunk bed,1686.0,1,1686.0
32315919,1595689304374,STR6347,POS927,NONPRIME,3996109634,CARD,HOME-DELIVERY,Raigarh,Chhattisgarh,,393,Hybrid Mattress,2217.0,2,4434.0
6416763,1595689304389,STR2629,POS172,NONPRIME,7829975914,CASH,HOME-DELIVERY,Sikar,Rajasthan,,328,Dining chair,1223.0,1,1223.0
6416763,1595689304389,STR2629,POS172,NONPRIME,7829975914,CASH,HOME-DELIVERY,Sikar,Rajasthan,,618,Pencil Pleat Drapes,1140.0,1,1140.0
96505544,1595689304389,STR2629,POS768,NONPRIME,1360645962,CARD,HOME-DELIVERY,Jaipur,Rajasthan,,263,Kitchen cabinet,1050.0,1,1050.0
88495519,1595689304474,STR5864,POS945,PRIME,5305473526,CARD,HOME-DELIVERY,Bokaro Steel City,Jharkhand,,258,Closet,1687.0,2,3374.0
88495519,1595689304474,STR5864,POS945,PRIME,5305473526,CARD,HOME-DELIVERY,Bokaro Steel City,Jharkhand,,408,Confidante,1242.0,1,1242.0
20658242,1595689304490,STR7262,POS733,PRIME,1518460232,CASH,TAKEAWAY,,,,298,Bardic chair,1649.0,1,1649.0
20658242,1595689304490,STR7262,POS733,PRIME,1518460232,CASH,TAKEAWAY,,,,288,Hutch,1812.0,2,3624.0
20658242,1595689304490,STR7262,POS733,PRIME,1518460232,CASH,TAKEAWAY,,,,228,Divan,1083.0,1,1083.0
19686003,1595689304490,STR7188,POS198,PRIME,5733357005,CARD,HOME-DELIVERY,Nagpur,Maharastra,,253,Bathroom cabinet,1513.0,2,3026.0
19686003,1595689304490,STR7188,POS198,PRIME,5733357005,CARD,HOME-DELIVERY,Nagpur,Maharastra,,578,Goblet Pleat Curtains,1765.0,1,1765.0
19686003,1595689304490,STR7188,POS198,PRIME,5733357005,CARD,HOME-DELIVERY,Nagpur,Maharastra,,208,Canopy bed,508.0,2,1016.0
77243040,1595689304574,STR4899,POS799,PRIME,2325763742,CASH,HOME-DELIVERY,Mango,Jharkhand,,568,Pinch Pleated Curtains,1718.0,2,3436.0
77243040,1595689304574,STR4899,POS799,PRIME,2325763742,CASH,HOME-DELIVERY,Mango,Jharkhand,,458,Wine glass,1644.0,1,1644.0
77243040,1595689304574,STR4899,POS799,PRIME,2325763742,CASH,HOME-DELIVERY,Mango,Jharkhand,,673,Dough scraper,980.0,2,1960.0
40229215,1595689304590,STR6347,POS994,PRIME,6296964163,CASH,TAKEAWAY,,,,203,Bunk bed,1686.0,1,1686.0
30819036,1595689304590,STR7443,POS411,NONPRIME,4369698403,CARD,HOME-DELIVERY,Nagpur,Maharastra,,408,Confidante,1242.0,1,1242.0
30819036,1595689304590,STR7443,POS411,NONPRIME,4369698403,CARD,HOME-DELIVERY,Nagpur,Maharastra,,583,Tab Top Curtains,1329.0,1,1329.0
30819036,1595689304590,STR7443,POS411,NONPRIME,4369698403,CARD,HOME-DELIVERY,Nagpur,Maharastra,,318,Bofinger chair,1119.0,1,1119.0
15630182,1595689304675,STR1534,POS944,NONPRIME,2968880358,CASH,HOME-DELIVERY,Muzaffarnagar,Uttar Pradesh,,578,Goblet Pleat Curtains,1765.0,2,3530.0
15630182,1595689304675,STR1534,POS944,NONPRIME,2968880358,CASH,HOME-DELIVERY,Muzaffarnagar,Uttar Pradesh,,558,Balloon clock,1633.0,2,3266.0
15630182,1595689304675,STR1534,POS944,NONPRIME,2968880358,CASH,HOME-DELIVERY,Muzaffarnagar,Uttar Pradesh,,398,Latex Mattress,773.0,1,773.0
62259376,1595689304690,STR1534,POS934,PRIME,5525406429,CASH,TAKEAWAY,,,,483,Teacups and saucers,1781.0,2,3562.0
62259376,1595689304690,STR1534,POS934,PRIME,5525406429,CASH,TAKEAWAY,,,,278,Dining set,1940.0,2,3880.0
62259376,1595689304690,STR1534,POS934,PRIME,5525406429,CASH,TAKEAWAY,,,,283,Portable Lamps,2236.0,2,4472.0
88792768,1595689304690,STR7443,POS365,PRIME,8790333340,CASH,HOME-DELIVERY,South Dum Dum,West Bengal,,488,Bread knife,1077.0,2,2154.0
88792768,1595689304690,STR7443,POS365,PRIME,8790333340,CASH,HOME-DELIVERY,South Dum Dum,West Bengal,,448,Martini glass,2263.0,1,2263.0
88792768,1595689304690,STR7443,POS365,PRIME,8790333340,CASH,HOME-DELIVERY,South Dum Dum,West Bengal,,443,Margarita glass,2475.0,2,4950.0
88792768,1595689304690,STR7443,POS365,PRIME,8790333340,CASH,HOME-DELIVERY,South Dum Dum,West Bengal,,203,Bunk bed,1686.0,2,3372.0
11915391,1595689304775,STR8311,POS728,PRIME,8490473378,CASH,HOME-DELIVERY,Hassan,Karnataka,,698,Meat grinder,1250.0,2,2500.0
11915391,1595689304775,STR8311,POS728,PRIME,8490473378,CASH,HOME-DELIVERY,Hassan,Karnataka,,463,Cookie jars,793.0,1,793.0
51053754,1595689304791,STR8311,POS224,NONPRIME,2989852024,CASH,TAKEAWAY,,,,513,Flip clock,1259.0,2,2518.0
51053754,1595689304791,STR8311,POS224,NONPRIME,2989852024,CASH,TAKEAWAY,,,,423,Quilt,1485.0,1,1485.0
50195211,1595689304791,STR2952,POS477,NONPRIME,3425633108,CASH,TAKEAWAY,,,,313,Brewster Chair,2195.0,1,2195.0
50195211,1595689304791,STR2952,POS477,NONPRIME,3425633108,CASH,TAKEAWAY,,,,593,Hanging curtains,1896.0,1,1896.0
50195211,1595689304791,STR2952,POS477,NONPRIME,3425633108,CASH,TAKEAWAY,,,,443,Margarita glass,2475.0,2,4950.0
98093914,1595689304875,STR6162,POS987,NONPRIME,8071065242,CASH,TAKEAWAY,,,,273,Bedroom set,842.0,2,1684.0
98093914,1595689304875,STR6162,POS987,NONPRIME,8071065242,CASH,TAKEAWAY,,,,238,Dining table,1582.0,1,1582.0
98093914,1595689304875,STR6162,POS987,NONPRIME,8071065242,CASH,TAKEAWAY,,,,558,Balloon clock,1633.0,2,3266.0
98093914,1595689304875,STR6162,POS987,NONPRIME,8071065242,CASH,TAKEAWAY,,,,358,Restraint chair,1943.0,1,1943.0
8850255,1595689304891,STR7188,POS956,PRIME,4629185211,CARD,TAKEAWAY,,,,638,Baster,1214.0,2,2428.0
8850255,1595689304891,STR7188,POS956,PRIME,4629185211,CARD,TAKEAWAY,,,,563,Chiming clock,2168.0,2,4336.0
91087551,1595689304891,STR7443,POS333,NONPRIME,5483488802,CASH,HOME-DELIVERY,Katihar,Bihar,,318,Bofinger chair,1119.0,2,2238.0
91087551,1595689304891,STR7443,POS333,NONPRIME,5483488802,CASH,HOME-DELIVERY,Katihar,Bihar,,303,Bench,2251.0,2,4502.0
91087551,1595689304891,STR7443,POS333,NONPRIME,5483488802,CASH,HOME-DELIVERY,Katihar,Bihar,,243,Folding table,738.0,1,738.0
20966784,1595689304976,STR4899,POS799,PRIME,2325763742,CASH,HOME-DELIVERY,Mangalore,Karnataka,,408,Confidante,1242.0,2,2484.0
63334378,1595689304991,STR6382,POS968,PRIME,4148565252,CASH,HOME-DELIVERY,Bharatpur,Rajasthan,,668,Crab cracker,785.0,2,1570.0
63334378,1595689304991,STR6382,POS968,PRIME,4148565252,CASH,HOME-DELIVERY,Bharatpur,Rajasthan,,308,Butterfly chair,857.0,2,1714.0
63334378,1595689304991,STR6382,POS968,PRIME,4148565252,CASH,HOME-DELIVERY,Bharatpur,Rajasthan,,458,Wine glass,1644.0,1,1644.0
63334378,1595689304991,STR6382,POS968,PRIME,4148565252,CASH,HOME-DELIVERY,Bharatpur,Rajasthan,,563,Chiming clock,2168.0,1,2168.0
26595867,1595689304991,STR1534,POS944,NONPRIME,2968880358,CASH,HOME-DELIVERY,North Barrackpur,West Bengal,,418,Wing chair,1431.0,2,2862.0
26595867,1595689304991,STR1534,POS944,NONPRIME,2968880358,CASH,HOME-DELIVERY,North Barrackpur,West Bengal,,348,Navy chair,1998.0,2,3996.0
42357391,1595689305076,STR5494,POS722,PRIME,9724245321,CASH,HOME-DELIVERY,Gonda,Uttar Pradesh,,313,Brewster Chair,2195.0,1,2195.0
42357391,1595689305076,STR5494,POS722,PRIME,9724245321,CASH,HOME-DELIVERY,Gonda,Uttar Pradesh,,368,Stool,888.0,2,1776.0
96730813,1595689305092,STR2952,POS351,NONPRIME,2024774071,CASH,HOME-DELIVERY,Dehradun,Uttarakhand,,558,Balloon clock,1633.0,2,3266.0
96730813,1595689305092,STR2952,POS351,NONPRIME,2024774071,CASH,HOME-DELIVERY,Dehradun,Uttarakhand,,238,Dining table,1582.0,1,1582.0
96730813,1595689305092,STR2952,POS351,NONPRIME,2024774071,CASH,HOME-DELIVERY,Dehradun,Uttarakhand,,463,Cookie jars,793.0,1,793.0
56765553,1595689305092,STR6347,POS994,PRIME,6296964163,CASH,TAKEAWAY,,,,368,Stool,888.0,1,888.0
56765553,1595689305092,STR6347,POS994,PRIME,6296964163,CASH,TAKEAWAY,,,,258,Closet,1687.0,1,1687.0
56765553,1595689305092,STR6347,POS994,PRIME,6296964163,CASH,TAKEAWAY,,,,563,Chiming clock,2168.0,2,4336.0
56765553,1595689305092,STR6347,POS994,PRIME,6296964163,CASH,TAKEAWAY,,,,338,Kneeling chairs,442.0,1,442.0
39172937,1595689305177,STR8513,POS881,NONPRIME,2599848717,CARD,TAKEAWAY,,,,243,Folding table,738.0,1,738.0
54598616,1595689305192,STR7262,POS182,PRIME,5378825053,CASH,HOME-DELIVERY,Chapra,Bihar,,288,Hutch,1812.0,2,3624.0
54598616,1595689305192,STR7262,POS182,PRIME,5378825053,CASH,HOME-DELIVERY,Chapra,Bihar,,528,Projection clock,2365.0,1,2365.0
30979299,1595689305192,STR5494,POS121,PRIME,9509332022,CARD,TAKEAWAY,,,,693,Mandoline,250.0,2,500.0
30979299,1595689305192,STR5494,POS121,PRIME,9509332022,CARD,TAKEAWAY,,,,463,Cookie jars,793.0,2,1586.0
30979299,1595689305192,STR5494,POS121,PRIME,9509332022,CARD,TAKEAWAY,,,,453,Shot glass,674.0,1,674.0
57235269,1595689305277,STR7255,POS738,NONPRIME,8582181693,CASH,TAKEAWAY,,,,538,Grandmother clock,1301.0,2,2602.0
57235269,1595689305277,STR7255,POS738,NONPRIME,8582181693,CASH,TAKEAWAY,,,,233,Coffee table,1055.0,2,2110.0
57235269,1595689305277,STR7255,POS738,NONPRIME,8582181693,CASH,TAKEAWAY,,,,478,Teapot,885.0,2,1770.0
57235269,1595689305277,STR7255,POS738,NONPRIME,8582181693,CASH,TAKEAWAY,,,,568,Pinch Pleated Curtains,1718.0,1,1718.0
24242361,1595689305293,STR8513,POS163,PRIME,2762345282,CARD,HOME-DELIVERY,Hathras,Uttar Pradesh,,688,Ladle,570.0,2,1140.0
24242361,1595689305293,STR8513,POS163,PRIME,2762345282,CARD,HOME-DELIVERY,Hathras,Uttar Pradesh,,278,Dining set,1940.0,2,3880.0
24242361,1595689305293,STR8513,POS163,PRIME,2762345282,CARD,HOME-DELIVERY,Hathras,Uttar Pradesh,,243,Folding table,738.0,2,1476.0
24242361,1595689305293,STR8513,POS163,PRIME,2762345282,CARD,HOME-DELIVERY,Hathras,Uttar Pradesh,,618,Pencil Pleat Drapes,1140.0,2,2280.0
34253190,1595689305293,STR7188,POS682,NONPRIME,1489226224,CASH,TAKEAWAY,,,,663,Corkscrew,983.0,1,983.0
34253190,1595689305293,STR7188,POS682,NONPRIME,1489226224,CASH,TAKEAWAY,,,,203,Bunk bed,1686.0,1,1686.0
34253190,1595689305293,STR7188,POS682,NONPRIME,1489226224,CASH,TAKEAWAY,,,,533,Rolling ball clock,1651.0,1,1651.0
31707714,1595689305377,STR4899,POS584,NONPRIME,2502121621,CASH,HOME-DELIVERY,Mathura,Uttar Pradesh,,343,Massage chair,1354.0,1,1354.0
31707714,1595689305377,STR4899,POS584,NONPRIME,2502121621,CASH,HOME-DELIVERY,Mathura,Uttar Pradesh,,698,Meat grinder,1250.0,2,2500.0
31707714,1595689305377,STR4899,POS584,NONPRIME,2502121621,CASH,HOME-DELIVERY,Mathura,Uttar Pradesh,,228,Divan,1083.0,2,2166.0
31707714,1595689305377,STR4899,POS584,NONPRIME,2502121621,CASH,HOME-DELIVERY,Mathura,Uttar Pradesh,,298,Bardic chair,1649.0,1,1649.0
39109048,1595689305393,STR2952,POS663,NONPRIME,7928716562,CASH,HOME-DELIVERY,Allappuzha,Kerala,,658,Chinois,567.0,2,1134.0
39109048,1595689305393,STR2952,POS663,NONPRIME,7928716562,CASH,HOME-DELIVERY,Allappuzha,Kerala,,658,Chinois,567.0,2,1134.0
39109048,1595689305393,STR2952,POS663,NONPRIME,7928716562,CASH,HOME-DELIVERY,Allappuzha,Kerala,,403,Adjustable Air Mattress,1417.0,2,2834.0
14420281,1595689305393,STR4899,POS584,NONPRIME,2502121621,CASH,HOME-DELIVERY,Banda,Uttar Pradesh,,328,Dining chair,1223.0,1,1223.0
14420281,1595689305393,STR4899,POS584,NONPRIME,2502121621,CASH,HOME-DELIVERY,Banda,Uttar Pradesh,,568,Pinch Pleated Curtains,1718.0,1,1718.0
14420281,1595689305393,STR4899,POS584,NONPRIME,2502121621,CASH,HOME-DELIVERY,Banda,Uttar Pradesh,,583,Tab Top Curtains,1329.0,2,2658.0
14420281,1595689305393,STR4899,POS584,NONPRIME,2502121621,CASH,HOME-DELIVERY,Banda,Uttar Pradesh,,258,Closet,1687.0,1,1687.0
67800964,1595689305493,STR7449,POS351,NONPRIME,9639928743,CASH,TAKEAWAY,,,,478,Teapot,885.0,2,1770.0
67800964,1595689305493,STR7449,POS351,NONPRIME,9639928743,CASH,TAKEAWAY,,,,233,Coffee table,1055.0,2,2110.0
67800964,1595689305493,STR7449,POS351,NONPRIME,9639928743,CASH,TAKEAWAY,,,,588,Sheer Curtains,801.0,2,1602.0
67800964,1595689305493,STR7449,POS351,NONPRIME,9639928743,CASH,TAKEAWAY,,,,238,Dining table,1582.0,2,3164.0
94352447,1595689305509,STR6347,POS927,NONPRIME,3996109634,CARD,HOME-DELIVERY,Hathras,Uttar Pradesh,,693,Mandoline,250.0,1,250.0
94352447,1595689305509,STR6347,POS927,NONPRIME,3996109634,CARD,HOME-DELIVERY,Hathras,Uttar Pradesh,,573,Eyelet Curtains,642.0,1,642.0
94352447,1595689305509,STR6347,POS927,NONPRIME,3996109634,CARD,HOME-DELIVERY,Hathras,Uttar Pradesh,,678,Fillet knife,350.0,1,350.0
94352447,1595689305509,STR6347,POS927,NONPRIME,3996109634,CARD,HOME-DELIVERY,Hathras,Uttar Pradesh,,393,Hybrid Mattress,2217.0,1,2217.0
50584338,1595689305509,STR3781,POS843,NONPRIME,1191112820,CARD,HOME-DELIVERY,Ganganagar,Rajasthan,,688,Ladle,570.0,2,1140.0
50584338,1595689305509,STR3781,POS843,NONPRIME,1191112820,CARD,HOME-DELIVERY,Ganganagar,Rajasthan,,598,Grommet Curtains,914.0,2,1828.0
34674871,1595689305593,STR7188,POS956,PRIME,4629185211,CARD,TAKEAWAY,,,,248,TV tray table,1947.0,2,3894.0
77831976,1595689305609,STR5646,POS968,PRIME,2220404140,CASH,HOME-DELIVERY,Sikar,Rajasthan,,238,Dining table,1582.0,2,3164.0
77831976,1595689305609,STR5646,POS968,PRIME,2220404140,CASH,HOME-DELIVERY,Sikar,Rajasthan,,503,Chef's knife,1973.0,1,1973.0
94215276,1595689305609,STR5864,POS465,NONPRIME,1211843745,CARD,TAKEAWAY,,,,523,Oil-lamp clock,1371.0,2,2742.0
94215276,1595689305609,STR5864,POS465,NONPRIME,1211843745,CARD,TAKEAWAY,,,,673,Dough scraper,980.0,1,980.0
94215276,1595689305609,STR5864,POS465,NONPRIME,1211843745,CARD,TAKEAWAY,,,,343,Massage chair,1354.0,1,1354.0
82542121,1595689305694,STR1955,POS324,NONPRIME,3916555911,CASH,HOME-DELIVERY,Dehradun,Uttarakhand,,663,Corkscrew,983.0,1,983.0
82542121,1595689305694,STR1955,POS324,NONPRIME,3916555911,CASH,HOME-DELIVERY,Dehradun,Uttarakhand,,248,TV tray table,1947.0,2,3894.0
43429596,1595689305709,STR1955,POS493,PRIME,4405006483,CARD,TAKEAWAY,,,,643,Blow torch,1955.0,2,3910.0
43429596,1595689305709,STR1955,POS493,PRIME,4405006483,CARD,TAKEAWAY,,,,218,Sofa bed,895.0,1,895.0
43429596,1595689305709,STR1955,POS493,PRIME,4405006483,CARD,TAKEAWAY,,,,233,Coffee table,1055.0,1,1055.0
43429596,1595689305709,STR1955,POS493,PRIME,4405006483,CARD,TAKEAWAY,,,,323,Chiavari chair,653.0,2,1306.0
86880423,1595689305709,STR4899,POS954,NONPRIME,3716602332,CASH,HOME-DELIVERY,Katihar,Bihar,,403,Adjustable Air Mattress,1417.0,2,2834.0
86880423,1595689305709,STR4899,POS954,NONPRIME,3716602332,CASH,HOME-DELIVERY,Katihar,Bihar,,293,Bar stool,1148.0,1,1148.0
86880423,1595689305709,STR4899,POS954,NONPRIME,3716602332,CASH,HOME-DELIVERY,Katihar,Bihar,,393,Hybrid Mattress,2217.0,2,4434.0
57258771,1595689305794,STR7188,POS825,PRIME,7051101351,CASH,HOME-DELIVERY,Gonda,Uttar Pradesh,,438,Lead glass,2069.0,1,2069.0
57258771,1595689305794,STR7188,POS825,PRIME,7051101351,CASH,HOME-DELIVERY,Gonda,Uttar Pradesh,,303,Bench,2251.0,2,4502.0
57258771,1595689305794,STR7188,POS825,PRIME,7051101351,CASH,HOME-DELIVERY,Gonda,Uttar Pradesh,,263,Kitchen cabinet,1050.0,2,2100.0
57258771,1595689305794,STR7188,POS825,PRIME,7051101351,CASH,HOME-DELIVERY,Gonda,Uttar Pradesh,,243,Folding table,738.0,1,738.0
75741131,1595689305810,STR8311,POS728,PRIME,8490473378,CASH,HOME-DELIVERY,Imphal,Manipur,,563,Chiming clock,2168.0,2,4336.0
75741131,1595689305810,STR8311,POS728,PRIME,8490473378,CASH,HOME-DELIVERY,Imphal,Manipur,,318,Bofinger chair,1119.0,1,1119.0
76102848,1595689305810,STR2629,POS647,PRIME,1053863739,CASH,TAKEAWAY,,,,293,Bar stool,1148.0,2,2296.0
93256532,1595689305910,STR6382,POS661,PRIME,7115250228,CASH,TAKEAWAY,,,,223,Hammock,1210.0,1,1210.0
93256532,1595689305910,STR6382,POS661,PRIME,7115250228,CASH,TAKEAWAY,,,,468,Lunch box,1467.0,2,2934.0
93256532,1595689305910,STR6382,POS661,PRIME,7115250228,CASH,TAKEAWAY,,,,523,Oil-lamp clock,1371.0,2,2742.0
93256532,1595689305910,STR6382,POS661,PRIME,7115250228,CASH,TAKEAWAY,,,,248,TV tray table,1947.0,1,1947.0
13181080,1595689305925,STR7188,POS825,PRIME,7051101351,CASH,HOME-DELIVERY,Dehradun,Uttarakhand,,403,Adjustable Air Mattress,1417.0,2,2834.0
13181080,1595689305925,STR7188,POS825,PRIME,7051101351,CASH,HOME-DELIVERY,Dehradun,Uttarakhand,,378,Air Bed,2263.0,2,4526.0
74721670,1595689305925,STR5864,POS878,NONPRIME,9728415172,CARD,TAKEAWAY,,,,273,Bedroom set,842.0,2,1684.0
74721670,1595689305925,STR5864,POS878,NONPRIME,9728415172,CARD,TAKEAWAY,,,,518,Hourglass,1598.0,2,3196.0
85748573,1595689306010,STR7443,POS388,PRIME,8714158103,CASH,HOME-DELIVERY,Cuddalore,Tamil Nadu,,663,Corkscrew,983.0,2,1966.0
85748573,1595689306010,STR7443,POS388,PRIME,8714158103,CASH,HOME-DELIVERY,Cuddalore,Tamil Nadu,,333,Gaming chair,1902.0,2,3804.0
85748573,1595689306010,STR7443,POS388,PRIME,8714158103,CASH,HOME-DELIVERY,Cuddalore,Tamil Nadu,,393,Hybrid Mattress,2217.0,2,4434.0
85748573,1595689306010,STR7443,POS388,PRIME,8714158103,CASH,HOME-DELIVERY,Cuddalore,Tamil Nadu,,583,Tab Top Curtains,1329.0,2,2658.0
28930404,1595689306025,STR6347,POS622,PRIME,5697125813,CARD,HOME-DELIVERY,Chapra,Bihar,,663,Corkscrew,983.0,2,1966.0
28930404,1595689306025,STR6347,POS622,PRIME,5697125813,CARD,HOME-DELIVERY,Chapra,Bihar,,673,Dough scraper,980.0,2,1960.0
28930404,1595689306025,STR6347,POS622,PRIME,5697125813,CARD,HOME-DELIVERY,Chapra,Bihar,,458,Wine glass,1644.0,2,3288.0
28930404,1595689306025,STR6347,POS622,PRIME,5697125813,CARD,HOME-DELIVERY,Chapra,Bihar,,578,Goblet Pleat Curtains,1765.0,2,3530.0
16614608,1595689306025,STR2699,POS779,PRIME,6797767929,CASH,HOME-DELIVERY,Dehradun,Uttarakhand,,568,Pinch Pleated Curtains,1718.0,2,3436.0
16614608,1595689306025,STR2699,POS779,PRIME,6797767929,CASH,HOME-DELIVERY,Dehradun,Uttarakhand,,523,Oil-lamp clock,1371.0,1,1371.0
16614608,1595689306025,STR2699,POS779,PRIME,6797767929,CASH,HOME-DELIVERY,Dehradun,Uttarakhand,,423,Quilt,1485.0,2,2970.0
16614608,1595689306025,STR2699,POS779,PRIME,6797767929,CASH,HOME-DELIVERY,Dehradun,Uttarakhand,,333,Gaming chair,1902.0,1,1902.0
36319747,1595689306110,STR7449,POS423,PRIME,7691699125,CASH,HOME-DELIVERY,Unnao,Uttar Pradesh,,238,Dining table,1582.0,1,1582.0
36319747,1595689306110,STR7449,POS423,PRIME,7691699125,CASH,HOME-DELIVERY,Unnao,Uttar Pradesh,,578,Goblet Pleat Curtains,1765.0,1,1765.0
36319747,1595689306110,STR7449,POS423,PRIME,7691699125,CASH,HOME-DELIVERY,Unnao,Uttar Pradesh,,393,Hybrid Mattress,2217.0,2,4434.0
73941544,1595689306126,STR6382,POS968,PRIME,4148565252,CASH,HOME-DELIVERY,Ichalkaranji,Maharastra,,213,Infant bed,1755.0,1,1755.0
73941544,1595689306126,STR6382,POS968,PRIME,4148565252,CASH,HOME-DELIVERY,Ichalkaranji,Maharastra,,523,Oil-lamp clock,1371.0,1,1371.0
5789020,1595689306126,STR4899,POS447,NONPRIME,5576072500,CARD,TAKEAWAY,,,,498,Carving knifes,1424.0,1,1424.0
61872631,1595689306210,STR5494,POS759,NONPRIME,4937932830,CARD,HOME-DELIVERY,Farrukhabad-cum-Fatehgarh,Uttar Pradesh,,683,Grater,370.0,1,370.0
24619932,1595689306226,STR2699,POS773,NONPRIME,9327106277,CASH,TAKEAWAY,,,,518,Hourglass,1598.0,2,3196.0
24619932,1595689306226,STR2699,POS773,NONPRIME,9327106277,CASH,TAKEAWAY,,,,648,Bottle opener,321.0,2,642.0
24619932,1595689306226,STR2699,POS773,NONPRIME,9327106277,CASH,TAKEAWAY,,,,408,Confidante,1242.0,2,2484.0
69098668,1595689306226,STR5646,POS212,NONPRIME,4226427254,CARD,HOME-DELIVERY,Faridabad,Haryana,,683,Grater,370.0,2,740.0
69098668,1595689306226,STR5646,POS212,NONPRIME,4226427254,CARD,HOME-DELIVERY,Faridabad,Haryana,,353,Recliner,1585.0,2,3170.0
79236335,1595689306311,STR5646,POS543,NONPRIME,5947487902,CARD,HOME-DELIVERY,Arrah,Bihar,,638,Baster,1214.0,2,2428.0
79236335,1595689306311,STR5646,POS543,NONPRIME,5947487902,CARD,HOME-DELIVERY,Arrah,Bihar,,403,Adjustable Air Mattress,1417.0,1,1417.0
79236335,1595689306311,STR5646,POS543,NONPRIME,5947487902,CARD,HOME-DELIVERY,Arrah,Bihar,,648,Bottle opener,321.0,2,642.0
79236335,1595689306311,STR5646,POS543,NONPRIME,5947487902,CARD,HOME-DELIVERY,Arrah,Bihar,,283,Portable Lamps,2236.0,2,4472.0
56501396,1595689306326,STR6347,POS856,NONPRIME,5724653917,CASH,TAKEAWAY,,,,433,Depression glass,1950.0,1,1950.0
1230138,1595689306326,STR5494,POS121,PRIME,9509332022,CARD,TAKEAWAY,,,,313,Brewster Chair,2195.0,2,4390.0
1230138,1595689306326,STR5494,POS121,PRIME,9509332022,CARD,TAKEAWAY,,,,563,Chiming clock,2168.0,1,2168.0
1230138,1595689306326,STR5494,POS121,PRIME,9509332022,CARD,TAKEAWAY,,,,553,Banjo clock,1651.0,1,1651.0
1230138,1595689306326,STR5494,POS121,PRIME,9509332022,CARD,TAKEAWAY,,,,418,Wing chair,1431.0,2,2862.0
30105743,1595689306411,STR7188,POS664,PRIME,9316477281,CARD,HOME-DELIVERY,Multan,Punjab,,313,Brewster Chair,2195.0,2,4390.0
94762026,1595689306427,STR1534,POS364,NONPRIME,3006055636,CASH,HOME-DELIVERY,Mathura,Uttar Pradesh,,548,Cartel clock,1500.0,1,1500.0
50501729,1595689306427,STR6347,POS333,NONPRIME,9740604930,CARD,HOME-DELIVERY,Surendranagar,Gujarat,,653,Browning tray,375.0,1,375.0
50501729,1595689306427,STR6347,POS333,NONPRIME,9740604930,CARD,HOME-DELIVERY,Surendranagar,Gujarat,,523,Oil-lamp clock,1371.0,2,2742.0
50501729,1595689306427,STR6347,POS333,NONPRIME,9740604930,CARD,HOME-DELIVERY,Surendranagar,Gujarat,,508,Kitchen knife,2483.0,1,2483.0
42890339,1595689306512,STR7449,POS923,NONPRIME,1422009832,CARD,HOME-DELIVERY,Ratlam,Madhya Pradesh,,313,Brewster Chair,2195.0,2,4390.0
42890339,1595689306512,STR7449,POS923,NONPRIME,1422009832,CARD,HOME-DELIVERY,Ratlam,Madhya Pradesh,,613,Goblet Pleat Drapes,1583.0,2,3166.0
42890339,1595689306512,STR7449,POS923,NONPRIME,1422009832,CARD,HOME-DELIVERY,Ratlam,Madhya Pradesh,,278,Dining set,1940.0,1,1940.0
78276593,1595689306527,STR7255,POS738,NONPRIME,8582181693,CASH,TAKEAWAY,,,,268,Floating shelf,1894.0,2,3788.0
78276593,1595689306527,STR7255,POS738,NONPRIME,8582181693,CASH,TAKEAWAY,,,,588,Sheer Curtains,801.0,1,801.0
78276593,1595689306527,STR7255,POS738,NONPRIME,8582181693,CASH,TAKEAWAY,,,,273,Bedroom set,842.0,2,1684.0
39938910,1595689306527,STR5646,POS624,PRIME,8109010950,CASH,TAKEAWAY,,,,218,Sofa bed,895.0,2,1790.0
4470010,1595689306612,STR2952,POS471,NONPRIME,9741556539,CASH,TAKEAWAY,,,,503,Chef's knife,1973.0,1,1973.0
96458922,1595689306628,STR4899,POS584,NONPRIME,2502121621,CASH,HOME-DELIVERY,North Barrackpur,West Bengal,,343,Massage chair,1354.0,1,1354.0
96458922,1595689306628,STR4899,POS584,NONPRIME,2502121621,CASH,HOME-DELIVERY,North Barrackpur,West Bengal,,228,Divan,1083.0,2,2166.0
61389863,1595689306628,STR4899,POS954,NONPRIME,3716602332,CASH,HOME-DELIVERY,Allappuzha,Kerala,,673,Dough scraper,980.0,2,1960.0
61389863,1595689306628,STR4899,POS954,NONPRIME,3716602332,CASH,HOME-DELIVERY,Allappuzha,Kerala,,328,Dining chair,1223.0,1,1223.0
5037416,1595689306712,STR6382,POS145,PRIME,6733153948,CARD,HOME-DELIVERY,Delhi,Delhi,,483,Teacups and saucers,1781.0,2,3562.0
5037416,1595689306712,STR6382,POS145,PRIME,6733153948,CARD,HOME-DELIVERY,Delhi,Delhi,,508,Kitchen knife,2483.0,2,4966.0
5037416,1595689306712,STR6382,POS145,PRIME,6733153948,CARD,HOME-DELIVERY,Delhi,Delhi,,478,Teapot,885.0,2,1770.0
48488215,1595689306728,STR6382,POS265,PRIME,7908234230,CASH,HOME-DELIVERY,Pune,Maharastra,,538,Grandmother clock,1301.0,2,2602.0
77202950,1595689306728,STR8513,POS155,NONPRIME,2389018842,CASH,HOME-DELIVERY,Nellore,Andhra Pradesh,,673,Dough scraper,980.0,1,980.0
77202950,1595689306728,STR8513,POS155,NONPRIME,2389018842,CASH,HOME-DELIVERY,Nellore,Andhra Pradesh,,438,Lead glass,2069.0,1,2069.0
53802438,1595689306813,STR4899,POS584,NONPRIME,2502121621,CASH,HOME-DELIVERY,Agra,Uttar Pradesh,,363,Rocking chair,2021.0,1,2021.0
53802438,1595689306813,STR4899,POS584,NONPRIME,2502121621,CASH,HOME-DELIVERY,Agra,Uttar Pradesh,,608,Pleated Drapes,1684.0,2,3368.0
48030104,1595689306828,STR7262,POS576,NONPRIME,2016894106,CARD,TAKEAWAY,,,,203,Bunk bed,1686.0,2,3372.0
48030104,1595689306828,STR7262,POS576,NONPRIME,2016894106,CARD,TAKEAWAY,,,,453,Shot glass,674.0,2,1348.0
48030104,1595689306828,STR7262,POS576,NONPRIME,2016894106,CARD,TAKEAWAY,,,,343,Massage chair,1354.0,1,1354.0
48030104,1595689306828,STR7262,POS576,NONPRIME,2016894106,CARD,TAKEAWAY,,,,378,Air Bed,2263.0,1,2263.0
84522982,1595689306828,STR5864,POS945,PRIME,5305473526,CARD,HOME-DELIVERY,Sitapur,Uttar Pradesh,,693,Mandoline,250.0,2,500.0
84522982,1595689306828,STR5864,POS945,PRIME,5305473526,CARD,HOME-DELIVERY,Sitapur,Uttar Pradesh,,528,Projection clock,2365.0,2,4730.0
84522982,1595689306828,STR5864,POS945,PRIME,5305473526,CARD,HOME-DELIVERY,Sitapur,Uttar Pradesh,,353,Recliner,1585.0,2,3170.0
84522982,1595689306828,STR5864,POS945,PRIME,5305473526,CARD,HOME-DELIVERY,Sitapur,Uttar Pradesh,,603,Sheer Curtains,1282.0,2,2564.0
8693860,1595689306913,STR2952,POS477,NONPRIME,3425633108,CASH,TAKEAWAY,,,,323,Chiavari chair,653.0,2,1306.0
41867998,1595689306929,STR8311,POS935,NONPRIME,5196911608,CARD,TAKEAWAY,,,,528,Projection clock,2365.0,2,4730.0
41867998,1595689306929,STR8311,POS935,NONPRIME,5196911608,CARD,TAKEAWAY,,,,328,Dining chair,1223.0,1,1223.0
41867998,1595689306929,STR8311,POS935,NONPRIME,5196911608,CARD,TAKEAWAY,,,,563,Chiming clock,2168.0,1,2168.0
41867998,1595689306929,STR8311,POS935,NONPRIME,5196911608,CARD,TAKEAWAY,,,,513,Flip clock,1259.0,2,2518.0
22154679,1595689306929,STR5864,POS132,NONPRIME,6909538460,CASH,HOME-DELIVERY,Tiruvottiyur,Tamil Nadu,,418,Wing chair,1431.0,2,2862.0
22154679,1595689306929,STR5864,POS132,NONPRIME,6909538460,CASH,HOME-DELIVERY,Tiruvottiyur,Tamil Nadu,,693,Mandoline,250.0,1,250.0
22154679,1595689306929,STR5864,POS132,NONPRIME,6909538460,CASH,HOME-DELIVERY,Tiruvottiyur,Tamil Nadu,,238,Dining table,1582.0,2,3164.0
22154679,1595689306929,STR5864,POS132,NONPRIME,6909538460,CASH,HOME-DELIVERY,Tiruvottiyur,Tamil Nadu,,253,Bathroom cabinet,1513.0,2,3026.0
41519857,1595689307013,STR6347,POS856,NONPRIME,5724653917,CASH,TAKEAWAY,,,,448,Martini glass,2263.0,1,2263.0
41519857,1595689307013,STR6347,POS856,NONPRIME,5724653917,CASH,TAKEAWAY,,,,523,Oil-lamp clock,1371.0,1,1371.0
41519857,1595689307013,STR6347,POS856,NONPRIME,5724653917,CASH,TAKEAWAY,,,,448,Martini glass,2263.0,1,2263.0
41519857,1595689307013,STR6347,POS856,NONPRIME,5724653917,CASH,TAKEAWAY,,,,303,Bench,2251.0,1,2251.0
9120599,1595689307029,STR2952,POS351,NONPRIME,2024774071,CASH,HOME-DELIVERY,Bharatpur,Rajasthan,,453,Shot glass,674.0,1,674.0
9120599,1595689307029,STR2952,POS351,NONPRIME,2024774071,CASH,HOME-DELIVERY,Bharatpur,Rajasthan,,558,Balloon clock,1633.0,1,1633.0
9120599,1595689307029,STR2952,POS351,NONPRIME,2024774071,CASH,HOME-DELIVERY,Bharatpur,Rajasthan,,268,Floating shelf,1894.0,1,1894.0
9120599,1595689307029,STR2952,POS351,NONPRIME,2024774071,CASH,HOME-DELIVERY,Bharatpur,Rajasthan,,673,Dough scraper,980.0,1,980.0
23268006,1595689307029,STR5494,POS759,NONPRIME,4937932830,CARD,HOME-DELIVERY,Banda,Uttar Pradesh,,233,Coffee table,1055.0,1,1055.0
74956585,1595689307114,STR7449,POS351,NONPRIME,9639928743,CASH,TAKEAWAY,,,,648,Bottle opener,321.0,2,642.0
74956585,1595689307114,STR7449,POS351,NONPRIME,9639928743,CASH,TAKEAWAY,,,,418,Wing chair,1431.0,2,2862.0
74956585,1595689307114,STR7449,POS351,NONPRIME,9639928743,CASH,TAKEAWAY,,,,243,Folding table,738.0,2,1476.0
74956585,1595689307114,STR7449,POS351,NONPRIME,9639928743,CASH,TAKEAWAY,,,,603,Sheer Curtains,1282.0,2,2564.0
99674780,1595689307129,STR6162,POS279,PRIME,2262471989,CASH,HOME-DELIVERY,Ichalkaranji,Maharastra,,473,Mason jars,1358.0,2,2716.0
99674780,1595689307129,STR6162,POS279,PRIME,2262471989,CASH,HOME-DELIVERY,Ichalkaranji,Maharastra,,683,Grater,370.0,1,370.0
21263838,1595689307129,STR5494,POS759,NONPRIME,4937932830,CARD,HOME-DELIVERY,Allappuzha,Kerala,,288,Hutch,1812.0,2,3624.0
21263838,1595689307129,STR5494,POS759,NONPRIME,4937932830,CARD,HOME-DELIVERY,Allappuzha,Kerala,,608,Pleated Drapes,1684.0,2,3368.0
36774585,1595689307214,STR5494,POS722,PRIME,9724245321,CASH,HOME-DELIVERY,Shivapuri,Madhya Pradesh,,513,Flip clock,1259.0,1,1259.0
36774585,1595689307214,STR5494,POS722,PRIME,9724245321,CASH,HOME-DELIVERY,Shivapuri,Madhya Pradesh,,538,Grandmother clock,1301.0,2,2602.0
36774585,1595689307214,STR5494,POS722,PRIME,9724245321,CASH,HOME-DELIVERY,Shivapuri,Madhya Pradesh,,698,Meat grinder,1250.0,1,1250.0
14643271,1595689307230,STR8311,POS377,NONPRIME,8670468851,CASH,TAKEAWAY,,,,388,Memory Foam,1884.0,2,3768.0
14643271,1595689307230,STR8311,POS377,NONPRIME,8670468851,CASH,TAKEAWAY,,,,408,Confidante,1242.0,2,2484.0
50295104,1595689307230,STR6347,POS622,PRIME,5697125813,CARD,HOME-DELIVERY,Chennai,Tamil Nadu,,553,Banjo clock,1651.0,1,1651.0
50295104,1595689307230,STR6347,POS622,PRIME,5697125813,CARD,HOME-DELIVERY,Chennai,Tamil Nadu,,378,Air Bed,2263.0,2,4526.0
30536309,1595689307329,STR6162,POS835,NONPRIME,5611417583,CARD,TAKEAWAY,,,,288,Hutch,1812.0,1,1812.0
30536309,1595689307329,STR6162,POS835,NONPRIME,5611417583,CARD,TAKEAWAY,,,,473,Mason jars,1358.0,2,2716.0
38366192,1595689307345,STR6162,POS868,NONPRIME,9282685191,CARD,HOME-DELIVERY,Raigarh,Chhattisgarh,,243,Folding table,738.0,2,1476.0
92884952,1595689307345,STR8513,POS163,PRIME,2762345282,CARD,HOME-DELIVERY,Allappuzha,Kerala,,373,Latex Mattress,1313.0,2,2626.0
92884952,1595689307345,STR8513,POS163,PRIME,2762345282,CARD,HOME-DELIVERY,Allappuzha,Kerala,,468,Lunch box,1467.0,2,2934.0
92884952,1595689307345,STR8513,POS163,PRIME,2762345282,CARD,HOME-DELIVERY,Allappuzha,Kerala,,468,Lunch box,1467.0,2,2934.0
34947922,1595689307445,STR1534,POS151,NONPRIME,7061658033,CASH,HOME-DELIVERY,Tiruvottiyur,Tamil Nadu,,303,Bench,2251.0,2,4502.0
34947922,1595689307445,STR1534,POS151,NONPRIME,7061658033,CASH,HOME-DELIVERY,Tiruvottiyur,Tamil Nadu,,368,Stool,888.0,2,1776.0
34947922,1595689307445,STR1534,POS151,NONPRIME,7061658033,CASH,HOME-DELIVERY,Tiruvottiyur,Tamil Nadu,,433,Depression glass,1950.0,2,3900.0
57993959,1595689307461,STR5494,POS121,PRIME,9509332022,CARD,TAKEAWAY,,,,263,Kitchen cabinet,1050.0,2,2100.0
57993959,1595689307461,STR5494,POS121,PRIME,9509332022,CARD,TAKEAWAY,,,,593,Hanging curtains,1896.0,1,1896.0
57993959,1595689307461,STR5494,POS121,PRIME,9509332022,CARD,TAKEAWAY,,,,628,Window Scarf,1774.0,1,1774.0
14379855,1595689307461,STR7262,POS182,PRIME,5378825053,CASH,HOME-DELIVERY,Bharatpur,Rajasthan,,688,Ladle,570.0,2,1140.0
14379855,1595689307461,STR7262,POS182,PRIME,5378825053,CASH,HOME-DELIVERY,Bharatpur,Rajasthan,,228,Divan,1083.0,2,2166.0
32446526,1595689307545,STR3781,POS843,NONPRIME,1191112820,CARD,HOME-DELIVERY,Shahjahanpur,Uttar Pradesh,,568,Pinch Pleated Curtains,1718.0,2,3436.0
27164588,1595689307561,STR5494,POS384,NONPRIME,6048272250,CARD,HOME-DELIVERY,Palakkad,Kerala,,293,Bar stool,1148.0,2,2296.0
27164588,1595689307561,STR5494,POS384,NONPRIME,6048272250,CARD,HOME-DELIVERY,Palakkad,Kerala,,563,Chiming clock,2168.0,1,2168.0
2114453,1595689307561,STR7255,POS866,PRIME,5432615113,CASH,TAKEAWAY,,,,223,Hammock,1210.0,1,1210.0
2114453,1595689307561,STR7255,POS866,PRIME,5432615113,CASH,TAKEAWAY,,,,633,Cafe Curtains,796.0,2,1592.0
32178264,1595689307661,STR6162,POS868,NONPRIME,9282685191,CARD,HOME-DELIVERY,Sikar,Rajasthan,,288,Hutch,1812.0,2,3624.0
32178264,1595689307661,STR6162,POS868,NONPRIME,9282685191,CARD,HOME-DELIVERY,Sikar,Rajasthan,,568,Pinch Pleated Curtains,1718.0,1,1718.0
32178264,1595689307661,STR6162,POS868,NONPRIME,9282685191,CARD,HOME-DELIVERY,Sikar,Rajasthan,,333,Gaming chair,1902.0,1,1902.0
32178264,1595689307661,STR6162,POS868,NONPRIME,9282685191,CARD,HOME-DELIVERY,Sikar,Rajasthan,,638,Baster,1214.0,2,2428.0
4834259,1595689307683,STR4899,POS799,PRIME,2325763742,CASH,HOME-DELIVERY,Rishra,West Bengal,,278,Dining set,1940.0,1,1940.0
4834259,1595689307683,STR4899,POS799,PRIME,2325763742,CASH,HOME-DELIVERY,Rishra,West Bengal,,383,Innerspring Mattress,655.0,1,655.0
1589901,1595689307683,STR5864,POS132,NONPRIME,6909538460,CASH,HOME-DELIVERY,Shahjahanpur,Uttar Pradesh,,233,Coffee table,1055.0,2,2110.0
34074885,1595689307761,STR3781,POS978,NONPRIME,6244229107,CARD,TAKEAWAY,,,,623,Box Pleat Drapes,1683.0,1,1683.0
34074885,1595689307761,STR3781,POS978,NONPRIME,6244229107,CARD,TAKEAWAY,,,,438,Lead glass,2069.0,1,2069.0
52425653,1595689307799,STR7188,POS682,NONPRIME,1489226224,CASH,TAKEAWAY,,,,323,Chiavari chair,653.0,2,1306.0
52425653,1595689307799,STR7188,POS682,NONPRIME,1489226224,CASH,TAKEAWAY,,,,308,Butterfly chair,857.0,1,857.0
52425653,1595689307799,STR7188,POS682,NONPRIME,1489226224,CASH,TAKEAWAY,,,,588,Sheer Curtains,801.0,1,801.0
46281699,1595689307799,STR5864,POS872,PRIME,7589671731,CASH,HOME-DELIVERY,Hassan,Karnataka,,563,Chiming clock,2168.0,2,4336.0
46281699,1595689307799,STR5864,POS872,PRIME,7589671731,CASH,HOME-DELIVERY,Hassan,Karnataka,,313,Brewster Chair,2195.0,2,4390.0
46126253,1595689307883,STR2699,POS832,NONPRIME,4552039054,CASH,HOME-DELIVERY,Ingraj Bazar,West Bengal,,563,Chiming clock,2168.0,2,4336.0
46126253,1595689307883,STR2699,POS832,NONPRIME,4552039054,CASH,HOME-DELIVERY,Ingraj Bazar,West Bengal,,458,Wine glass,1644.0,2,3288.0
46126253,1595689307883,STR2699,POS832,NONPRIME,4552039054,CASH,HOME-DELIVERY,Ingraj Bazar,West Bengal,,583,Tab Top Curtains,1329.0,1,1329.0
79056748,1595689307899,STR7449,POS351,NONPRIME,9639928743,CASH,TAKEAWAY,,,,643,Blow torch,1955.0,2,3910.0
79056748,1595689307899,STR7449,POS351,NONPRIME,9639928743,CASH,TAKEAWAY,,,,318,Bofinger chair,1119.0,2,2238.0
79056748,1595689307899,STR7449,POS351,NONPRIME,9639928743,CASH,TAKEAWAY,,,,603,Sheer Curtains,1282.0,1,1282.0
43973698,1595689307899,STR6162,POS279,PRIME,2262471989,CASH,HOME-DELIVERY,Bellary,Karnataka,,278,Dining set,1940.0,1,1940.0
3513231,1595689307984,STR7262,POS182,PRIME,5378825053,CASH,HOME-DELIVERY,Allappuzha,Kerala,,293,Bar stool,1148.0,1,1148.0
3513231,1595689307984,STR7262,POS182,PRIME,5378825053,CASH,HOME-DELIVERY,Allappuzha,Kerala,,328,Dining chair,1223.0,1,1223.0
93464816,1595689307999,STR8311,POS377,NONPRIME,8670468851,CASH,TAKEAWAY,,,,463,Cookie jars,793.0,1,793.0
29508783,1595689307999,STR7188,POS956,PRIME,4629185211,CARD,TAKEAWAY,,,,293,Bar stool,1148.0,2,2296.0
29508783,1595689307999,STR7188,POS956,PRIME,4629185211,CARD,TAKEAWAY,,,,553,Banjo clock,1651.0,1,1651.0
49641157,1595689308084,STR7188,POS825,PRIME,7051101351,CASH,HOME-DELIVERY,Haridwar,Uttarakhand,,558,Balloon clock,1633.0,2,3266.0
49641157,1595689308084,STR7188,POS825,PRIME,7051101351,CASH,HOME-DELIVERY,Haridwar,Uttarakhand,,403,Adjustable Air Mattress,1417.0,2,2834.0
49641157,1595689308084,STR7188,POS825,PRIME,7051101351,CASH,HOME-DELIVERY,Haridwar,Uttarakhand,,258,Closet,1687.0,1,1687.0
49641157,1595689308084,STR7188,POS825,PRIME,7051101351,CASH,HOME-DELIVERY,Haridwar,Uttarakhand,,343,Massage chair,1354.0,1,1354.0
65078166,1595689308099,STR1955,POS992,NONPRIME,1482417862,CASH,TAKEAWAY,,,,553,Banjo clock,1651.0,1,1651.0
65078166,1595689308099,STR1955,POS992,NONPRIME,1482417862,CASH,TAKEAWAY,,,,283,Portable Lamps,2236.0,2,4472.0
65078166,1595689308099,STR1955,POS992,NONPRIME,1482417862,CASH,TAKEAWAY,,,,358,Restraint chair,1943.0,2,3886.0
65078166,1595689308099,STR1955,POS992,NONPRIME,1482417862,CASH,TAKEAWAY,,,,483,Teacups and saucers,1781.0,1,1781.0
23865493,1595689308099,STR3781,POS129,PRIME,4692642935,CASH,HOME-DELIVERY,Shivapuri,Madhya Pradesh,,258,Closet,1687.0,1,1687.0
23865493,1595689308099,STR3781,POS129,PRIME,4692642935,CASH,HOME-DELIVERY,Shivapuri,Madhya Pradesh,,513,Flip clock,1259.0,2,2518.0
